static const unsigned char vt100_font_ttf[] = {
  0x00, 0x01, 0x00, 0x00, 0x00, 0x10, 0x01, 0x00, 0x00, 0x04, 0x00, 0x00,
  0x46, 0x46, 0x54, 0x4d, 0x9f, 0xfc, 0xdd, 0xa3, 0x00, 0x00, 0x87, 0xe4,
  0x00, 0x00, 0x00, 0x1c, 0x47, 0x44, 0x45, 0x46, 0x01, 0x22, 0x01, 0x0c,
  0x00, 0x00, 0x87, 0xb8, 0x00, 0x00, 0x00, 0x2c, 0x4f, 0x53, 0x2f, 0x32,
  0x2b, 0xe7, 0x29, 0x64, 0x00, 0x00, 0x01, 0x88, 0x00, 0x00, 0x00, 0x60,
  0x63, 0x6d, 0x61, 0x70, 0xc4, 0xfa, 0xd4, 0x0b, 0x00, 0x00, 0x04, 0x44,
  0x00, 0x00, 0x02, 0x1e, 0x63, 0x76, 0x74, 0x20, 0xcb, 0x2d, 0x1d, 0x70,
  0x00, 0x00, 0x14, 0xb8, 0x00, 0x00, 0x01, 0x0c, 0x66, 0x70, 0x67, 0x6d,
  0x36, 0xb7, 0x9c, 0x36, 0x00, 0x00, 0x06, 0x64, 0x00, 0x00, 0x0d, 0x76,
  0x67, 0x61, 0x73, 0x70, 0x00, 0x00, 0x00, 0x10, 0x00, 0x00, 0x87, 0xb0,
  0x00, 0x00, 0x00, 0x08, 0x67, 0x6c, 0x79, 0x66, 0x0f, 0x08, 0x4c, 0x3d,
  0x00, 0x00, 0x16, 0xf4, 0x00, 0x00, 0x37, 0xb8, 0x68, 0x65, 0x61, 0x64,
  0x20, 0x60, 0x46, 0x79, 0x00, 0x00, 0x01, 0x0c, 0x00, 0x00, 0x00, 0x36,
  0x68, 0x68, 0x65, 0x61, 0x0c, 0x41, 0x06, 0xa0, 0x00, 0x00, 0x01, 0x44,
  0x00, 0x00, 0x00, 0x24, 0x68, 0x6d, 0x74, 0x78, 0x10, 0x6a, 0x4e, 0x5f,
  0x00, 0x00, 0x01, 0xe8, 0x00, 0x00, 0x02, 0x5a, 0x6c, 0x6f, 0x63, 0x61,
  0x3f, 0xb6, 0x4f, 0x10, 0x00, 0x00, 0x15, 0xc4, 0x00, 0x00, 0x01, 0x30,
  0x6d, 0x61, 0x78, 0x70, 0x03, 0x8d, 0x03, 0x05, 0x00, 0x00, 0x01, 0x68,
  0x00, 0x00, 0x00, 0x20, 0x6e, 0x61, 0x6d, 0x65, 0x8f, 0x73, 0xe9, 0xb9,
  0x00, 0x00, 0x4e, 0xac, 0x00, 0x00, 0x33, 0x09, 0x70, 0x6f, 0x73, 0x74,
  0x37, 0x11, 0x80, 0x22, 0x00, 0x00, 0x81, 0xb8, 0x00, 0x00, 0x05, 0xf8,
  0x70, 0x72, 0x65, 0x70, 0x9d, 0x9f, 0x89, 0xd8, 0x00, 0x00, 0x13, 0xdc,
  0x00, 0x00, 0x00, 0xdc, 0x00, 0x01, 0x00, 0x00, 0x00, 0x03, 0x00, 0xc5,
  0x67, 0x85, 0x82, 0x74, 0x5f, 0x0f, 0x3c, 0xf5, 0x00, 0x1f, 0x08, 0x00,
  0x00, 0x00, 0x00, 0x00, 0xd6, 0x13, 0xc2, 0x80, 0x00, 0x00, 0x00, 0x00,
  0xe6, 0x46, 0x38, 0x71, 0xff, 0xec, 0xfd, 0x9b, 0x04, 0xe5, 0x08, 0x2b,
  0x00, 0x00, 0x00, 0x08, 0x00, 0x02, 0x00, 0x00, 0x00, 0x00, 0x00, 0x00,
  0x00, 0x01, 0x00, 0x00, 0x07, 0x6d, 0xfe, 0x1d, 0x00, 0x00, 0x08, 0x00,
  0xff, 0xec, 0xff, 0xec, 0x04, 0xe5, 0x00, 0x01, 0x00, 0x00, 0x00, 0x00,
  0x00, 0x00, 0x00, 0x00, 0x00, 0x00, 0x00, 0x00, 0x00, 0x00, 0x00, 0x96,
  0x00, 0x01, 0x00, 0x00, 0x00, 0x97, 0x01, 0xb8, 0x00, 0x6e, 0x00, 0x00,
  0x00, 0x00, 0x00, 0x02, 0x00, 0x9a, 0x00, 0xac, 0x00, 0x8b, 0x00, 0x00,
  0x01, 0x62, 0x00, 0x9f, 0x00, 0x00, 0x00, 0x00, 0x00, 0x04, 0x05, 0x3e,
  0x01, 0x90, 0x00, 0x05, 0x00, 0x00, 0x05, 0x33, 0x04, 0xcc, 0x00, 0x00,
  0x00, 0x99, 0x05, 0x33, 0x04, 0xcc, 0x00, 0x00, 0x02, 0xcc, 0x00, 0x66,
  0x02, 0x12, 0x00, 0x00, 0x02, 0x0b, 0x06, 0x09, 0x03, 0x02, 0x02, 0x02,
  0x02, 0x04, 0xa5, 0x00, 0x06, 0xef, 0x10, 0x00, 0xb8, 0xfb, 0x00, 0x00,
  0x00, 0x20, 0x00, 0x00, 0x00, 0x00, 0x53, 0x52, 0x43, 0x00, 0x00, 0x40,
  0x00, 0x00, 0xfe, 0xff, 0x06, 0x14, 0xfe, 0x14, 0x01, 0x9a, 0x07, 0x6d,
  0x01, 0xe3, 0x20, 0x00, 0x01, 0x9f, 0xdf, 0xd7, 0x00, 0x00, 0x04, 0x60,
  0x05, 0xd5, 0x00, 0x00, 0x00, 0x20, 0x00, 0x01, 0x08, 0x00, 0x00, 0x00,
  0x00, 0x00, 0x00, 0x00, 0x04, 0xd1, 0x00, 0x00, 0x04, 0xd1, 0x00, 0x00,
  0x04, 0xd1, 0x01, 0xc6, 0x04, 0xd1, 0x01, 0x52, 0x04, 0xd1, 0x00, 0x02,
  0x04, 0xd1, 0x00, 0xbe, 0x04, 0xd1, 0x00, 0x21, 0x04, 0xd1, 0x00, 0x38,
  0x04, 0xd1, 0x02, 0x10, 0x04, 0xd1, 0x01, 0x28, 0x04, 0xd1, 0x01, 0xde,
  0x04, 0xd1, 0x00, 0x80, 0x04, 0xd1, 0x00, 0x58, 0x04, 0xd1, 0x01, 0x90,
  0x04, 0xd1, 0x00, 0xce, 0x04, 0xd1, 0x01, 0xc3, 0x04, 0xd1, 0x00, 0x66,
  0x04, 0xd1, 0x00, 0x85, 0x04, 0xd1, 0x00, 0xec, 0x04, 0xd1, 0x00, 0x98,
  0x04, 0xd1, 0x00, 0x95, 0x04, 0xd1, 0x00, 0x66, 0x04, 0xd1, 0x00, 0x8f,
  0x04, 0xd1, 0x00, 0x85, 0x04, 0xd1, 0x00, 0x8b, 0x04, 0xd1, 0x00, 0x83,
  0x04, 0xd1, 0x00, 0x7f, 0x04, 0xd1, 0x01, 0xca, 0x04, 0xd1, 0x01, 0x8a,
  0x04, 0xd1, 0x00, 0x58, 0x04, 0xd1, 0x00, 0x58, 0x04, 0xd1, 0x00, 0x58,
  0x04, 0xd1, 0x00, 0xf4, 0x04, 0xd1, 0x00, 0x1b, 0x04, 0xd1, 0x00, 0x25,
  0x04, 0xd1, 0x00, 0xa6, 0x04, 0xd1, 0x00, 0x8b, 0x04, 0xd1, 0x00, 0x89,
  0x04, 0xd1, 0x00, 0xc5, 0x04, 0xd1, 0x00, 0xe9, 0x04, 0xd1, 0x00, 0x66,
  0x04, 0xd1, 0x00, 0x89, 0x04, 0xd1, 0x00, 0xc9, 0x04, 0xd1, 0x00, 0x6d,
  0x04, 0xd1, 0x00, 0x89, 0x04, 0xd1, 0x00, 0xd7, 0x04, 0xd1, 0x00, 0x56,
  0x04, 0xd1, 0x00, 0x8b, 0x04, 0xd1, 0x00, 0x75, 0x04, 0xd1, 0x00, 0xac,
  0x04, 0xd1, 0x00, 0x72, 0x04, 0xd1, 0x00, 0x8f, 0x04, 0xd1, 0x00, 0x8b,
  0x04, 0xd1, 0x00, 0x2f, 0x04, 0xd1, 0x00, 0x93, 0x04, 0xd1, 0x00, 0x39,
  0x04, 0xd1, 0x00, 0x00, 0x04, 0xd1, 0x00, 0x12, 0x04, 0xd1, 0x00, 0x25,
  0x04, 0xd1, 0x00, 0x6e, 0x04, 0xd1, 0x01, 0x43, 0x04, 0xd1, 0x00, 0x80,
  0x04, 0xd1, 0x01, 0x1e, 0x04, 0xd1, 0x00, 0x48, 0x04, 0xd1, 0x00, 0x5e,
  0x04, 0xd1, 0x01, 0x17, 0x04, 0xd1, 0x00, 0x88, 0x04, 0xd1, 0x00, 0xc1,
  0x04, 0xd1, 0x00, 0xa4, 0x04, 0xd1, 0x00, 0x7b, 0x04, 0xd1, 0x00, 0x7c,
  0x04, 0xd1, 0x00, 0xa7, 0x04, 0xd1, 0x00, 0x97, 0x04, 0xd1, 0x00, 0xc3,
  0x04, 0xd1, 0x01, 0x0c, 0x04, 0xd1, 0x00, 0xee, 0x04, 0xd1, 0x00, 0xe2,
  0x04, 0xd1, 0x00, 0xb4, 0x04, 0xd1, 0x00, 0x6d, 0x04, 0xd1, 0x00, 0xc3,
  0x04, 0xd1, 0x00, 0x89, 0x04, 0xd1, 0x00, 0xbe, 0x04, 0xd1, 0x00, 0x89,
  0x04, 0xd1, 0x01, 0x2e, 0x04, 0xd1, 0x00, 0xd5, 0x04, 0xd1, 0x00, 0x83,
  0x04, 0xd1, 0x00, 0xc3, 0x04, 0xd1, 0x00, 0x64, 0x04, 0xd1, 0x00, 0x00,
  0x04, 0xd1, 0x00, 0x4c, 0x04, 0xd1, 0x00, 0x68, 0x04, 0xd1, 0x00, 0xcb,
  0x04, 0xd1, 0x00, 0x7f, 0x04, 0xd1, 0x02, 0x12, 0x04, 0xd1, 0x01, 0x05,
  0x04, 0xd1, 0x00, 0x54, 0x04, 0xd1, 0x00, 0x00, 0x04, 0xd1, 0x00, 0x8b,
  0x04, 0xd1, 0x01, 0x2b, 0x04, 0xd1, 0x00, 0x58, 0x04, 0xd1, 0x01, 0xc6,
  0x04, 0xd1, 0x00, 0x50, 0x04, 0xd1, 0x00, 0x58, 0x04, 0xd1, 0x00, 0x56,
  0x04, 0xd1, 0x00, 0x58, 0x08, 0x00, 0x00, 0x00, 0x08, 0x00, 0x00, 0x00,
  0x08, 0x00, 0x00, 0x00, 0x08, 0x00, 0x00, 0x00, 0x08, 0x00, 0x00, 0x00,
  0x08, 0x00, 0x00, 0x00, 0x08, 0x00, 0x00, 0x00, 0x08, 0x00, 0x00, 0x00,
  0x08, 0x00, 0x00, 0x00, 0x08, 0x00, 0x00, 0x00, 0x08, 0x00, 0x00, 0x00,
  0x08, 0x00, 0x00, 0x00, 0x08, 0x00, 0x00, 0x00, 0x08, 0x00, 0x00, 0x00,
  0x08, 0x00, 0x00, 0x00, 0x08, 0x00, 0x00, 0x00, 0x08, 0x00, 0x00, 0x00,
  0x08, 0x00, 0x00, 0x00, 0x08, 0x00, 0x00, 0x00, 0x08, 0x00, 0x00, 0x00,
  0x04, 0xd1, 0xff, 0xec, 0x04, 0xd1, 0xff, 0xec, 0x04, 0xd1, 0xff, 0xec,
  0x04, 0xd1, 0xff, 0xec, 0x04, 0xcc, 0x00, 0x57, 0x04, 0xcc, 0x00, 0x9c,
  0x04, 0xcc, 0x00, 0x1a, 0x04, 0xcc, 0x00, 0x76, 0x04, 0xcc, 0x00, 0x41,
  0x04, 0xcc, 0x00, 0x5b, 0x04, 0xd1, 0xff, 0xec, 0x04, 0xd1, 0x02, 0x18,
  0x04, 0xd1, 0x02, 0x18, 0x04, 0xd1, 0xff, 0xec, 0x04, 0xd1, 0x02, 0x18,
  0x04, 0xd1, 0xff, 0xec, 0x04, 0xd1, 0x02, 0x18, 0x04, 0xd1, 0xff, 0xec,
  0x04, 0xd1, 0xff, 0xec, 0x04, 0xd1, 0xff, 0xec, 0x04, 0xd1, 0xff, 0xec,
  0x04, 0xcd, 0xff, 0xfe, 0x04, 0xd1, 0x00, 0x75, 0x00, 0x00, 0x00, 0x00,
  0x00, 0x00, 0x00, 0x03, 0x00, 0x00, 0x00, 0x03, 0x00, 0x00, 0x00, 0x1c,
  0x00, 0x01, 0x00, 0x00, 0x00, 0x00, 0x01, 0x18, 0x00, 0x03, 0x00, 0x01,
  0x00, 0x00, 0x00, 0x1c, 0x00, 0x04, 0x00, 0xfc, 0x00, 0x00, 0x00, 0x2c,
  0x00, 0x20, 0x00, 0x04, 0x00, 0x0c, 0x00, 0x00, 0x00, 0x0d, 0x00, 0x7e,
  0x00, 0xa3, 0x00, 0xb1, 0x00, 0xb7, 0x03, 0xc0, 0x22, 0x65, 0x23, 0xae,
  0x23, 0xbd, 0x24, 0x0d, 0x24, 0x24, 0x25, 0x02, 0x25, 0x1c, 0x25, 0x24,
  0x25, 0x2c, 0x25, 0x34, 0x25, 0x3c, 0x25, 0x92, 0x25, 0xc6, 0xfe, 0xff,
  0xff, 0xff, 0x00, 0x00, 0x00, 0x00, 0x00, 0x0d, 0x00, 0x20, 0x00, 0xa0,
  0x00, 0xb0, 0x00, 0xb7, 0x03, 0xc0, 0x22, 0x60, 0x23, 0x9b, 0x23, 0xba,
  0x24, 0x09, 0x24, 0x24, 0x25, 0x00, 0x25, 0x0c, 0x25, 0x24, 0x25, 0x2c,
  0x25, 0x34, 0x25, 0x3c, 0x25, 0x92, 0x25, 0xc6, 0xfe, 0xff, 0xff, 0xff,
  0x00, 0x01, 0xff, 0xf5, 0xff, 0xe3, 0x00, 0x00, 0xff, 0xb4, 0xff, 0xaf,
  0xfc, 0xa7, 0x00, 0x00, 0xdc, 0xd0, 0xdc, 0xc5, 0xdc, 0x7a, 0xdc, 0x64,
  0x00, 0x00, 0x00, 0x00, 0xdb, 0x6c, 0xdb, 0x65, 0xdb, 0x5e, 0xdb, 0x57,
  0xdb, 0x02, 0xda, 0xcf, 0x01, 0x97, 0x00, 0x01, 0x00, 0x00, 0x00, 0x00,
  0x00, 0x00, 0x00, 0x26, 0x00, 0x00, 0x00, 0x00, 0x00, 0x00, 0x00, 0x26,
  0x00, 0x00, 0x00, 0x00, 0x00, 0x00, 0x00, 0x00, 0x00, 0x28, 0x00, 0x2c,
  0x00, 0x00, 0x00, 0x00, 0x00, 0x00, 0x00, 0x00, 0x00, 0x00, 0x00, 0x00,
  0x00, 0x00, 0x00, 0x00, 0x00, 0x62, 0x00, 0x00, 0x00, 0x00, 0x00, 0x63,
  0x00, 0x68, 0x00, 0x00, 0x00, 0x00, 0x00, 0x00, 0x00, 0x69, 0x00, 0x6a,
  0x00, 0x89, 0x00, 0x00, 0x00, 0x8a, 0x00, 0x8b, 0x00, 0x00, 0x00, 0x00,
  0x00, 0x00, 0x00, 0x8c, 0x00, 0x00, 0x00, 0x00, 0x00, 0x00, 0x00, 0x8d,
  0x00, 0x00, 0x00, 0x00, 0x00, 0x00, 0x00, 0x8e, 0x00, 0x00, 0x00, 0x00,
  0x00, 0x00, 0x00, 0x8f, 0x00, 0x00, 0x01, 0x06, 0x00, 0x00, 0x01, 0x00,
  0x00, 0x00, 0x00, 0x00, 0x00, 0x00, 0x01, 0x02, 0x00, 0x00, 0x00, 0x02,
  0x00, 0x00, 0x00, 0x00, 0x00, 0x00, 0x00, 0x00, 0x00, 0x00, 0x00, 0x00,
  0x00, 0x00, 0x00, 0x01, 0x00, 0x00, 0x03, 0x04, 0x05, 0x06, 0x07, 0x08,
  0x09, 0x0a, 0x0b, 0x0c, 0x0d, 0x0e, 0x0f, 0x10, 0x11, 0x12, 0x13, 0x14,
  0x15, 0x16, 0x17, 0x18, 0x19, 0x1a, 0x1b, 0x1c, 0x1d, 0x1e, 0x1f, 0x20,
  0x21, 0x22, 0x23, 0x24, 0x25, 0x26, 0x27, 0x28, 0x29, 0x2a, 0x2b, 0x2c,
  0x2d, 0x2e, 0x2f, 0x30, 0x31, 0x32, 0x33, 0x34, 0x35, 0x36, 0x37, 0x38,
  0x39, 0x3a, 0x3b, 0x3c, 0x3d, 0x3e, 0x3f, 0x40, 0x41, 0x42, 0x43, 0x44,
  0x45, 0x46, 0x47, 0x48, 0x49, 0x4a, 0x4b, 0x4c, 0x4d, 0x4e, 0x4f, 0x50,
  0x51, 0x52, 0x53, 0x54, 0x55, 0x56, 0x57, 0x58, 0x59, 0x5a, 0x5b, 0x5c,
  0x5d, 0x5e, 0x5f, 0x60, 0x61, 0x00, 0x00, 0x00, 0x00, 0x00, 0x00, 0x00,
  0x00, 0x00, 0x00, 0x00, 0x00, 0x00, 0x00, 0x00, 0x00, 0x00, 0x00, 0x00,
  0x00, 0x00, 0x00, 0x00, 0x00, 0x00, 0x00, 0x00, 0x00, 0x00, 0x00, 0x00,
  0x00, 0x00, 0x00, 0x64, 0x00, 0x63, 0x00, 0x00, 0x00, 0x00, 0x00, 0x00,
  0x00, 0x00, 0x00, 0x68, 0x00, 0x00, 0x00, 0x65, 0x69, 0x6a, 0x00, 0x00,
  0x00, 0x00, 0x00, 0x67, 0x00, 0x00, 0x00, 0x00, 0x00, 0x00, 0x00, 0x00,
  0x00, 0x00, 0x00, 0x00, 0x00, 0x00, 0x00, 0x00, 0x62, 0x00, 0x00, 0x00,
  0x00, 0x00, 0x00, 0x00, 0x00, 0x00, 0x00, 0x00, 0x00, 0x00, 0x00, 0x00,
  0x00, 0x00, 0x00, 0x00, 0x00, 0x00, 0x00, 0x66, 0x00, 0x00, 0x00, 0x00,
  0x00, 0x00, 0x00, 0x00, 0x00, 0x00, 0x00, 0x00, 0x00, 0x00, 0x00, 0x00,
  0x00, 0x00, 0x00, 0x00, 0x00, 0x00, 0x00, 0x00, 0x00, 0x00, 0x00, 0x00,
  0x00, 0x00, 0x00, 0x00, 0xb0, 0x00, 0x2c, 0x20, 0xb0, 0x00, 0x55, 0x58,
  0x45, 0x59, 0x20, 0x20, 0x4b, 0xb8, 0x00, 0x0a, 0x51, 0x4b, 0xb0, 0x06,
  0x53, 0x5a, 0x58, 0xb0, 0x34, 0x1b, 0xb0, 0x28, 0x59, 0x60, 0x66, 0x20,
  0x8a, 0x55, 0x58, 0xb0, 0x02, 0x25, 0x61, 0xb9, 0x08, 0x00, 0x08, 0x00,
  0x63, 0x63, 0x23, 0x62, 0x1b, 0x21, 0x21, 0xb0, 0x00, 0x59, 0xb0, 0x00,
  0x43, 0x23, 0x44, 0xb2, 0x00, 0x01, 0x00, 0x43, 0x60, 0x42, 0x2d, 0xb0,
  0x01, 0x2c, 0xb0, 0x20, 0x60, 0x66, 0x2d, 0xb0, 0x02, 0x2c, 0x20, 0x64,
  0x20, 0xb0, 0xc0, 0x50, 0xb0, 0x04, 0x26, 0x5a, 0xb2, 0x28, 0x01, 0x0b,
  0x43, 0x45, 0x63, 0x45, 0xb0, 0x06, 0x45, 0x58, 0x21, 0xb0, 0x03, 0x25,
  0x59, 0x52, 0x5b, 0x58, 0x21, 0x23, 0x21, 0x1b, 0x8a, 0x58, 0x20, 0xb0,
  0x50, 0x50, 0x58, 0x21, 0xb0, 0x40, 0x59, 0x1b, 0x20, 0xb0, 0x38, 0x50,
  0x58, 0x21, 0xb0, 0x38, 0x59, 0x59, 0x20, 0xb1, 0x01, 0x0b, 0x43, 0x45,
  0x63, 0x45, 0x61, 0x64, 0xb0, 0x28, 0x50, 0x58, 0x21, 0xb1, 0x01, 0x0b,
  0x43, 0x45, 0x63, 0x45, 0x20, 0xb0, 0x30, 0x50, 0x58, 0x21, 0xb0, 0x30,
  0x59, 0x1b, 0x20, 0xb0, 0xc0, 0x50, 0x58, 0x20, 0x66, 0x20, 0x8a, 0x8a,
  0x61, 0x20, 0xb0, 0x0a, 0x50, 0x58, 0x60, 0x1b, 0x20, 0xb0, 0x20, 0x50,
  0x58, 0x21, 0xb0, 0x0a, 0x60, 0x1b, 0x20, 0xb0, 0x36, 0x50, 0x58, 0x21,
  0xb0, 0x36, 0x60, 0x1b, 0x60, 0x59, 0x59, 0x59, 0x1b, 0xb0, 0x02, 0x25,
  0xb0, 0x0a, 0x43, 0x63, 0xb0, 0x00, 0x52, 0x58, 0xb0, 0x00, 0x4b, 0xb0,
  0x0a, 0x50, 0x58, 0x21, 0xb0, 0x0a, 0x43, 0x1b, 0x4b, 0xb0, 0x1e, 0x50,
  0x58, 0x21, 0xb0, 0x1e, 0x4b, 0x61, 0xb8, 0x10, 0x00, 0x63, 0xb0, 0x0a,
  0x43, 0x63, 0xb8, 0x05, 0x00, 0x62, 0x59, 0x59, 0x64, 0x61, 0x59, 0xb0,
  0x01, 0x2b, 0x59, 0x59, 0x23, 0xb0, 0x00, 0x50, 0x58, 0x65, 0x59, 0x59,
  0x2d, 0xb0, 0x03, 0x2c, 0x20, 0x45, 0x20, 0xb0, 0x04, 0x25, 0x61, 0x64,
  0x20, 0xb0, 0x05, 0x43, 0x50, 0x58, 0xb0, 0x05, 0x23, 0x42, 0xb0, 0x06,
  0x23, 0x42, 0x1b, 0x21, 0x21, 0x59, 0xb0, 0x01, 0x60, 0x2d, 0xb0, 0x04,
  0x2c, 0x23, 0x21, 0x23, 0x21, 0x20, 0x64, 0xb1, 0x05, 0x62, 0x42, 0x20,
  0xb0, 0x06, 0x23, 0x42, 0xb0, 0x06, 0x45, 0x58, 0x1b, 0xb1, 0x01, 0x0b,
  0x43, 0x45, 0x63, 0xb1, 0x01, 0x0b, 0x43, 0xb0, 0x06, 0x60, 0x45, 0x63,
  0xb0, 0x03, 0x2a, 0x21, 0x20, 0xb0, 0x06, 0x43, 0x20, 0x8a, 0x20, 0x8a,
  0xb0, 0x01, 0x2b, 0xb1, 0x30, 0x05, 0x25, 0xb0, 0x04, 0x26, 0x51, 0x58,
  0x60, 0x50, 0x1b, 0x61, 0x52, 0x59, 0x58, 0x23, 0x59, 0x21, 0x59, 0x20,
  0xb0, 0x40, 0x53, 0x58, 0xb0, 0x01, 0x2b, 0x1b, 0x21, 0xb0, 0x40, 0x59,
  0x23, 0xb0, 0x00, 0x50, 0x58, 0x65, 0x59, 0x2d, 0xb0, 0x05, 0x2c, 0xb0,
  0x07, 0x43, 0x2b, 0xb2, 0x00, 0x02, 0x00, 0x43, 0x60, 0x42, 0x2d, 0xb0,
  0x06, 0x2c, 0xb0, 0x07, 0x23, 0x42, 0x23, 0x20, 0xb0, 0x00, 0x23, 0x42,
  0x61, 0xb0, 0x02, 0x62, 0x66, 0xb0, 0x01, 0x63, 0xb0, 0x01, 0x60, 0xb0,
  0x05, 0x2a, 0x2d, 0xb0, 0x07, 0x2c, 0x20, 0x20, 0x45, 0x20, 0xb0, 0x0c,
  0x43, 0x63, 0xb8, 0x04, 0x00, 0x62, 0x20, 0xb0, 0x00, 0x50, 0x58, 0xb0,
  0x40, 0x60, 0x59, 0x66, 0xb0, 0x01, 0x63, 0x60, 0x44, 0xb0, 0x01, 0x60,
  0x2d, 0xb0, 0x08, 0x2c, 0xb2, 0x07, 0x0c, 0x00, 0x43, 0x45, 0x42, 0x2a,
  0x21, 0xb2, 0x00, 0x01, 0x00, 0x43, 0x60, 0x42, 0x2d, 0xb0, 0x09, 0x2c,
  0xb0, 0x00, 0x43, 0x23, 0x44, 0xb2, 0x00, 0x01, 0x00, 0x43, 0x60, 0x42,
  0x2d, 0xb0, 0x0a, 0x2c, 0x20, 0x20, 0x45, 0x20, 0xb0, 0x01, 0x2b, 0x23,
  0xb0, 0x00, 0x43, 0xb0, 0x04, 0x25, 0x60, 0x20, 0x45, 0x8a, 0x23, 0x61,
  0x20, 0x64, 0x20, 0xb0, 0x20, 0x50, 0x58, 0x21, 0xb0, 0x00, 0x1b, 0xb0,
  0x30, 0x50, 0x58, 0xb0, 0x20, 0x1b, 0xb0, 0x40, 0x59, 0x59, 0x23, 0xb0,
  0x00, 0x50, 0x58, 0x65, 0x59, 0xb0, 0x03, 0x25, 0x23, 0x61, 0x44, 0x44,
  0xb0, 0x01, 0x60, 0x2d, 0xb0, 0x0b, 0x2c, 0x20, 0x20, 0x45, 0x20, 0xb0,
  0x01, 0x2b, 0x23, 0xb0, 0x00, 0x43, 0xb0, 0x04, 0x25, 0x60, 0x20, 0x45,
  0x8a, 0x23, 0x61, 0x20, 0x64, 0xb0, 0x24, 0x50, 0x58, 0xb0, 0x00, 0x1b,
  0xb0, 0x40, 0x59, 0x23, 0xb0, 0x00, 0x50, 0x58, 0x65, 0x59, 0xb0, 0x03,
  0x25, 0x23, 0x61, 0x44, 0x44, 0xb0, 0x01, 0x60, 0x2d, 0xb0, 0x0c, 0x2c,
  0x20, 0xb0, 0x00, 0x23, 0x42, 0xb2, 0x0b, 0x0a, 0x03, 0x45, 0x58, 0x21,
  0x1b, 0x23, 0x21, 0x59, 0x2a, 0x21, 0x2d, 0xb0, 0x0d, 0x2c, 0xb1, 0x02,
  0x02, 0x45, 0xb0, 0x64, 0x61, 0x44, 0x2d, 0xb0, 0x0e, 0x2c, 0xb0, 0x01,
  0x60, 0x20, 0x20, 0xb0, 0x0d, 0x43, 0x4a, 0xb0, 0x00, 0x50, 0x58, 0x20,
  0xb0, 0x0d, 0x23, 0x42, 0x59, 0xb0, 0x0e, 0x43, 0x4a, 0xb0, 0x00, 0x52,
  0x58, 0x20, 0xb0, 0x0e, 0x23, 0x42, 0x59, 0x2d, 0xb0, 0x0f, 0x2c, 0x20,
  0xb0, 0x10, 0x62, 0x66, 0xb0, 0x01, 0x63, 0x20, 0xb8, 0x04, 0x00, 0x63,
  0x8a, 0x23, 0x61, 0xb0, 0x0f, 0x43, 0x60, 0x20, 0x8a, 0x60, 0x20, 0xb0,
  0x0f, 0x23, 0x42, 0x23, 0x2d, 0xb0, 0x10, 0x2c, 0x4b, 0x54, 0x58, 0xb1,
  0x04, 0x64, 0x44, 0x59, 0x24, 0xb0, 0x0d, 0x65, 0x23, 0x78, 0x2d, 0xb0,
  0x11, 0x2c, 0x4b, 0x51, 0x58, 0x4b, 0x53, 0x58, 0xb1, 0x04, 0x64, 0x44,
  0x59, 0x1b, 0x21, 0x59, 0x24, 0xb0, 0x13, 0x65, 0x23, 0x78, 0x2d, 0xb0,
  0x12, 0x2c, 0xb1, 0x00, 0x10, 0x43, 0x55, 0x58, 0xb1, 0x10, 0x10, 0x43,
  0xb0, 0x01, 0x61, 0x42, 0xb0, 0x0f, 0x2b, 0x59, 0xb0, 0x00, 0x43, 0xb0,
  0x02, 0x25, 0x42, 0xb1, 0x0d, 0x02, 0x25, 0x42, 0xb1, 0x0e, 0x02, 0x25,
  0x42, 0xb0, 0x01, 0x16, 0x23, 0x20, 0xb0, 0x03, 0x25, 0x50, 0x58, 0xb1,
  0x01, 0x00, 0x43, 0x60, 0xb0, 0x04, 0x25, 0x42, 0x8a, 0x8a, 0x20, 0x8a,
  0x23, 0x61, 0xb0, 0x0e, 0x2a, 0x21, 0x23, 0xb0, 0x01, 0x61, 0x20, 0x8a,
  0x23, 0x61, 0xb0, 0x0e, 0x2a, 0x21, 0x1b, 0xb1, 0x01, 0x00, 0x43, 0x60,
  0xb0, 0x02, 0x25, 0x42, 0xb0, 0x02, 0x25, 0x61, 0xb0, 0x0e, 0x2a, 0x21,
  0x59, 0xb0, 0x0d, 0x43, 0x47, 0xb0, 0x0e, 0x43, 0x47, 0x60, 0xb0, 0x02,
  0x62, 0x20, 0xb0, 0x00, 0x50, 0x58, 0xb0, 0x40, 0x60, 0x59, 0x66, 0xb0,
  0x01, 0x63, 0x20, 0xb0, 0x0c, 0x43, 0x63, 0xb8, 0x04, 0x00, 0x62, 0x20,
  0xb0, 0x00, 0x50, 0x58, 0xb0, 0x40, 0x60, 0x59, 0x66, 0xb0, 0x01, 0x63,
  0x60, 0xb1, 0x00, 0x00, 0x13, 0x23, 0x44, 0xb0, 0x01, 0x43, 0xb0, 0x00,
  0x3e, 0xb2, 0x01, 0x01, 0x01, 0x43, 0x60, 0x42, 0x2d, 0xb0, 0x13, 0x2c,
  0x00, 0xb1, 0x00, 0x02, 0x45, 0x54, 0x58, 0xb0, 0x10, 0x23, 0x42, 0x20,
  0x45, 0xb0, 0x0c, 0x23, 0x42, 0xb0, 0x0b, 0x23, 0xb0, 0x06, 0x60, 0x42,
  0x20, 0x60, 0xb0, 0x01, 0x61, 0xb5, 0x12, 0x12, 0x01, 0x00, 0x0f, 0x00,
  0x42, 0x42, 0x8a, 0x60, 0xb1, 0x12, 0x06, 0x2b, 0xb0, 0x89, 0x2b, 0xb0,
  0x01, 0x16, 0x1b, 0x22, 0x59, 0x2d, 0xb0, 0x14, 0x2c, 0xb1, 0x00, 0x13,
  0x2b, 0x2d, 0xb0, 0x15, 0x2c, 0xb1, 0x01, 0x13, 0x2b, 0x2d, 0xb0, 0x16,
  0x2c, 0xb1, 0x02, 0x13, 0x2b, 0x2d, 0xb0, 0x17, 0x2c, 0xb1, 0x03, 0x13,
  0x2b, 0x2d, 0xb0, 0x18, 0x2c, 0xb1, 0x04, 0x13, 0x2b, 0x2d, 0xb0, 0x19,
  0x2c, 0xb1, 0x05, 0x13, 0x2b, 0x2d, 0xb0, 0x1a, 0x2c, 0xb1, 0x06, 0x13,
  0x2b, 0x2d, 0xb0, 0x1b, 0x2c, 0xb1, 0x07, 0x13, 0x2b, 0x2d, 0xb0, 0x1c,
  0x2c, 0xb1, 0x08, 0x13, 0x2b, 0x2d, 0xb0, 0x1d, 0x2c, 0xb1, 0x09, 0x13,
  0x2b, 0x2d, 0xb0, 0x29, 0x2c, 0x23, 0x20, 0xb0, 0x10, 0x62, 0x66, 0xb0,
  0x01, 0x63, 0xb0, 0x06, 0x60, 0x4b, 0x54, 0x58, 0x23, 0x20, 0x2e, 0xb0,
  0x01, 0x5d, 0x1b, 0x21, 0x21, 0x59, 0x2d, 0xb0, 0x2a, 0x2c, 0x23, 0x20,
  0xb0, 0x10, 0x62, 0x66, 0xb0, 0x01, 0x63, 0xb0, 0x16, 0x60, 0x4b, 0x54,
  0x58, 0x23, 0x20, 0x2e, 0xb0, 0x01, 0x71, 0x1b, 0x21, 0x21, 0x59, 0x2d,
  0xb0, 0x2b, 0x2c, 0x23, 0x20, 0xb0, 0x10, 0x62, 0x66, 0xb0, 0x01, 0x63,
  0xb0, 0x26, 0x60, 0x4b, 0x54, 0x58, 0x23, 0x20, 0x2e, 0xb0, 0x01, 0x72,
  0x1b, 0x21, 0x21, 0x59, 0x2d, 0xb0, 0x1e, 0x2c, 0x00, 0xb0, 0x0d, 0x2b,
  0xb1, 0x00, 0x02, 0x45, 0x54, 0x58, 0xb0, 0x10, 0x23, 0x42, 0x20, 0x45,
  0xb0, 0x0c, 0x23, 0x42, 0xb0, 0x0b, 0x23, 0xb0, 0x06, 0x60, 0x42, 0x20,
  0x60, 0xb0, 0x01, 0x61, 0xb5, 0x12, 0x12, 0x01, 0x00, 0x0f, 0x00, 0x42,
  0x42, 0x8a, 0x60, 0xb1, 0x12, 0x06, 0x2b, 0xb0, 0x89, 0x2b, 0xb0, 0x01,
  0x16, 0x1b, 0x22, 0x59, 0x2d, 0xb0, 0x1f, 0x2c, 0xb1, 0x00, 0x1e, 0x2b,
  0x2d, 0xb0, 0x20, 0x2c, 0xb1, 0x01, 0x1e, 0x2b, 0x2d, 0xb0, 0x21, 0x2c,
  0xb1, 0x02, 0x1e, 0x2b, 0x2d, 0xb0, 0x22, 0x2c, 0xb1, 0x03, 0x1e, 0x2b,
  0x2d, 0xb0, 0x23, 0x2c, 0xb1, 0x04, 0x1e, 0x2b, 0x2d, 0xb0, 0x24, 0x2c,
  0xb1, 0x05, 0x1e, 0x2b, 0x2d, 0xb0, 0x25, 0x2c, 0xb1, 0x06, 0x1e, 0x2b,
  0x2d, 0xb0, 0x26, 0x2c, 0xb1, 0x07, 0x1e, 0x2b, 0x2d, 0xb0, 0x27, 0x2c,
  0xb1, 0x08, 0x1e, 0x2b, 0x2d, 0xb0, 0x28, 0x2c, 0xb1, 0x09, 0x1e, 0x2b,
  0x2d, 0xb0, 0x2c, 0x2c, 0x20, 0x3c, 0xb0, 0x01, 0x60, 0x2d, 0xb0, 0x2d,
  0x2c, 0x20, 0x60, 0xb0, 0x12, 0x60, 0x20, 0x43, 0x23, 0xb0, 0x01, 0x60,
  0x43, 0xb0, 0x02, 0x25, 0x61, 0xb0, 0x01, 0x60, 0xb0, 0x2c, 0x2a, 0x21,
  0x2d, 0xb0, 0x2e, 0x2c, 0xb0, 0x2d, 0x2b, 0xb0, 0x2d, 0x2a, 0x2d, 0xb0,
  0x2f, 0x2c, 0x20, 0x20, 0x47, 0x20, 0x20, 0xb0, 0x0c, 0x43, 0x63, 0xb8,
  0x04, 0x00, 0x62, 0x20, 0xb0, 0x00, 0x50, 0x58, 0xb0, 0x40, 0x60, 0x59,
  0x66, 0xb0, 0x01, 0x63, 0x60, 0x23, 0x61, 0x38, 0x23, 0x20, 0x8a, 0x55,
  0x58, 0x20, 0x47, 0x20, 0x20, 0xb0, 0x0c, 0x43, 0x63, 0xb8, 0x04, 0x00,
  0x62, 0x20, 0xb0, 0x00, 0x50, 0x58, 0xb0, 0x40, 0x60, 0x59, 0x66, 0xb0,
  0x01, 0x63, 0x60, 0x23, 0x61, 0x38, 0x1b, 0x21, 0x59, 0x2d, 0xb0, 0x30,
  0x2c, 0x00, 0xb1, 0x00, 0x02, 0x45, 0x54, 0x58, 0xb1, 0x0c, 0x0b, 0x45,
  0x42, 0xb0, 0x01, 0x16, 0xb0, 0x2f, 0x2a, 0xb1, 0x05, 0x01, 0x15, 0x45,
  0x58, 0x30, 0x59, 0x1b, 0x22, 0x59, 0x2d, 0xb0, 0x31, 0x2c, 0x00, 0xb0,
  0x0d, 0x2b, 0xb1, 0x00, 0x02, 0x45, 0x54, 0x58, 0xb1, 0x0c, 0x0b, 0x45,
  0x42, 0xb0, 0x01, 0x16, 0xb0, 0x2f, 0x2a, 0xb1, 0x05, 0x01, 0x15, 0x45,
  0x58, 0x30, 0x59, 0x1b, 0x22, 0x59, 0x2d, 0xb0, 0x32, 0x2c, 0x20, 0x35,
  0xb0, 0x01, 0x60, 0x2d, 0xb0, 0x33, 0x2c, 0x00, 0xb1, 0x0c, 0x0b, 0x45,
  0x42, 0xb0, 0x01, 0x45, 0x63, 0xb8, 0x04, 0x00, 0x62, 0x20, 0xb0, 0x00,
  0x50, 0x58, 0xb0, 0x40, 0x60, 0x59, 0x66, 0xb0, 0x01, 0x63, 0xb0, 0x01,
  0x2b, 0xb0, 0x0c, 0x43, 0x63, 0xb8, 0x04, 0x00, 0x62, 0x20, 0xb0, 0x00,
  0x50, 0x58, 0xb0, 0x40, 0x60, 0x59, 0x66, 0xb0, 0x01, 0x63, 0xb0, 0x01,
  0x2b, 0xb0, 0x00, 0x16, 0xb4, 0x00, 0x00, 0x00, 0x00, 0x00, 0x44, 0x3e,
  0x23, 0x38, 0xb1, 0x32, 0x01, 0x15, 0x2a, 0x21, 0xb0, 0x01, 0x16, 0x2d,
  0xb0, 0x34, 0x2c, 0x20, 0x3c, 0x20, 0x47, 0x20, 0xb0, 0x0c, 0x43, 0x63,
  0xb8, 0x04, 0x00, 0x62, 0x20, 0xb0, 0x00, 0x50, 0x58, 0xb0, 0x40, 0x60,
  0x59, 0x66, 0xb0, 0x01, 0x63, 0x60, 0xb0, 0x00, 0x43, 0x61, 0x38, 0x2d,
  0xb0, 0x35, 0x2c, 0x2e, 0x17, 0x3c, 0x2d, 0xb0, 0x36, 0x2c, 0x20, 0x3c,
  0x20, 0x47, 0x20, 0xb0, 0x0c, 0x43, 0x63, 0xb8, 0x04, 0x00, 0x62, 0x20,
  0xb0, 0x00, 0x50, 0x58, 0xb0, 0x40, 0x60, 0x59, 0x66, 0xb0, 0x01, 0x63,
  0x60, 0xb0, 0x00, 0x43, 0x61, 0xb0, 0x01, 0x43, 0x63, 0x38, 0x2d, 0xb0,
  0x37, 0x2c, 0xb1, 0x02, 0x00, 0x16, 0x25, 0x20, 0x2e, 0x20, 0x47, 0xb0,
  0x00, 0x23, 0x42, 0xb0, 0x02, 0x25, 0x49, 0x8a, 0x8a, 0x47, 0x23, 0x47,
  0x23, 0x61, 0x20, 0x58, 0x62, 0x1b, 0x21, 0x59, 0xb0, 0x01, 0x23, 0x42,
  0xb2, 0x36, 0x01, 0x01, 0x15, 0x14, 0x2a, 0x2d, 0xb0, 0x38, 0x2c, 0xb0,
  0x00, 0x16, 0xb0, 0x11, 0x23, 0x42, 0xb0, 0x04, 0x25, 0xb0, 0x04, 0x25,
  0x47, 0x23, 0x47, 0x23, 0x61, 0xb1, 0x0a, 0x00, 0x42, 0xb0, 0x09, 0x43,
  0x2b, 0x65, 0x8a, 0x2e, 0x23, 0x20, 0x20, 0x3c, 0x8a, 0x38, 0x2d, 0xb0,
  0x39, 0x2c, 0xb0, 0x00, 0x16, 0xb0, 0x11, 0x23, 0x42, 0xb0, 0x04, 0x25,
  0xb0, 0x04, 0x25, 0x20, 0x2e, 0x47, 0x23, 0x47, 0x23, 0x61, 0x20, 0xb0,
  0x04, 0x23, 0x42, 0xb1, 0x0a, 0x00, 0x42, 0xb0, 0x09, 0x43, 0x2b, 0x20,
  0xb0, 0x60, 0x50, 0x58, 0x20, 0xb0, 0x40, 0x51, 0x58, 0xb3, 0x02, 0x20,
  0x03, 0x20, 0x1b, 0xb3, 0x02, 0x26, 0x03, 0x1a, 0x59, 0x42, 0x42, 0x23,
  0x20, 0xb0, 0x08, 0x43, 0x20, 0x8a, 0x23, 0x47, 0x23, 0x47, 0x23, 0x61,
  0x23, 0x46, 0x60, 0xb0, 0x04, 0x43, 0xb0, 0x02, 0x62, 0x20, 0xb0, 0x00,
  0x50, 0x58, 0xb0, 0x40, 0x60, 0x59, 0x66, 0xb0, 0x01, 0x63, 0x60, 0x20,
  0xb0, 0x01, 0x2b, 0x20, 0x8a, 0x8a, 0x61, 0x20, 0xb0, 0x02, 0x43, 0x60,
  0x64, 0x23, 0xb0, 0x03, 0x43, 0x61, 0x64, 0x50, 0x58, 0xb0, 0x02, 0x43,
  0x61, 0x1b, 0xb0, 0x03, 0x43, 0x60, 0x59, 0xb0, 0x03, 0x25, 0xb0, 0x02,
  0x62, 0x20, 0xb0, 0x00, 0x50, 0x58, 0xb0, 0x40, 0x60, 0x59, 0x66, 0xb0,
  0x01, 0x63, 0x61, 0x23, 0x20, 0x20, 0xb0, 0x04, 0x26, 0x23, 0x46, 0x61,
  0x38, 0x1b, 0x23, 0xb0, 0x08, 0x43, 0x46, 0xb0, 0x02, 0x25, 0xb0, 0x08,
  0x43, 0x47, 0x23, 0x47, 0x23, 0x61, 0x60, 0x20, 0xb0, 0x04, 0x43, 0xb0,
  0x02, 0x62, 0x20, 0xb0, 0x00, 0x50, 0x58, 0xb0, 0x40, 0x60, 0x59, 0x66,
  0xb0, 0x01, 0x63, 0x60, 0x23, 0x20, 0xb0, 0x01, 0x2b, 0x23, 0xb0, 0x04,
  0x43, 0x60, 0xb0, 0x01, 0x2b, 0xb0, 0x05, 0x25, 0x61, 0xb0, 0x05, 0x25,
  0xb0, 0x02, 0x62, 0x20, 0xb0, 0x00, 0x50, 0x58, 0xb0, 0x40, 0x60, 0x59,
  0x66, 0xb0, 0x01, 0x63, 0xb0, 0x04, 0x26, 0x61, 0x20, 0xb0, 0x04, 0x25,
  0x60, 0x64, 0x23, 0xb0, 0x03, 0x25, 0x60, 0x64, 0x50, 0x58, 0x21, 0x1b,
  0x23, 0x21, 0x59, 0x23, 0x20, 0x20, 0xb0, 0x04, 0x26, 0x23, 0x46, 0x61,
  0x38, 0x59, 0x2d, 0xb0, 0x3a, 0x2c, 0xb0, 0x00, 0x16, 0xb0, 0x11, 0x23,
  0x42, 0x20, 0x20, 0x20, 0xb0, 0x05, 0x26, 0x20, 0x2e, 0x47, 0x23, 0x47,
  0x23, 0x61, 0x23, 0x3c, 0x38, 0x2d, 0xb0, 0x3b, 0x2c, 0xb0, 0x00, 0x16,
  0xb0, 0x11, 0x23, 0x42, 0x20, 0xb0, 0x08, 0x23, 0x42, 0x20, 0x20, 0x20,
  0x46, 0x23, 0x47, 0xb0, 0x01, 0x2b, 0x23, 0x61, 0x38, 0x2d, 0xb0, 0x3c,
  0x2c, 0xb0, 0x00, 0x16, 0xb0, 0x11, 0x23, 0x42, 0xb0, 0x03, 0x25, 0xb0,
  0x02, 0x25, 0x47, 0x23, 0x47, 0x23, 0x61, 0xb0, 0x00, 0x54, 0x58, 0x2e,
  0x20, 0x3c, 0x23, 0x21, 0x1b, 0xb0, 0x02, 0x25, 0xb0, 0x02, 0x25, 0x47,
  0x23, 0x47, 0x23, 0x61, 0x20, 0xb0, 0x05, 0x25, 0xb0, 0x04, 0x25, 0x47,
  0x23, 0x47, 0x23, 0x61, 0xb0, 0x06, 0x25, 0xb0, 0x05, 0x25, 0x49, 0xb0,
  0x02, 0x25, 0x61, 0xb9, 0x08, 0x00, 0x08, 0x00, 0x63, 0x63, 0x23, 0x20,
  0x58, 0x62, 0x1b, 0x21, 0x59, 0x63, 0xb8, 0x04, 0x00, 0x62, 0x20, 0xb0,
  0x00, 0x50, 0x58, 0xb0, 0x40, 0x60, 0x59, 0x66, 0xb0, 0x01, 0x63, 0x60,
  0x23, 0x2e, 0x23, 0x20, 0x20, 0x3c, 0x8a, 0x38, 0x23, 0x21, 0x59, 0x2d,
  0xb0, 0x3d, 0x2c, 0xb0, 0x00, 0x16, 0xb0, 0x11, 0x23, 0x42, 0x20, 0xb0,
  0x08, 0x43, 0x20, 0x2e, 0x47, 0x23, 0x47, 0x23, 0x61, 0x20, 0x60, 0xb0,
  0x20, 0x60, 0x66, 0xb0, 0x02, 0x62, 0x20, 0xb0, 0x00, 0x50, 0x58, 0xb0,
  0x40, 0x60, 0x59, 0x66, 0xb0, 0x01, 0x63, 0x23, 0x20, 0x20, 0x3c, 0x8a,
  0x38, 0x2d, 0xb0, 0x3e, 0x2c, 0x23, 0x20, 0x2e, 0x46, 0xb0, 0x02, 0x25,
  0x46, 0xb0, 0x11, 0x43, 0x58, 0x50, 0x1b, 0x52, 0x59, 0x58, 0x20, 0x3c,
  0x59, 0x2e, 0xb1, 0x2e, 0x01, 0x14, 0x2b, 0x2d, 0xb0, 0x3f, 0x2c, 0x23,
  0x20, 0x2e, 0x46, 0xb0, 0x02, 0x25, 0x46, 0xb0, 0x11, 0x43, 0x58, 0x52,
  0x1b, 0x50, 0x59, 0x58, 0x20, 0x3c, 0x59, 0x2e, 0xb1, 0x2e, 0x01, 0x14,
  0x2b, 0x2d, 0xb0, 0x40, 0x2c, 0x23, 0x20, 0x2e, 0x46, 0xb0, 0x02, 0x25,
  0x46, 0xb0, 0x11, 0x43, 0x58, 0x50, 0x1b, 0x52, 0x59, 0x58, 0x20, 0x3c,
  0x59, 0x23, 0x20, 0x2e, 0x46, 0xb0, 0x02, 0x25, 0x46, 0xb0, 0x11, 0x43,
  0x58, 0x52, 0x1b, 0x50, 0x59, 0x58, 0x20, 0x3c, 0x59, 0x2e, 0xb1, 0x2e,
  0x01, 0x14, 0x2b, 0x2d, 0xb0, 0x41, 0x2c, 0xb0, 0x38, 0x2b, 0x23, 0x20,
  0x2e, 0x46, 0xb0, 0x02, 0x25, 0x46, 0xb0, 0x11, 0x43, 0x58, 0x50, 0x1b,
  0x52, 0x59, 0x58, 0x20, 0x3c, 0x59, 0x2e, 0xb1, 0x2e, 0x01, 0x14, 0x2b,
  0x2d, 0xb0, 0x42, 0x2c, 0xb0, 0x39, 0x2b, 0x8a, 0x20, 0x20, 0x3c, 0xb0,
  0x04, 0x23, 0x42, 0x8a, 0x38, 0x23, 0x20, 0x2e, 0x46, 0xb0, 0x02, 0x25,
  0x46, 0xb0, 0x11, 0x43, 0x58, 0x50, 0x1b, 0x52, 0x59, 0x58, 0x20, 0x3c,
  0x59, 0x2e, 0xb1, 0x2e, 0x01, 0x14, 0x2b, 0xb0, 0x04, 0x43, 0x2e, 0xb0,
  0x2e, 0x2b, 0x2d, 0xb0, 0x43, 0x2c, 0xb0, 0x00, 0x16, 0xb0, 0x04, 0x25,
  0xb0, 0x04, 0x26, 0x20, 0x20, 0x20, 0x46, 0x23, 0x47, 0x61, 0xb0, 0x0a,
  0x23, 0x42, 0x2e, 0x47, 0x23, 0x47, 0x23, 0x61, 0xb0, 0x09, 0x43, 0x2b,
  0x23, 0x20, 0x3c, 0x20, 0x2e, 0x23, 0x38, 0xb1, 0x2e, 0x01, 0x14, 0x2b,
  0x2d, 0xb0, 0x44, 0x2c, 0xb1, 0x08, 0x04, 0x25, 0x42, 0xb0, 0x00, 0x16,
  0xb0, 0x04, 0x25, 0xb0, 0x04, 0x25, 0x20, 0x2e, 0x47, 0x23, 0x47, 0x23,
  0x61, 0x20, 0xb0, 0x04, 0x23, 0x42, 0xb1, 0x0a, 0x00, 0x42, 0xb0, 0x09,
  0x43, 0x2b, 0x20, 0xb0, 0x60, 0x50, 0x58, 0x20, 0xb0, 0x40, 0x51, 0x58,
  0xb3, 0x02, 0x20, 0x03, 0x20, 0x1b, 0xb3, 0x02, 0x26, 0x03, 0x1a, 0x59,
  0x42, 0x42, 0x23, 0x20, 0x47, 0xb0, 0x04, 0x43, 0xb0, 0x02, 0x62, 0x20,
  0xb0, 0x00, 0x50, 0x58, 0xb0, 0x40, 0x60, 0x59, 0x66, 0xb0, 0x01, 0x63,
  0x60, 0x20, 0xb0, 0x01, 0x2b, 0x20, 0x8a, 0x8a, 0x61, 0x20, 0xb0, 0x02,
  0x43, 0x60, 0x64, 0x23, 0xb0, 0x03, 0x43, 0x61, 0x64, 0x50, 0x58, 0xb0,
  0x02, 0x43, 0x61, 0x1b, 0xb0, 0x03, 0x43, 0x60, 0x59, 0xb0, 0x03, 0x25,
  0xb0, 0x02, 0x62, 0x20, 0xb0, 0x00, 0x50, 0x58, 0xb0, 0x40, 0x60, 0x59,
  0x66, 0xb0, 0x01, 0x63, 0x61, 0xb0, 0x02, 0x25, 0x46, 0x61, 0x38, 0x23,
  0x20, 0x3c, 0x23, 0x38, 0x1b, 0x21, 0x20, 0x20, 0x46, 0x23, 0x47, 0xb0,
  0x01, 0x2b, 0x23, 0x61, 0x38, 0x21, 0x59, 0xb1, 0x2e, 0x01, 0x14, 0x2b,
  0x2d, 0xb0, 0x45, 0x2c, 0xb1, 0x00, 0x38, 0x2b, 0x2e, 0xb1, 0x2e, 0x01,
  0x14, 0x2b, 0x2d, 0xb0, 0x46, 0x2c, 0xb1, 0x00, 0x39, 0x2b, 0x21, 0x23,
  0x20, 0x20, 0x3c, 0xb0, 0x04, 0x23, 0x42, 0x23, 0x38, 0xb1, 0x2e, 0x01,
  0x14, 0x2b, 0xb0, 0x04, 0x43, 0x2e, 0xb0, 0x2e, 0x2b, 0x2d, 0xb0, 0x47,
  0x2c, 0xb0, 0x00, 0x15, 0x20, 0x47, 0xb0, 0x00, 0x23, 0x42, 0xb2, 0x00,
  0x01, 0x01, 0x15, 0x14, 0x13, 0x2e, 0xb0, 0x34, 0x2a, 0x2d, 0xb0, 0x48,
  0x2c, 0xb0, 0x00, 0x15, 0x20, 0x47, 0xb0, 0x00, 0x23, 0x42, 0xb2, 0x00,
  0x01, 0x01, 0x15, 0x14, 0x13, 0x2e, 0xb0, 0x34, 0x2a, 0x2d, 0xb0, 0x49,
  0x2c, 0xb1, 0x00, 0x01, 0x14, 0x13, 0xb0, 0x35, 0x2a, 0x2d, 0xb0, 0x4a,
  0x2c, 0xb0, 0x37, 0x2a, 0x2d, 0xb0, 0x4b, 0x2c, 0xb0, 0x00, 0x16, 0x45,
  0x23, 0x20, 0x2e, 0x20, 0x46, 0x8a, 0x23, 0x61, 0x38, 0xb1, 0x2e, 0x01,
  0x14, 0x2b, 0x2d, 0xb0, 0x4c, 0x2c, 0xb0, 0x08, 0x23, 0x42, 0xb0, 0x4b,
  0x2b, 0x2d, 0xb0, 0x4d, 0x2c, 0xb2, 0x00, 0x00, 0x44, 0x2b, 0x2d, 0xb0,
  0x4e, 0x2c, 0xb2, 0x00, 0x01, 0x44, 0x2b, 0x2d, 0xb0, 0x4f, 0x2c, 0xb2,
  0x01, 0x00, 0x44, 0x2b, 0x2d, 0xb0, 0x50, 0x2c, 0xb2, 0x01, 0x01, 0x44,
  0x2b, 0x2d, 0xb0, 0x51, 0x2c, 0xb2, 0x00, 0x00, 0x45, 0x2b, 0x2d, 0xb0,
  0x52, 0x2c, 0xb2, 0x00, 0x01, 0x45, 0x2b, 0x2d, 0xb0, 0x53, 0x2c, 0xb2,
  0x01, 0x00, 0x45, 0x2b, 0x2d, 0xb0, 0x54, 0x2c, 0xb2, 0x01, 0x01, 0x45,
  0x2b, 0x2d, 0xb0, 0x55, 0x2c, 0xb3, 0x00, 0x00, 0x00, 0x41, 0x2b, 0x2d,
  0xb0, 0x56, 0x2c, 0xb3, 0x00, 0x01, 0x00, 0x41, 0x2b, 0x2d, 0xb0, 0x57,
  0x2c, 0xb3, 0x01, 0x00, 0x00, 0x41, 0x2b, 0x2d, 0xb0, 0x58, 0x2c, 0xb3,
  0x01, 0x01, 0x00, 0x41, 0x2b, 0x2d, 0xb0, 0x59, 0x2c, 0xb3, 0x00, 0x00,
  0x01, 0x41, 0x2b, 0x2d, 0xb0, 0x5a, 0x2c, 0xb3, 0x00, 0x01, 0x01, 0x41,
  0x2b, 0x2d, 0xb0, 0x5b, 0x2c, 0xb3, 0x01, 0x00, 0x01, 0x41, 0x2b, 0x2d,
  0xb0, 0x5c, 0x2c, 0xb3, 0x01, 0x01, 0x01, 0x41, 0x2b, 0x2d, 0xb0, 0x5d,
  0x2c, 0xb2, 0x00, 0x00, 0x43, 0x2b, 0x2d, 0xb0, 0x5e, 0x2c, 0xb2, 0x00,
  0x01, 0x43, 0x2b, 0x2d, 0xb0, 0x5f, 0x2c, 0xb2, 0x01, 0x00, 0x43, 0x2b,
  0x2d, 0xb0, 0x60, 0x2c, 0xb2, 0x01, 0x01, 0x43, 0x2b, 0x2d, 0xb0, 0x61,
  0x2c, 0xb2, 0x00, 0x00, 0x46, 0x2b, 0x2d, 0xb0, 0x62, 0x2c, 0xb2, 0x00,
  0x01, 0x46, 0x2b, 0x2d, 0xb0, 0x63, 0x2c, 0xb2, 0x01, 0x00, 0x46, 0x2b,
  0x2d, 0xb0, 0x64, 0x2c, 0xb2, 0x01, 0x01, 0x46, 0x2b, 0x2d, 0xb0, 0x65,
  0x2c, 0xb3, 0x00, 0x00, 0x00, 0x42, 0x2b, 0x2d, 0xb0, 0x66, 0x2c, 0xb3,
  0x00, 0x01, 0x00, 0x42, 0x2b, 0x2d, 0xb0, 0x67, 0x2c, 0xb3, 0x01, 0x00,
  0x00, 0x42, 0x2b, 0x2d, 0xb0, 0x68, 0x2c, 0xb3, 0x01, 0x01, 0x00, 0x42,
  0x2b, 0x2d, 0xb0, 0x69, 0x2c, 0xb3, 0x00, 0x00, 0x01, 0x42, 0x2b, 0x2d,
  0xb0, 0x6a, 0x2c, 0xb3, 0x00, 0x01, 0x01, 0x42, 0x2b, 0x2d, 0xb0, 0x6b,
  0x2c, 0xb3, 0x01, 0x00, 0x01, 0x42, 0x2b, 0x2d, 0xb0, 0x6c, 0x2c, 0xb3,
  0x01, 0x01, 0x01, 0x42, 0x2b, 0x2d, 0xb0, 0x6d, 0x2c, 0xb1, 0x00, 0x3a,
  0x2b, 0x2e, 0xb1, 0x2e, 0x01, 0x14, 0x2b, 0x2d, 0xb0, 0x6e, 0x2c, 0xb1,
  0x00, 0x3a, 0x2b, 0xb0, 0x3e, 0x2b, 0x2d, 0xb0, 0x6f, 0x2c, 0xb1, 0x00,
  0x3a, 0x2b, 0xb0, 0x3f, 0x2b, 0x2d, 0xb0, 0x70, 0x2c, 0xb0, 0x00, 0x16,
  0xb1, 0x00, 0x3a, 0x2b, 0xb0, 0x40, 0x2b, 0x2d, 0xb0, 0x71, 0x2c, 0xb1,
  0x01, 0x3a, 0x2b, 0xb0, 0x3e, 0x2b, 0x2d, 0xb0, 0x72, 0x2c, 0xb1, 0x01,
  0x3a, 0x2b, 0xb0, 0x3f, 0x2b, 0x2d, 0xb0, 0x73, 0x2c, 0xb0, 0x00, 0x16,
  0xb1, 0x01, 0x3a, 0x2b, 0xb0, 0x40, 0x2b, 0x2d, 0xb0, 0x74, 0x2c, 0xb1,
  0x00, 0x3b, 0x2b, 0x2e, 0xb1, 0x2e, 0x01, 0x14, 0x2b, 0x2d, 0xb0, 0x75,
  0x2c, 0xb1, 0x00, 0x3b, 0x2b, 0xb0, 0x3e, 0x2b, 0x2d, 0xb0, 0x76, 0x2c,
  0xb1, 0x00, 0x3b, 0x2b, 0xb0, 0x3f, 0x2b, 0x2d, 0xb0, 0x77, 0x2c, 0xb1,
  0x00, 0x3b, 0x2b, 0xb0, 0x40, 0x2b, 0x2d, 0xb0, 0x78, 0x2c, 0xb1, 0x01,
  0x3b, 0x2b, 0xb0, 0x3e, 0x2b, 0x2d, 0xb0, 0x79, 0x2c, 0xb1, 0x01, 0x3b,
  0x2b, 0xb0, 0x3f, 0x2b, 0x2d, 0xb0, 0x7a, 0x2c, 0xb1, 0x01, 0x3b, 0x2b,
  0xb0, 0x40, 0x2b, 0x2d, 0xb0, 0x7b, 0x2c, 0xb1, 0x00, 0x3c, 0x2b, 0x2e,
  0xb1, 0x2e, 0x01, 0x14, 0x2b, 0x2d, 0xb0, 0x7c, 0x2c, 0xb1, 0x00, 0x3c,
  0x2b, 0xb0, 0x3e, 0x2b, 0x2d, 0xb0, 0x7d, 0x2c, 0xb1, 0x00, 0x3c, 0x2b,
  0xb0, 0x3f, 0x2b, 0x2d, 0xb0, 0x7e, 0x2c, 0xb1, 0x00, 0x3c, 0x2b, 0xb0,
  0x40, 0x2b, 0x2d, 0xb0, 0x7f, 0x2c, 0xb1, 0x01, 0x3c, 0x2b, 0xb0, 0x3e,
  0x2b, 0x2d, 0xb0, 0x80, 0x2c, 0xb1, 0x01, 0x3c, 0x2b, 0xb0, 0x3f, 0x2b,
  0x2d, 0xb0, 0x81, 0x2c, 0xb1, 0x01, 0x3c, 0x2b, 0xb0, 0x40, 0x2b, 0x2d,
  0xb0, 0x82, 0x2c, 0xb1, 0x00, 0x3d, 0x2b, 0x2e, 0xb1, 0x2e, 0x01, 0x14,
  0x2b, 0x2d, 0xb0, 0x83, 0x2c, 0xb1, 0x00, 0x3d, 0x2b, 0xb0, 0x3e, 0x2b,
  0x2d, 0xb0, 0x84, 0x2c, 0xb1, 0x00, 0x3d, 0x2b, 0xb0, 0x3f, 0x2b, 0x2d,
  0xb0, 0x85, 0x2c, 0xb1, 0x00, 0x3d, 0x2b, 0xb0, 0x40, 0x2b, 0x2d, 0xb0,
  0x86, 0x2c, 0xb1, 0x01, 0x3d, 0x2b, 0xb0, 0x3e, 0x2b, 0x2d, 0xb0, 0x87,
  0x2c, 0xb1, 0x01, 0x3d, 0x2b, 0xb0, 0x3f, 0x2b, 0x2d, 0xb0, 0x88, 0x2c,
  0xb1, 0x01, 0x3d, 0x2b, 0xb0, 0x40, 0x2b, 0x2d, 0xb0, 0x89, 0x2c, 0xb3,
  0x09, 0x04, 0x02, 0x03, 0x45, 0x58, 0x21, 0x1b, 0x23, 0x21, 0x59, 0x42,
  0x2b, 0xb0, 0x08, 0x65, 0xb0, 0x03, 0x24, 0x50, 0x78, 0xb1, 0x05, 0x01,
  0x15, 0x45, 0x58, 0x30, 0x59, 0x2d, 0x00, 0x00, 0x00, 0x4b, 0xb8, 0x00,
  0xc8, 0x52, 0x58, 0xb1, 0x01, 0x01, 0x8e, 0x59, 0xb0, 0x01, 0xb9, 0x08,
  0x00, 0x08, 0x00, 0x63, 0x70, 0xb1, 0x00, 0x07, 0x42, 0xb7, 0x00, 0x73,
  0x5f, 0x4a, 0x3b, 0x29, 0x06, 0x00, 0x2a, 0xb1, 0x00, 0x07, 0x42, 0x40,
  0x0e, 0x7b, 0x05, 0x66, 0x08, 0x52, 0x08, 0x42, 0x06, 0x30, 0x07, 0x1b,
  0x09, 0x06, 0x08, 0x2a, 0xb1, 0x00, 0x07, 0x42, 0x40, 0x0e, 0x82, 0x02,
  0x70, 0x06, 0x5c, 0x06, 0x4a, 0x04, 0x39, 0x05, 0x26, 0x06, 0x06, 0x08,
  0x2a, 0xb1, 0x00, 0x0d, 0x42, 0xbf, 0x1f, 0x00, 0x19, 0xc0, 0x14, 0xc0,
  0x10, 0xc0, 0x0c, 0x40, 0x07, 0x00, 0x00, 0x06, 0x00, 0x09, 0x2a, 0xb1,
  0x00, 0x13, 0x42, 0xbf, 0x00, 0x80, 0x00, 0x40, 0x00, 0x40, 0x00, 0x40,
  0x00, 0x40, 0x00, 0x80, 0x00, 0x06, 0x00, 0x09, 0x2a, 0xb1, 0x03, 0x00,
  0x44, 0xb1, 0x24, 0x01, 0x88, 0x51, 0x58, 0xb0, 0x40, 0x88, 0x58, 0xb1,
  0x03, 0x64, 0x44, 0xb1, 0x28, 0x01, 0x88, 0x51, 0x58, 0xb8, 0x08, 0x00,
  0x88, 0x58, 0xb1, 0x03, 0x00, 0x44, 0x59, 0x1b, 0xb1, 0x27, 0x01, 0x88,
  0x51, 0x58, 0xba, 0x08, 0x80, 0x00, 0x01, 0x04, 0x40, 0x88, 0x63, 0x54,
  0x58, 0xb1, 0x03, 0x00, 0x44, 0x59, 0x59, 0x59, 0x59, 0x59, 0x40, 0x0e,
  0x7e, 0x04, 0x68, 0x08, 0x54, 0x08, 0x44, 0x06, 0x32, 0x07, 0x1e, 0x08,
  0x06, 0x0c, 0x2a, 0xb8, 0x01, 0xff, 0x85, 0xb0, 0x04, 0x8d, 0xb1, 0x02,
  0x00, 0x44, 0xb0, 0x06, 0x5e, 0xb3, 0x05, 0x64, 0x06, 0x00, 0x44, 0x44,
  0x00, 0x00, 0x00, 0x00, 0x00, 0x00, 0x00, 0x00, 0x00, 0x00, 0x00, 0x00,
  0x00, 0x00, 0x00, 0x00, 0x00, 0x00, 0x00, 0x00, 0x00, 0x00, 0x00, 0x00,
  0x00, 0x00, 0x00, 0x00, 0x00, 0x00, 0x00, 0x00, 0x00, 0x00, 0x00, 0x00,
  0x00, 0x00, 0x00, 0x00, 0x00, 0x00, 0x00, 0x00, 0x00, 0x00, 0x00, 0x00,
  0x00, 0x00, 0x00, 0xb8, 0x00, 0xb8, 0x00, 0xa0, 0x00, 0xa0, 0x04, 0x5e,
  0x05, 0xd5, 0x00, 0x00, 0x06, 0x14, 0x04, 0x60, 0x00, 0x00, 0xfe, 0x56,
  0x07, 0x6d, 0xfe, 0x1d, 0x05, 0xf0, 0xff, 0xe3, 0x06, 0x14, 0x04, 0x7b,
  0xff, 0xe3, 0xfe, 0x48, 0x07, 0x6d, 0xfe, 0x1d, 0x00, 0xc3, 0x00, 0xc3,
  0x00, 0x9c, 0x00, 0x9c, 0x05, 0xd5, 0x00, 0x00, 0x04, 0x60, 0x00, 0x00,
  0xfe, 0x56, 0x07, 0x6d, 0xfe, 0x1d, 0x05, 0xf0, 0xff, 0xe3, 0x04, 0x7b,
  0xff, 0xe3, 0xfe, 0x56, 0x07, 0x6d, 0xfe, 0x1d, 0x00, 0xb9, 0x00, 0xb9,
  0x00, 0x8f, 0x00, 0x8f, 0x04, 0x15, 0x00, 0x00, 0x05, 0xf1, 0xfe, 0x59,
  0x07, 0x6d, 0xfe, 0x1d, 0x04, 0x15, 0x00, 0x00, 0x06, 0x14, 0xfe, 0x59,
  0x07, 0x6d, 0xfe, 0x1d, 0x00, 0xc3, 0x00, 0xc3, 0x00, 0x9c, 0x00, 0x9c,
  0x05, 0xc4, 0xff, 0xe7, 0x06, 0x14, 0x04, 0x60, 0xff, 0xe7, 0xfe, 0x56,
  0x07, 0x6d, 0xfe, 0x1d, 0x05, 0xc4, 0xff, 0xe3, 0x06, 0x21, 0x04, 0x7b,
  0xff, 0xe7, 0xfe, 0x56, 0x07, 0x6d, 0xfe, 0x1d, 0x00, 0xc3, 0x00, 0xc3,
  0x00, 0x9c, 0x00, 0x9c, 0x05, 0xd5, 0x00, 0x00, 0x06, 0x14, 0x04, 0x60,
  0x00, 0x00, 0xfe, 0x56, 0x07, 0x6d, 0xfe, 0x1d, 0x05, 0xf0, 0xff, 0xe3,
  0x06, 0x14, 0x04, 0x7b, 0xff, 0xe3, 0xfe, 0x48, 0x07, 0x6d, 0xfe, 0x1d,
  0x00, 0x7d, 0x00, 0x7d, 0x00, 0xa5, 0x00, 0x59, 0x00, 0x59, 0x00, 0x97,
  0x07, 0xa3, 0x04, 0x60, 0x07, 0x6d, 0xfe, 0x1d, 0x07, 0xc3, 0x04, 0x60,
  0x07, 0x6d, 0xfe, 0x1d, 0x00, 0x00, 0x00, 0x00, 0x00, 0x00, 0x00, 0x00,
  0x00, 0x00, 0x00, 0x4e, 0x00, 0x6e, 0x00, 0xf8, 0x01, 0x60, 0x01, 0xd6,
  0x02, 0x50, 0x02, 0x68, 0x02, 0x8a, 0x02, 0xae, 0x02, 0xe0, 0x03, 0x18,
  0x03, 0x40, 0x03, 0x5a, 0x03, 0x7e, 0x03, 0x96, 0x03, 0xd0, 0x03, 0xfa,
  0x04, 0x42, 0x04, 0x9a, 0x04, 0xce, 0x05, 0x12, 0x05, 0x6a, 0x05, 0x8c,
  0x05, 0xea, 0x06, 0x42, 0x06, 0x7e, 0x06, 0xba, 0x06, 0xd2, 0x06, 0xf6,
  0x07, 0x0e, 0x07, 0x66, 0x07, 0xd8, 0x08, 0x0a, 0x08, 0x4e, 0x08, 0x82,
  0x08, 0xac, 0x08, 0xda, 0x09, 0x02, 0x09, 0x46, 0x09, 0x6e, 0x09, 0x98,
  0x09, 0xc0, 0x09, 0xec, 0x0a, 0x08, 0x0a, 0x3a, 0x0a, 0x62, 0x0a, 0x9c,
  0x0a, 0xc8, 0x0b, 0x0a, 0x0b, 0x4c, 0x0b, 0xa2, 0x0b, 0xc2, 0x0c, 0x08,
  0x0c, 0x2a, 0x0c, 0x68, 0x0c, 0x98, 0x0c, 0xc0, 0x0c, 0xec, 0x0d, 0x10,
  0x0d, 0x28, 0x0d, 0x4c, 0x0d, 0x72, 0x0d, 0x90, 0x0d, 0xb0, 0x0d, 0xf8,
  0x0e, 0x34, 0x0e, 0x62, 0x0e, 0x9c, 0x0e, 0xd2, 0x0f, 0x08, 0x0f, 0x4e,
  0x0f, 0x70, 0x0f, 0xb6, 0x0f, 0xf8, 0x10, 0x26, 0x10, 0x54, 0x10, 0x92,
  0x10, 0xd4, 0x10, 0xfe, 0x11, 0x5a, 0x11, 0x88, 0x11, 0xc8, 0x11, 0xfc,
  0x12, 0x38, 0x12, 0x7e, 0x12, 0xa0, 0x12, 0xd0, 0x13, 0x00, 0x13, 0x2e,
  0x13, 0x58, 0x13, 0xb4, 0x13, 0xcc, 0x14, 0x10, 0x14, 0x48, 0x14, 0x48,
  0x14, 0x7c, 0x14, 0xc2, 0x14, 0xf8, 0x15, 0x10, 0x15, 0x40, 0x15, 0x64,
  0x15, 0x7e, 0x15, 0x98, 0x15, 0x98, 0x15, 0x98, 0x15, 0x98, 0x15, 0x98,
  0x15, 0x98, 0x15, 0x98, 0x15, 0x98, 0x15, 0x98, 0x15, 0x98, 0x15, 0x98,
  0x15, 0x98, 0x15, 0x98, 0x15, 0x98, 0x15, 0x98, 0x15, 0x98, 0x15, 0x98,
  0x15, 0x98, 0x15, 0x98, 0x15, 0x98, 0x15, 0x98, 0x15, 0xa6, 0x15, 0xb4,
  0x15, 0xc2, 0x15, 0xd0, 0x15, 0xf6, 0x16, 0x16, 0x16, 0x40, 0x16, 0x66,
  0x16, 0xb4, 0x16, 0xde, 0x16, 0xf8, 0x17, 0x2c, 0x17, 0x58, 0x17, 0x84,
  0x17, 0xbe, 0x17, 0xf8, 0x18, 0x48, 0x18, 0x98, 0x18, 0xc8, 0x19, 0x08,
  0x19, 0x64, 0x1b, 0xcc, 0x1b, 0xdc, 0x1b, 0xdc, 0x00, 0x02, 0x01, 0xc6,
  0xff, 0xc4, 0x03, 0x0a, 0x05, 0xda, 0x00, 0x05, 0x00, 0x15, 0x00, 0x4c,
  0xb6, 0x03, 0x00, 0x02, 0x01, 0x00, 0x01, 0x4a, 0x4b, 0xb0, 0x21, 0x50,
  0x58, 0x40, 0x16, 0x00, 0x01, 0x01, 0x00, 0x5d, 0x00, 0x00, 0x00, 0x68,
  0x4b, 0x00, 0x03, 0x03, 0x02, 0x5f, 0x04, 0x01, 0x02, 0x02, 0x71, 0x02,
  0x4c, 0x1b, 0x40, 0x13, 0x00, 0x03, 0x04, 0x01, 0x02, 0x03, 0x02, 0x63,
  0x00, 0x01, 0x01, 0x00, 0x5d, 0x00, 0x00, 0x00, 0x68, 0x01, 0x4c, 0x59,
  0x40, 0x0d, 0x07, 0x06, 0x0f, 0x0d, 0x06, 0x15, 0x07, 0x15, 0x12, 0x11,
  0x05, 0x0b, 0x16, 0x2b, 0x01, 0x11, 0x21, 0x11, 0x03, 0x23, 0x13, 0x22,
  0x27, 0x26, 0x35, 0x34, 0x37, 0x36, 0x33, 0x32, 0x17, 0x16, 0x15, 0x14,
  0x07, 0x06, 0x01, 0xe1, 0x01, 0x09, 0x43, 0x79, 0x3a, 0x46, 0x2e, 0x2e,
  0x2e, 0x2f, 0x45, 0x45, 0x2f, 0x2e, 0x2e, 0x2e, 0x04, 0x1d, 0x01, 0xbd,
  0xfe, 0x43, 0xfd, 0xc9, 0xfd, 0xde, 0x30, 0x2e, 0x4f, 0x4e, 0x2e, 0x2f,
  0x2f, 0x2e, 0x4e, 0x4f, 0x2e, 0x30, 0x00, 0x00, 0x00, 0x02, 0x01, 0x52,
  0x03, 0xaa, 0x03, 0x7f, 0x05, 0xd5, 0x00, 0x03, 0x00, 0x07, 0x00, 0x17,
  0x40, 0x14, 0x03, 0x01, 0x01, 0x01, 0x00, 0x5d, 0x02, 0x01, 0x00, 0x00,
  0x68, 0x01, 0x4c, 0x11, 0x11, 0x11, 0x10, 0x04, 0x0b, 0x18, 0x2b, 0x01,
  0x33, 0x11, 0x23, 0x01, 0x33, 0x11, 0x23, 0x01, 0x52, 0xae, 0xae, 0x01,
  0x7f, 0xae, 0xae, 0x05, 0xd5, 0xfd, 0xd5, 0x02, 0x2b, 0xfd, 0xd5, 0x00,
  0x00, 0x02, 0x00, 0x02, 0x00, 0x00, 0x04, 0xcd, 0x05, 0xbe, 0x00, 0x1b,
  0x00, 0x1f, 0x00, 0x9f, 0x4b, 0xb0, 0x2c, 0x50, 0x58, 0x40, 0x26, 0x07,
  0x05, 0x02, 0x03, 0x0e, 0x08, 0x02, 0x02, 0x01, 0x03, 0x02, 0x66, 0x10,
  0x0f, 0x09, 0x03, 0x01, 0x0c, 0x0a, 0x02, 0x00, 0x0b, 0x01, 0x00, 0x65,
  0x06, 0x01, 0x04, 0x04, 0x68, 0x4b, 0x0d, 0x01, 0x0b, 0x0b, 0x69, 0x0b,
  0x4c, 0x1b, 0x40, 0x26, 0x06, 0x01, 0x04, 0x03, 0x04, 0x83, 0x07, 0x05,
  0x02, 0x03, 0x0e, 0x08, 0x02, 0x02, 0x01, 0x03, 0x02, 0x66, 0x10, 0x0f,
  0x09, 0x03, 0x01, 0x0c, 0x0a, 0x02, 0x00, 0x0b, 0x01, 0x00, 0x65, 0x0d,
  0x01, 0x0b, 0x0b, 0x69, 0x0b, 0x4c, 0x59, 0x40, 0x1e, 0x1c, 0x1c, 0x1c,
  0x1f, 0x1c, 0x1f, 0x1e, 0x1d, 0x1b, 0x1a, 0x19, 0x18, 0x17, 0x16, 0x15,
  0x14, 0x13, 0x12, 0x11, 0x11, 0x11, 0x11, 0x11, 0x11, 0x11, 0x11, 0x10,
  0x11, 0x0b, 0x1d, 0x2b, 0x40, 0x22, 0x79, 0x00, 0x79, 0x01, 0x79, 0x02,
  0x79, 0x03, 0x79, 0x12, 0x79, 0x13, 0x79, 0x14, 0x79, 0x15, 0x79, 0x16,
  0x79, 0x17, 0x79, 0x18, 0x79, 0x19, 0x79, 0x1a, 0x79, 0x1b, 0x79, 0x1c,
  0x79, 0x1f, 0x10, 0x29, 0x01, 0x2a, 0x00, 0x01, 0x21, 0x35, 0x21, 0x13,
  0x21, 0x35, 0x21, 0x13, 0x33, 0x03, 0x33, 0x13, 0x33, 0x03, 0x33, 0x15,
  0x21, 0x03, 0x33, 0x15, 0x21, 0x03, 0x23, 0x13, 0x23, 0x03, 0x23, 0x01,
  0x13, 0x23, 0x03, 0x01, 0x04, 0xfe, 0xfe, 0x01, 0x29, 0x54, 0xfe, 0xf6,
  0x01, 0x2f, 0x68, 0xa0, 0x68, 0xf5, 0x69, 0xa0, 0x69, 0xf4, 0xfe, 0xe7,
  0x54, 0xfa, 0xfe, 0xdf, 0x68, 0xa0, 0x69, 0xf6, 0x69, 0x9f, 0x02, 0x25,
  0x53, 0xf5, 0x54, 0x01, 0x9e, 0x99, 0x01, 0x4e, 0x9a, 0x01, 0x9f, 0xfe,
  0x61, 0x01, 0x9f, 0xfe, 0x61, 0x9a, 0xfe, 0xb2, 0x99, 0xfe, 0x62, 0x01,
  0x9e, 0xfe, 0x62, 0x02, 0x37, 0x01, 0x4e, 0xfe, 0xb2, 0x00, 0x00, 0x00,
  0x00, 0x03, 0x00, 0xbe, 0xfe, 0xd3, 0x04, 0x5a, 0x06, 0x14, 0x00, 0x30,
  0x00, 0x39, 0x00, 0x42, 0x00, 0x00, 0x21, 0x2e, 0x01, 0x27, 0x26, 0x27,
  0x35, 0x1e, 0x01, 0x17, 0x16, 0x17, 0x11, 0x2e, 0x01, 0x27, 0x26, 0x35,
  0x34, 0x37, 0x36, 0x37, 0x35, 0x33, 0x15, 0x1e, 0x01, 0x17, 0x1e, 0x01,
  0x17, 0x15, 0x2e, 0x01, 0x27, 0x2e, 0x01, 0x27, 0x11, 0x16, 0x17, 0x16,
  0x15, 0x14, 0x07, 0x06, 0x07, 0x11, 0x23, 0x13, 0x06, 0x07, 0x06, 0x15,
  0x14, 0x17, 0x16, 0x17, 0x13, 0x36, 0x37, 0x36, 0x35, 0x34, 0x27, 0x26,
  0x27, 0x02, 0x28, 0x0c, 0x64, 0x33, 0x5e, 0x69, 0x36, 0x60, 0x34, 0x63,
  0x5b, 0x5a, 0x95, 0x34, 0x65, 0x6a, 0x69, 0x97, 0xb4, 0x01, 0x53, 0x25,
  0x29, 0x52, 0x2a, 0x2c, 0x5c, 0x1d, 0x22, 0x55, 0x20, 0xc5, 0x6b, 0x6c,
  0x74, 0x73, 0x97, 0xb4, 0x1e, 0x5d, 0x3b, 0x3b, 0x37, 0x39, 0x63, 0x78,
  0x65, 0x3d, 0x3e, 0x38, 0x39, 0x6f, 0x02, 0x0f, 0x0b, 0x15, 0x2b, 0xb4,
  0x21, 0x2d, 0x11, 0x21, 0x02, 0x01, 0xca, 0x10, 0x3b, 0x2f, 0x5b, 0x97,
  0x9c, 0x5e, 0x5d, 0x0e, 0xeb, 0xeb, 0x02, 0x0b, 0x07, 0x08, 0x14, 0x0d,
  0xad, 0x17, 0x24, 0x08, 0x0a, 0x0f, 0x02, 0xfe, 0x51, 0x20, 0x60, 0x62,
  0x97, 0x9b, 0x68, 0x67, 0x09, 0xfe, 0xd1, 0x05, 0xcc, 0x04, 0x38, 0x38,
  0x5d, 0x57, 0x32, 0x33, 0x10, 0xfd, 0x90, 0x03, 0x3a, 0x3b, 0x61, 0x61,
  0x32, 0x33, 0x13, 0x00, 0x00, 0x05, 0x00, 0x21, 0x00, 0x00, 0x04, 0xb0,
  0x05, 0x98, 0x00, 0x15, 0x00, 0x27, 0x00, 0x2b, 0x00, 0x3f, 0x00, 0x4c,
  0x00, 0x00, 0x01, 0x22, 0x26, 0x27, 0x26, 0x35, 0x34, 0x3e, 0x01, 0x33,
  0x32, 0x17, 0x16, 0x17, 0x16, 0x17, 0x16, 0x15, 0x14, 0x07, 0x0e, 0x01,
  0x27, 0x32, 0x37, 0x3e, 0x01, 0x35, 0x34, 0x27, 0x26, 0x23, 0x22, 0x07,
  0x06, 0x15, 0x14, 0x17, 0x1e, 0x01, 0x09, 0x01, 0x15, 0x09, 0x01, 0x22,
  0x27, 0x26, 0x35, 0x34, 0x3e, 0x01, 0x33, 0x32, 0x17, 0x1e, 0x01, 0x17,
  0x16, 0x15, 0x14, 0x06, 0x07, 0x06, 0x27, 0x32, 0x37, 0x36, 0x35, 0x34,
  0x26, 0x23, 0x22, 0x06, 0x15, 0x14, 0x16, 0x01, 0x5f, 0x44, 0x74, 0x2a,
  0x5c, 0x54, 0x91, 0x5a, 0x40, 0x3b, 0x3a, 0x2d, 0x2e, 0x18, 0x18, 0x5c,
  0x2a, 0x76, 0x45, 0x4d, 0x37, 0x17, 0x1f, 0x36, 0x38, 0x4a, 0x4e, 0x35,
  0x36, 0x35, 0x16, 0x42, 0xfe, 0xf5, 0x04, 0x7e, 0xfb, 0x82, 0x03, 0x45,
  0x88, 0x5c, 0x5a, 0x54, 0x90, 0x5a, 0x83, 0x5e, 0x1a, 0x22, 0x0b, 0x19,
  0x2d, 0x30, 0x5f, 0x85, 0x4d, 0x36, 0x35, 0x6c, 0x4c, 0x4d, 0x6a, 0x6a,
  0x03, 0x19, 0x31, 0x2a, 0x5c, 0x88, 0x5d, 0x91, 0x52, 0x18, 0x18, 0x2d,
  0x2e, 0x39, 0x3a, 0x41, 0x88, 0x5c, 0x2a, 0x32, 0x87, 0x35, 0x17, 0x43,
  0x2a, 0x4c, 0x36, 0x35, 0x34, 0x34, 0x50, 0x4f, 0x35, 0x16, 0x1e, 0xfe,
  0x90, 0x01, 0xb4, 0x71, 0xfe, 0x52, 0xfe, 0x3b, 0x5c, 0x5c, 0x86, 0x5e,
  0x90, 0x53, 0x5e, 0x1a, 0x36, 0x19, 0x38, 0x41, 0x3f, 0x74, 0x30, 0x5c,
  0x87, 0x36, 0x35, 0x4d, 0x4d, 0x6c, 0x6a, 0x4f, 0x4e, 0x6a, 0x00, 0x00,
  0x00, 0x02, 0x00, 0x38, 0xff, 0xe2, 0x04, 0xc5, 0x05, 0xf0, 0x00, 0x3d,
  0x00, 0x50, 0x00, 0x00, 0x05, 0x22, 0x26, 0x27, 0x2e, 0x01, 0x35, 0x34,
  0x36, 0x37, 0x36, 0x37, 0x26, 0x27, 0x26, 0x35, 0x34, 0x36, 0x37, 0x36,
  0x33, 0x32, 0x17, 0x16, 0x17, 0x15, 0x26, 0x27, 0x26, 0x23, 0x22, 0x07,
  0x06, 0x15, 0x14, 0x17, 0x1e, 0x01, 0x17, 0x01, 0x36, 0x37, 0x36, 0x35,
  0x34, 0x26, 0x2f, 0x01, 0x33, 0x15, 0x14, 0x07, 0x06, 0x07, 0x17, 0x23,
  0x27, 0x0e, 0x01, 0x07, 0x0e, 0x01, 0x27, 0x32, 0x37, 0x36, 0x37, 0x36,
  0x37, 0x3e, 0x01, 0x37, 0x01, 0x06, 0x07, 0x06, 0x15, 0x14, 0x17, 0x1e,
  0x01, 0x02, 0x28, 0x6b, 0xb5, 0x42, 0x40, 0x4e, 0x23, 0x23, 0x44, 0x8c,
  0x34, 0x16, 0x18, 0x34, 0x30, 0x63, 0xad, 0x41, 0x42, 0x37, 0x50, 0x3a,
  0x40, 0x3e, 0x42, 0x64, 0x38, 0x38, 0x1d, 0x0e, 0x32, 0x2a, 0x01, 0xa0,
  0x27, 0x13, 0x13, 0x01, 0x02, 0x01, 0xa4, 0x25, 0x25, 0x4b, 0xaa, 0xd5,
  0x4e, 0x28, 0x56, 0x33, 0x2a, 0x66, 0x18, 0x2d, 0x2e, 0x35, 0x25, 0x18,
  0x15, 0x16, 0x03, 0x08, 0xfe, 0x54, 0x5e, 0x2b, 0x2e, 0x63, 0x2f, 0x81,
  0x1e, 0x49, 0x3f, 0x3d, 0xa9, 0x67, 0x43, 0x85, 0x3b, 0x74, 0x65, 0x4b,
  0x42, 0x45, 0x48, 0x4f, 0x73, 0x2a, 0x57, 0x0c, 0x0a, 0x19, 0xb7, 0x28,
  0x12, 0x12, 0x2d, 0x2d, 0x4f, 0x38, 0x42, 0x1e, 0x52, 0x38, 0xfd, 0xd1,
  0x34, 0x48, 0x4b, 0x64, 0x14, 0x33, 0x23, 0x07, 0x27, 0xa4, 0x76, 0x7a,
  0x58, 0xe5, 0x6d, 0x22, 0x34, 0x12, 0x0f, 0x14, 0x9b, 0x0c, 0x0e, 0x15,
  0x0e, 0x0d, 0x0d, 0x06, 0x05, 0x02, 0x44, 0x4c, 0x4e, 0x52, 0x5e, 0x95,
  0x63, 0x2f, 0x35, 0x00, 0x00, 0x01, 0x02, 0x10, 0x03, 0xaa, 0x02, 0xbe,
  0x05, 0xd5, 0x00, 0x03, 0x00, 0x13, 0x40, 0x10, 0x00, 0x01, 0x01, 0x00,
  0x5d, 0x00, 0x00, 0x00, 0x68, 0x01, 0x4c, 0x11, 0x10, 0x02, 0x0b, 0x16,
  0x2b, 0x01, 0x33, 0x11, 0x23, 0x02, 0x10, 0xae, 0xae, 0x05, 0xd5, 0xfd,
  0xd5, 0x00, 0x00, 0x00, 0x00, 0x01, 0x01, 0x28, 0xfe, 0xf2, 0x02, 0xf3,
  0x06, 0x12, 0x00, 0x11, 0x00, 0x00, 0x01, 0x26, 0x27, 0x26, 0x35, 0x34,
  0x37, 0x3e, 0x01, 0x37, 0x33, 0x0e, 0x01, 0x07, 0x06, 0x15, 0x10, 0x01,
  0x02, 0x53, 0x99, 0x48, 0x4a, 0x4a, 0x26, 0x6e, 0x4d, 0xa0, 0x47, 0x5f,
  0x20, 0x42, 0x01, 0x08, 0xfe, 0xf2, 0xf3, 0xdd, 0xe4, 0xdd, 0xdb, 0xe6,
  0x73, 0xe3, 0x78, 0x79, 0xdd, 0x70, 0xe6, 0xe3, 0xfe, 0x3a, 0xfe, 0x35,
  0x00, 0x01, 0x01, 0xde, 0xfe, 0xf2, 0x03, 0xa9, 0x06, 0x12, 0x00, 0x13,
  0x00, 0x00, 0x01, 0x36, 0x37, 0x3e, 0x01, 0x35, 0x34, 0x27, 0x2e, 0x01,
  0x27, 0x33, 0x16, 0x17, 0x16, 0x15, 0x14, 0x07, 0x06, 0x07, 0x01, 0xde,
  0x83, 0x44, 0x1f, 0x22, 0x41, 0x1f, 0x63, 0x45, 0xa0, 0x99, 0x48, 0x4a,
  0x4a, 0x49, 0x98, 0xfe, 0xf2, 0xe5, 0xe6, 0x6b, 0xe6, 0x75, 0xe6, 0xe1,
  0x6b, 0xe6, 0x77, 0xed, 0xe1, 0xe6, 0xdb, 0xdd, 0xe6, 0xe2, 0xec, 0x00,
  0x00, 0x01, 0x00, 0x80, 0x01, 0xa3, 0x04, 0x4c, 0x05, 0x8c, 0x00, 0x0e,
  0x00, 0x1a, 0x40, 0x17, 0x0e, 0x0d, 0x0c, 0x0b, 0x0a, 0x09, 0x08, 0x07,
  0x04, 0x03, 0x02, 0x01, 0x0c, 0x00, 0x47, 0x00, 0x00, 0x00, 0x74, 0x15,
  0x01, 0x0b, 0x15, 0x2b, 0x1b, 0x01, 0x25, 0x37, 0x05, 0x13, 0x33, 0x13,
  0x25, 0x17, 0x05, 0x13, 0x07, 0x09, 0x01, 0xfa, 0xf2, 0xfe, 0x94, 0x24,
  0x01, 0x78, 0x14, 0x6c, 0x14, 0x01, 0x78, 0x24, 0xfe, 0x94, 0xf2, 0x5e,
  0xfe, 0xf2, 0xfe, 0xf2, 0x01, 0xe6, 0x01, 0x73, 0x9e, 0x67, 0x7b, 0x01,
  0xa9, 0xfe, 0x57, 0x7b, 0x67, 0x9e, 0xfe, 0x8d, 0x43, 0x01, 0x65, 0xfe,
  0x9b, 0x00, 0x00, 0x00, 0x00, 0x01, 0x00, 0x58, 0x00, 0x71, 0x04, 0x79,
  0x04, 0x93, 0x00, 0x0b, 0x00, 0x40, 0xb1, 0x05, 0x00, 0x44, 0x40, 0x23,
  0x00, 0x02, 0x01, 0x05, 0x02, 0x55, 0x03, 0x01, 0x01, 0x04, 0x01, 0x00,
  0x05, 0x01, 0x00, 0x65, 0x00, 0x02, 0x02, 0x05, 0x5d, 0x00, 0x05, 0x02,
  0x05, 0x4d, 0x11, 0x11, 0x11, 0x11, 0x11, 0x10, 0x06, 0x0b, 0x1a, 0x2b,
  0x40, 0x0e, 0x6b, 0x04, 0x6b, 0x05, 0x6b, 0x0a, 0x6b, 0x0b, 0x7f, 0x04,
  0x7f, 0x05, 0x06, 0x29, 0x2a, 0x30, 0xb1, 0x05, 0x64, 0x44, 0x01, 0x21,
  0x35, 0x21, 0x11, 0x33, 0x11, 0x21, 0x15, 0x21, 0x11, 0x23, 0x02, 0x14,
  0xfe, 0x44, 0x01, 0xbc, 0xa8, 0x01, 0xbd, 0xfe, 0x43, 0xa8, 0x02, 0x2d,
  0xaa, 0x01, 0xbc, 0xfe, 0x44, 0xaa, 0xfe, 0x44, 0x00, 0x01, 0x01, 0x90,
  0xfe, 0x7d, 0x03, 0x1e, 0x01, 0x5d, 0x00, 0x16, 0x00, 0x00, 0x01, 0x36,
  0x37, 0x06, 0x23, 0x22, 0x27, 0x26, 0x35, 0x34, 0x36, 0x37, 0x3e, 0x01,
  0x33, 0x32, 0x17, 0x16, 0x15, 0x14, 0x07, 0x06, 0x07, 0x01, 0x90, 0xf5,
  0x07, 0x15, 0x13, 0x44, 0x2a, 0x2c, 0x16, 0x18, 0x14, 0x3c, 0x24, 0x55,
  0x2f, 0x2e, 0x5c, 0x5c, 0xa8, 0xfe, 0xe5, 0x6e, 0xe0, 0x04, 0x27, 0x27,
  0x47, 0x21, 0x3b, 0x15, 0x11, 0x17, 0x44, 0x43, 0x79, 0xaa, 0x7d, 0x7b,
  0x3e, 0x00, 0x00, 0x00, 0x00, 0x01, 0x00, 0xce, 0x02, 0x07, 0x04, 0x03,
  0x02, 0xab, 0x00, 0x03, 0x00, 0x18, 0x40, 0x15, 0x00, 0x00, 0x01, 0x01,
  0x00, 0x55, 0x00, 0x00, 0x00, 0x01, 0x5d, 0x00, 0x01, 0x00, 0x01, 0x4d,
  0x11, 0x10, 0x02, 0x0b, 0x16, 0x2b, 0x13, 0x21, 0x15, 0x21, 0xce, 0x03,
  0x35, 0xfc, 0xcb, 0x02, 0xab, 0xa4, 0x00, 0x00, 0x00, 0x01, 0x01, 0xc3,
  0xff, 0xe5, 0x03, 0x07, 0x01, 0x37, 0x00, 0x0b, 0x00, 0x1a, 0x40, 0x17,
  0x00, 0x01, 0x01, 0x00, 0x5f, 0x02, 0x01, 0x00, 0x00, 0x71, 0x00, 0x4c,
  0x01, 0x00, 0x07, 0x05, 0x00, 0x0b, 0x01, 0x0b, 0x03, 0x0b, 0x14, 0x2b,
  0x05, 0x22, 0x26, 0x35, 0x34, 0x36, 0x33, 0x32, 0x16, 0x15, 0x14, 0x06,
  0x02, 0x65, 0x44, 0x5e, 0x5e, 0x44, 0x44, 0x5e, 0x5e, 0x1b, 0x5e, 0x4b,
  0x4b, 0x5e, 0x5e, 0x4b, 0x4b, 0x5e, 0x00, 0x00, 0x00, 0x01, 0x00, 0x66,
  0xff, 0x42, 0x04, 0x37, 0x05, 0xd5, 0x00, 0x03, 0x00, 0x13, 0x40, 0x10,
  0x00, 0x01, 0x00, 0x01, 0x84, 0x00, 0x00, 0x00, 0x68, 0x00, 0x4c, 0x11,
  0x10, 0x02, 0x0b, 0x16, 0x2b, 0x01, 0x33, 0x01, 0x23, 0x03, 0x79, 0xbe,
  0xfc, 0xee, 0xbf, 0x05, 0xd5, 0xf9, 0x6d, 0x00, 0x00, 0x02, 0x00, 0x85,
  0xff, 0xe3, 0x04, 0x4c, 0x05, 0xf0, 0x00, 0x11, 0x00, 0x22, 0x00, 0x00,
  0x05, 0x22, 0x27, 0x26, 0x11, 0x10, 0x37, 0x36, 0x33, 0x32, 0x17, 0x16,
  0x12, 0x15, 0x14, 0x02, 0x07, 0x06, 0x27, 0x32, 0x37, 0x36, 0x11, 0x10,
  0x27, 0x26, 0x23, 0x22, 0x07, 0x0e, 0x01, 0x15, 0x10, 0x17, 0x16, 0x02,
  0x68, 0xf0, 0x79, 0x7a, 0x7a, 0x79, 0xf0, 0xf0, 0x7a, 0x3c, 0x3e, 0x3e,
  0x3c, 0x7b, 0xef, 0x8f, 0x45, 0x45, 0x45, 0x45, 0x8f, 0x8d, 0x45, 0x23,
  0x23, 0x46, 0x46, 0x1d, 0xc4, 0xc5, 0x01, 0x7d, 0x01, 0x7e, 0xc5, 0xc4,
  0xc4, 0x60, 0xfe, 0xe1, 0xc4, 0xc4, 0xfe, 0xe2, 0x60, 0xc4, 0xa0, 0x98,
  0x97, 0x01, 0x37, 0x01, 0x38, 0x96, 0x99, 0x98, 0x4b, 0xe3, 0xa1, 0xfe,
  0xc7, 0x95, 0x98, 0x00, 0x00, 0x01, 0x00, 0xec, 0x00, 0x00, 0x04, 0x46,
  0x05, 0xd5, 0x00, 0x0a, 0x00, 0x23, 0x40, 0x20, 0x04, 0x03, 0x02, 0x03,
  0x00, 0x01, 0x01, 0x4a, 0x00, 0x01, 0x01, 0x68, 0x4b, 0x02, 0x01, 0x00,
  0x00, 0x03, 0x5e, 0x00, 0x03, 0x03, 0x69, 0x03, 0x4c, 0x11, 0x11, 0x14,
  0x10, 0x04, 0x0b, 0x18, 0x2b, 0x25, 0x21, 0x11, 0x03, 0x27, 0x01, 0x33,
  0x11, 0x21, 0x15, 0x21, 0x01, 0x0e, 0x01, 0x3a, 0xee, 0x6e, 0x01, 0x5a,
  0xca, 0x01, 0x36, 0xfc, 0xc8, 0xaa, 0x04, 0x2f, 0xfe, 0xf1, 0x86, 0x01,
  0x85, 0xfa, 0xd5, 0xaa, 0x00, 0x01, 0x00, 0x98, 0x00, 0x00, 0x04, 0x23,
  0x05, 0xf0, 0x00, 0x2f, 0x00, 0x00, 0x37, 0x34, 0x37, 0x3e, 0x01, 0x37,
  0x3e, 0x02, 0x37, 0x3e, 0x01, 0x37, 0x36, 0x35, 0x34, 0x27, 0x26, 0x23,
  0x22, 0x07, 0x35, 0x36, 0x37, 0x36, 0x33, 0x32, 0x16, 0x17, 0x1e, 0x01,
  0x15, 0x14, 0x07, 0x0e, 0x01, 0x07, 0x0e, 0x01, 0x07, 0x0e, 0x03, 0x07,
  0x21, 0x15, 0x21, 0x98, 0x19, 0x39, 0x9c, 0x59, 0x44, 0x45, 0x24, 0x13,
  0x35, 0x3f, 0x14, 0x23, 0x49, 0x4a, 0x81, 0xb3, 0xdf, 0x66, 0x65, 0x63,
  0x61, 0x68, 0xb6, 0x44, 0x3c, 0x48, 0x2c, 0x16, 0x45, 0x36, 0x1d, 0x50,
  0x35, 0x26, 0x41, 0x48, 0x5d, 0x43, 0x02, 0xb8, 0xfc, 0x75, 0x86, 0x25,
  0x19, 0x3c, 0xa5, 0x61, 0x4a, 0x4b, 0x29, 0x17, 0x40, 0x5a, 0x2c, 0x4e,
  0x4e, 0x7c, 0x46, 0x47, 0x85, 0xcc, 0x31, 0x19, 0x19, 0x38, 0x3c, 0x35,
  0x99, 0x60, 0x62, 0x63, 0x32, 0x5f, 0x41, 0x22, 0x5a, 0x39, 0x29, 0x42,
  0x47, 0x5f, 0x47, 0xaa, 0x00, 0x01, 0x00, 0x95, 0xff, 0xe3, 0x04, 0x43,
  0x05, 0xf0, 0x00, 0x3c, 0x00, 0x00, 0x05, 0x22, 0x26, 0x27, 0x2e, 0x01,
  0x27, 0x35, 0x1e, 0x01, 0x17, 0x1e, 0x01, 0x33, 0x32, 0x37, 0x36, 0x35,
  0x34, 0x27, 0x26, 0x2b, 0x01, 0x35, 0x33, 0x32, 0x37, 0x36, 0x35, 0x34,
  0x27, 0x26, 0x23, 0x22, 0x07, 0x06, 0x07, 0x35, 0x36, 0x37, 0x36, 0x33,
  0x32, 0x16, 0x17, 0x16, 0x15, 0x14, 0x06, 0x07, 0x06, 0x07, 0x16, 0x17,
  0x1e, 0x01, 0x15, 0x14, 0x07, 0x0e, 0x01, 0x02, 0x36, 0x30, 0x69, 0x36,
  0x2e, 0x6e, 0x36, 0x33, 0x62, 0x34, 0x32, 0x61, 0x32, 0xa7, 0x58, 0x59,
  0x58, 0x58, 0x9a, 0x9a, 0x9a, 0x8d, 0x4d, 0x4d, 0x48, 0x46, 0x8c, 0x53,
  0x62, 0x60, 0x67, 0x7a, 0x5e, 0x59, 0x50, 0x69, 0xb1, 0x42, 0x81, 0x23,
  0x21, 0x44, 0x84, 0x93, 0x4e, 0x29, 0x25, 0x89, 0x44, 0xc1, 0x1d, 0x09,
  0x0a, 0x08, 0x1c, 0x13, 0xcc, 0x1a, 0x2a, 0x0e, 0x0d, 0x0d, 0x4b, 0x4c,
  0x89, 0x86, 0x4c, 0x4c, 0xa6, 0x3d, 0x3c, 0x71, 0x71, 0x3d, 0x3d, 0x14,
  0x13, 0x29, 0xba, 0x20, 0x10, 0x10, 0x36, 0x37, 0x6b, 0xb6, 0x41, 0x66,
  0x28, 0x51, 0x23, 0x27, 0x63, 0x34, 0x7e, 0x48, 0xcc, 0x76, 0x3a, 0x3c,
  0x00, 0x02, 0x00, 0x66, 0x00, 0x00, 0x04, 0x6f, 0x05, 0xd5, 0x00, 0x0a,
  0x00, 0x0d, 0x00, 0x2e, 0x40, 0x2b, 0x0c, 0x02, 0x02, 0x02, 0x01, 0x01,
  0x4a, 0x06, 0x05, 0x02, 0x02, 0x03, 0x01, 0x00, 0x04, 0x02, 0x00, 0x66,
  0x00, 0x01, 0x01, 0x68, 0x4b, 0x00, 0x04, 0x04, 0x69, 0x04, 0x4c, 0x0b,
  0x0b, 0x0b, 0x0d, 0x0b, 0x0d, 0x11, 0x11, 0x11, 0x12, 0x10, 0x07, 0x0b,
  0x19, 0x2b, 0x01, 0x21, 0x35, 0x01, 0x33, 0x11, 0x33, 0x15, 0x23, 0x11,
  0x23, 0x19, 0x01, 0x01, 0x02, 0xdf, 0xfd, 0x87, 0x02, 0x58, 0xea, 0xc7,
  0xc7, 0xc9, 0xfe, 0x29, 0x01, 0x64, 0xbf, 0x03, 0xb2, 0xfc, 0x33, 0xa4,
  0xfe, 0x9c, 0x02, 0x08, 0x03, 0x15, 0xfc, 0xeb, 0x00, 0x01, 0x00, 0x8f,
  0xff, 0xe3, 0x04, 0x2d, 0x05, 0xd5, 0x00, 0x2b, 0x00, 0x00, 0x05, 0x22,
  0x26, 0x27, 0x2e, 0x01, 0x27, 0x35, 0x16, 0x17, 0x16, 0x33, 0x32, 0x37,
  0x36, 0x35, 0x34, 0x26, 0x27, 0x2e, 0x01, 0x23, 0x22, 0x07, 0x06, 0x07,
  0x11, 0x21, 0x15, 0x21, 0x11, 0x36, 0x37, 0x36, 0x33, 0x32, 0x16, 0x17,
  0x16, 0x15, 0x14, 0x07, 0x0e, 0x01, 0x02, 0x0d, 0x2d, 0x6f, 0x31, 0x33,
  0x56, 0x28, 0x5e, 0x5b, 0x5d, 0x5c, 0xaf, 0x58, 0x5a, 0x32, 0x2b, 0x2a,
  0x84, 0x5b, 0x4e, 0x4c, 0x4e, 0x45, 0x02, 0xf4, 0xfd, 0xc4, 0x2b, 0x2c,
  0x26, 0x32, 0x79, 0xb8, 0x3f, 0x87, 0x8d, 0x45, 0xc7, 0x1d, 0x08, 0x08,
  0x08, 0x18, 0x10, 0xcd, 0x32, 0x18, 0x19, 0x58, 0x59, 0x9f, 0x57, 0x7c,
  0x29, 0x28, 0x30, 0x12, 0x13, 0x25, 0x02, 0xee, 0xaa, 0xfe, 0x91, 0x10,
  0x08, 0x07, 0x4a, 0x3f, 0x88, 0xe9, 0xef, 0x88, 0x42, 0x45, 0x00, 0x00,
  0x00, 0x02, 0x00, 0x85, 0xff, 0xe3, 0x04, 0x4c, 0x05, 0xf0, 0x00, 0x22,
  0x00, 0x37, 0x00, 0x00, 0x05, 0x22, 0x26, 0x27, 0x26, 0x02, 0x35, 0x10,
  0x00, 0x21, 0x32, 0x16, 0x17, 0x1e, 0x01, 0x17, 0x15, 0x26, 0x27, 0x2e,
  0x01, 0x23, 0x22, 0x07, 0x06, 0x11, 0x36, 0x37, 0x36, 0x33, 0x32, 0x12,
  0x15, 0x14, 0x02, 0x27, 0x32, 0x37, 0x36, 0x35, 0x34, 0x27, 0x2e, 0x01,
  0x23, 0x22, 0x06, 0x07, 0x0e, 0x01, 0x15, 0x14, 0x16, 0x17, 0x1e, 0x01,
  0x02, 0x79, 0x89, 0xb6, 0x3b, 0x3f, 0x3b, 0x01, 0x23, 0x01, 0x12, 0x29,
  0x4d, 0x20, 0x28, 0x47, 0x20, 0x40, 0x46, 0x23, 0x4c, 0x23, 0xc3, 0x62,
  0x63, 0x30, 0x55, 0x56, 0x75, 0xce, 0xef, 0xf2, 0xe1, 0x85, 0x43, 0x44,
  0x44, 0x23, 0x66, 0x3e, 0x46, 0x66, 0x22, 0x23, 0x27, 0x27, 0x23, 0x22,
  0x66, 0x1d, 0x61, 0x5b, 0x62, 0x01, 0x1c, 0xb7, 0x01, 0x94, 0x01, 0x88,
  0x08, 0x07, 0x08, 0x18, 0x0d, 0xba, 0x26, 0x13, 0x0a, 0x09, 0x90, 0x92,
  0xfe, 0xe8, 0x64, 0x36, 0x35, 0xfe, 0xf6, 0xf0, 0xf4, 0xfe, 0xf6, 0x9e,
  0x59, 0x59, 0xac, 0xad, 0x59, 0x2e, 0x2a, 0x31, 0x2b, 0x2c, 0x81, 0x55,
  0x55, 0x81, 0x2c, 0x2b, 0x31, 0x00, 0x00, 0x00, 0x00, 0x01, 0x00, 0x8b,
  0x00, 0x00, 0x04, 0x37, 0x05, 0xd5, 0x00, 0x06, 0x00, 0x1f, 0x40, 0x1c,
  0x04, 0x01, 0x00, 0x01, 0x01, 0x4a, 0x00, 0x00, 0x00, 0x01, 0x5d, 0x00,
  0x01, 0x01, 0x68, 0x4b, 0x00, 0x02, 0x02, 0x69, 0x02, 0x4c, 0x12, 0x11,
  0x10, 0x03, 0x0b, 0x17, 0x2b, 0x01, 0x21, 0x35, 0x21, 0x15, 0x01, 0x23,
  0x03, 0x56, 0xfd, 0x35, 0x03, 0xac, 0xfd, 0xea, 0xd3, 0x05, 0x2b, 0xaa,
  0x56, 0xfa, 0x81, 0x00, 0x00, 0x03, 0x00, 0x83, 0xff, 0xe3, 0x04, 0x4e,
  0x05, 0xf0, 0x00, 0x20, 0x00, 0x2e, 0x00, 0x3e, 0x00, 0x00, 0x05, 0x22,
  0x24, 0x35, 0x34, 0x37, 0x36, 0x37, 0x2e, 0x01, 0x27, 0x2e, 0x01, 0x35,
  0x34, 0x37, 0x3e, 0x01, 0x33, 0x32, 0x17, 0x16, 0x15, 0x14, 0x06, 0x07,
  0x1e, 0x01, 0x15, 0x14, 0x06, 0x07, 0x06, 0x03, 0x32, 0x37, 0x36, 0x35,
  0x34, 0x27, 0x26, 0x23, 0x22, 0x06, 0x15, 0x14, 0x16, 0x13, 0x32, 0x36,
  0x35, 0x34, 0x26, 0x27, 0x26, 0x23, 0x22, 0x07, 0x06, 0x15, 0x14, 0x17,
  0x16, 0x02, 0x67, 0xe3, 0xfe, 0xff, 0x50, 0x4f, 0x96, 0x3d, 0x68, 0x24,
  0x26, 0x23, 0x79, 0x3b, 0xa3, 0x6b, 0xd1, 0x79, 0x79, 0x8f, 0x83, 0x97,
  0x9e, 0x43, 0x3e, 0x82, 0xe3, 0x7a, 0x40, 0x40, 0x3f, 0x40, 0x7b, 0x79,
  0x80, 0x80, 0x7c, 0x85, 0x93, 0x27, 0x23, 0x4b, 0x86, 0x86, 0x4a, 0x4a,
  0x4a, 0x4c, 0x1d, 0xe0, 0xcd, 0x9f, 0x65, 0x64, 0x21, 0x0f, 0x3e, 0x2d,
  0x2f, 0x70, 0x3f, 0xad, 0x6a, 0x33, 0x35, 0x68, 0x67, 0xb1, 0x84, 0xb1,
  0x22, 0x21, 0xc8, 0x9e, 0x69, 0x9f, 0x36, 0x71, 0x03, 0x81, 0x3f, 0x3f,
  0x78, 0x7a, 0x40, 0x40, 0x80, 0x7a, 0x78, 0x7e, 0xfd, 0x1d, 0x99, 0x88,
  0x4a, 0x6a, 0x23, 0x4c, 0x4b, 0x4c, 0x89, 0x8a, 0x4d, 0x4d, 0x00, 0x00,
  0x00, 0x02, 0x00, 0x7f, 0xff, 0xe3, 0x04, 0x46, 0x05, 0xf0, 0x00, 0x26,
  0x00, 0x39, 0x00, 0x00, 0x05, 0x22, 0x26, 0x27, 0x26, 0x27, 0x35, 0x16,
  0x17, 0x16, 0x33, 0x32, 0x37, 0x36, 0x11, 0x0e, 0x01, 0x07, 0x06, 0x23,
  0x22, 0x27, 0x26, 0x35, 0x34, 0x36, 0x37, 0x36, 0x33, 0x32, 0x16, 0x17,
  0x16, 0x12, 0x15, 0x14, 0x02, 0x07, 0x06, 0x03, 0x32, 0x36, 0x37, 0x36,
  0x35, 0x34, 0x27, 0x2e, 0x01, 0x23, 0x22, 0x06, 0x07, 0x06, 0x15, 0x14,
  0x17, 0x16, 0x02, 0x10, 0x25, 0x4d, 0x23, 0x42, 0x4d, 0x3f, 0x47, 0x4a,
  0x49, 0xc1, 0x63, 0x62, 0x17, 0x46, 0x27, 0x53, 0x7b, 0xcc, 0x77, 0x77,
  0x3b, 0x3f, 0x77, 0xe2, 0x89, 0xb6, 0x3b, 0x40, 0x3a, 0x45, 0x4b, 0x93,
  0xd2, 0x46, 0x66, 0x22, 0x49, 0x49, 0x22, 0x66, 0x46, 0x3e, 0x66, 0x23,
  0x44, 0x44, 0x42, 0x1d, 0x07, 0x08, 0x0e, 0x1f, 0xba, 0x25, 0x13, 0x14,
  0x91, 0x92, 0x01, 0x17, 0x33, 0x4e, 0x19, 0x35, 0x85, 0x86, 0xef, 0x76,
  0xc1, 0x44, 0x83, 0x61, 0x5b, 0x64, 0xfe, 0xe2, 0xb4, 0xc6, 0xfe, 0xd6,
  0x65, 0xc6, 0x02, 0xb3, 0x31, 0x2b, 0x5c, 0xa6, 0xa6, 0x5c, 0x2b, 0x31,
  0x2a, 0x2e, 0x59, 0xad, 0xad, 0x59, 0x58, 0x00, 0x00, 0x02, 0x01, 0xca,
  0x00, 0x3c, 0x03, 0x0e, 0x04, 0x5a, 0x00, 0x0b, 0x00, 0x17, 0x00, 0x2a,
  0x40, 0x27, 0x00, 0x03, 0x05, 0x01, 0x02, 0x03, 0x02, 0x63, 0x04, 0x01,
  0x00, 0x00, 0x01, 0x5f, 0x00, 0x01, 0x01, 0x6b, 0x00, 0x4c, 0x0d, 0x0c,
  0x01, 0x00, 0x13, 0x11, 0x0c, 0x17, 0x0d, 0x17, 0x07, 0x05, 0x00, 0x0b,
  0x01, 0x0b, 0x06, 0x0b, 0x14, 0x2b, 0x01, 0x22, 0x26, 0x35, 0x34, 0x36,
  0x33, 0x32, 0x16, 0x15, 0x14, 0x06, 0x03, 0x22, 0x26, 0x35, 0x34, 0x36,
  0x33, 0x32, 0x16, 0x15, 0x14, 0x06, 0x02, 0x6c, 0x44, 0x5e, 0x5e, 0x44,
  0x44, 0x5e, 0x5e, 0x44, 0x44, 0x5e, 0x5e, 0x44, 0x44, 0x5e, 0x5e, 0x03,
  0x08, 0x5e, 0x4b, 0x4b, 0x5e, 0x5e, 0x4b, 0x4b, 0x5e, 0xfd, 0x34, 0x5e,
  0x4b, 0x4b, 0x5e, 0x5e, 0x4b, 0x4b, 0x5e, 0x00, 0x00, 0x02, 0x01, 0x8a,
  0xfe, 0x2a, 0x03, 0x2c, 0x04, 0x22, 0x00, 0x0f, 0x00, 0x24, 0x00, 0x00,
  0x01, 0x22, 0x27, 0x26, 0x35, 0x34, 0x37, 0x36, 0x33, 0x32, 0x17, 0x16,
  0x15, 0x14, 0x07, 0x06, 0x01, 0x24, 0x37, 0x06, 0x23, 0x22, 0x27, 0x26,
  0x35, 0x34, 0x37, 0x3e, 0x01, 0x33, 0x32, 0x17, 0x16, 0x15, 0x14, 0x02,
  0x07, 0x02, 0x62, 0x48, 0x30, 0x32, 0x32, 0x30, 0x48, 0x49, 0x30, 0x31,
  0x31, 0x30, 0xfe, 0xdf, 0x01, 0x00, 0x09, 0x15, 0x15, 0x45, 0x2f, 0x2e,
  0x30, 0x15, 0x3f, 0x26, 0x59, 0x32, 0x30, 0xc2, 0xb0, 0x02, 0xbf, 0x32,
  0x30, 0x50, 0x4e, 0x32, 0x31, 0x31, 0x31, 0x4f, 0x50, 0x30, 0x32, 0xfb,
  0xd8, 0x72, 0xed, 0x05, 0x29, 0x2b, 0x49, 0x4c, 0x2a, 0x13, 0x17, 0x47,
  0x47, 0x7e, 0xb4, 0xfe, 0xfc, 0x40, 0x00, 0x00, 0x00, 0x01, 0x00, 0x58,
  0x00, 0x8d, 0x04, 0x79, 0x04, 0x77, 0x00, 0x06, 0x00, 0x06, 0xb3, 0x06,
  0x02, 0x01, 0x30, 0x2b, 0x13, 0x35, 0x01, 0x15, 0x09, 0x01, 0x15, 0x58,
  0x04, 0x21, 0xfc, 0xae, 0x03, 0x52, 0x02, 0x2f, 0xa6, 0x01, 0xa2, 0xb6,
  0xfe, 0xc0, 0xfe, 0xc3, 0xb7, 0x00, 0x00, 0x00, 0x00, 0x02, 0x00, 0x58,
  0x01, 0x60, 0x04, 0x79, 0x03, 0xa2, 0x00, 0x03, 0x00, 0x07, 0x00, 0x22,
  0x40, 0x1f, 0x00, 0x00, 0x00, 0x01, 0x02, 0x00, 0x01, 0x65, 0x00, 0x02,
  0x03, 0x03, 0x02, 0x55, 0x00, 0x02, 0x02, 0x03, 0x5d, 0x00, 0x03, 0x02,
  0x03, 0x4d, 0x11, 0x11, 0x11, 0x10, 0x04, 0x0b, 0x18, 0x2b, 0x13, 0x21,
  0x15, 0x21, 0x15, 0x21, 0x15, 0x21, 0x58, 0x04, 0x21, 0xfb, 0xdf, 0x04,
  0x21, 0xfb, 0xdf, 0x03, 0xa2, 0xaa, 0xec, 0xac, 0x00, 0x01, 0x00, 0x58,
  0x00, 0x8d, 0x04, 0x79, 0x04, 0x77, 0x00, 0x06, 0x00, 0x06, 0xb3, 0x06,
  0x03, 0x01, 0x30, 0x2b, 0x13, 0x09, 0x01, 0x35, 0x01, 0x15, 0x01, 0x58,
  0x03, 0x52, 0xfc, 0xae, 0x04, 0x21, 0xfb, 0xdf, 0x01, 0x44, 0x01, 0x3d,
  0x01, 0x40, 0xb6, 0xfe, 0x5e, 0xa6, 0xfe, 0x5e, 0x00, 0x02, 0x00, 0xf4,
  0xff, 0xd8, 0x04, 0x10, 0x05, 0xf8, 0x00, 0x29, 0x00, 0x3a, 0x00, 0x00,
  0x01, 0x34, 0x37, 0x36, 0x3f, 0x01, 0x3e, 0x01, 0x37, 0x36, 0x35, 0x34,
  0x26, 0x27, 0x26, 0x23, 0x22, 0x07, 0x0e, 0x01, 0x07, 0x35, 0x36, 0x37,
  0x36, 0x33, 0x32, 0x16, 0x17, 0x16, 0x15, 0x14, 0x07, 0x06, 0x0f, 0x01,
  0x06, 0x07, 0x06, 0x1d, 0x01, 0x23, 0x13, 0x22, 0x27, 0x26, 0x35, 0x34,
  0x37, 0x3e, 0x01, 0x33, 0x32, 0x17, 0x16, 0x15, 0x14, 0x07, 0x06, 0x01,
  0xee, 0x1e, 0x21, 0x52, 0x5a, 0x1d, 0x2d, 0x0b, 0x18, 0x24, 0x1d, 0x41,
  0x6c, 0x53, 0x56, 0x2d, 0x5d, 0x31, 0x60, 0x5e, 0x5a, 0x69, 0x64, 0x97,
  0x33, 0x6d, 0x22, 0x24, 0x5b, 0x58, 0x46, 0x12, 0x13, 0xbe, 0x63, 0x3e,
  0x2a, 0x2b, 0x2a, 0x11, 0x35, 0x22, 0x3e, 0x2a, 0x2a, 0x2a, 0x2b, 0x02,
  0x47, 0x4f, 0x43, 0x45, 0x52, 0x59, 0x1d, 0x35, 0x15, 0x2c, 0x32, 0x2f,
  0x47, 0x19, 0x37, 0x22, 0x11, 0x34, 0x22, 0xbc, 0x3a, 0x1b, 0x1c, 0x33,
  0x2d, 0x61, 0x9d, 0x51, 0x40, 0x43, 0x5a, 0x56, 0x43, 0x29, 0x27, 0x2c,
  0x7f, 0xfe, 0x00, 0x2a, 0x2b, 0x44, 0x43, 0x2a, 0x11, 0x19, 0x2a, 0x2a,
  0x43, 0x44, 0x2a, 0x2b, 0x00, 0x02, 0x00, 0x1b, 0xfe, 0xc1, 0x04, 0x9a,
  0x05, 0x73, 0x00, 0x3c, 0x00, 0x4b, 0x00, 0x00, 0x01, 0x22, 0x24, 0x27,
  0x26, 0x02, 0x35, 0x34, 0x12, 0x37, 0x36, 0x24, 0x33, 0x32, 0x12, 0x15,
  0x11, 0x23, 0x35, 0x06, 0x07, 0x06, 0x23, 0x22, 0x27, 0x2e, 0x01, 0x35,
  0x34, 0x36, 0x37, 0x3e, 0x01, 0x33, 0x32, 0x17, 0x16, 0x17, 0x35, 0x34,
  0x27, 0x26, 0x23, 0x22, 0x06, 0x07, 0x06, 0x11, 0x10, 0x17, 0x1e, 0x01,
  0x33, 0x32, 0x37, 0x17, 0x0e, 0x01, 0x07, 0x0e, 0x01, 0x03, 0x32, 0x36,
  0x35, 0x34, 0x27, 0x26, 0x23, 0x22, 0x07, 0x06, 0x15, 0x14, 0x17, 0x16,
  0x03, 0x1c, 0xa4, 0xfe, 0xdf, 0x6b, 0x65, 0x6c, 0x5d, 0x5e, 0x60, 0x01,
  0x00, 0x8f, 0xdf, 0xf6, 0x90, 0x26, 0x40, 0x40, 0x53, 0xa2, 0x6a, 0x30,
  0x39, 0x34, 0x35, 0x37, 0x89, 0x49, 0x51, 0x44, 0x43, 0x24, 0x57, 0x56,
  0x9f, 0x70, 0xc3, 0x49, 0x92, 0xa4, 0x4e, 0xdf, 0x89, 0x70, 0x6d, 0x30,
  0x22, 0x3c, 0x1e, 0x1f, 0x3a, 0x1f, 0x6b, 0x80, 0x40, 0x40, 0x6c, 0x69,
  0x41, 0x41, 0x41, 0x41, 0xfe, 0xc1, 0x72, 0x76, 0x70, 0x01, 0x3e, 0xcc,
  0xbc, 0x01, 0x3a, 0x73, 0x76, 0x71, 0xfe, 0xf7, 0xe1, 0xfc, 0xfe, 0x6f,
  0x3f, 0x22, 0x22, 0x78, 0x36, 0x9e, 0x63, 0x5b, 0x9c, 0x3d, 0x3f, 0x3a,
  0x23, 0x22, 0x3e, 0x3f, 0x9f, 0x5d, 0x5e, 0x5f, 0x60, 0xbf, 0xfe, 0xbe,
  0xfe, 0xad, 0xc0, 0x5d, 0x65, 0x29, 0x87, 0x0e, 0x11, 0x06, 0x06, 0x06,
  0x02, 0x43, 0x9d, 0x80, 0x84, 0x4c, 0x4c, 0x4d, 0x4d, 0x81, 0x84, 0x4d,
  0x4d, 0x00, 0x00, 0x00, 0x00, 0x02, 0x00, 0x25, 0x00, 0x00, 0x04, 0xac,
  0x05, 0xd5, 0x00, 0x07, 0x00, 0x0a, 0x00, 0x2b, 0x40, 0x28, 0x09, 0x01,
  0x04, 0x00, 0x01, 0x4a, 0x05, 0x01, 0x04, 0x00, 0x02, 0x01, 0x04, 0x02,
  0x66, 0x00, 0x00, 0x00, 0x68, 0x4b, 0x03, 0x01, 0x01, 0x01, 0x69, 0x01,
  0x4c, 0x08, 0x08, 0x08, 0x0a, 0x08, 0x0a, 0x11, 0x11, 0x11, 0x10, 0x06,
  0x0b, 0x18, 0x2b, 0x01, 0x33, 0x01, 0x23, 0x03, 0x21, 0x03, 0x23, 0x01,
  0x0b, 0x01, 0x01, 0xee, 0xf5, 0x01, 0xc9, 0xd1, 0x6e, 0xfd, 0xf5, 0x6c,
  0xd1, 0x03, 0x18, 0xd5, 0xd5, 0x05, 0xd5, 0xfa, 0x2b, 0x01, 0x85, 0xfe,
  0x7b, 0x02, 0x27, 0x02, 0xfc, 0xfd, 0x04, 0x00, 0x00, 0x03, 0x00, 0xa6,
  0x00, 0x00, 0x04, 0x71, 0x05, 0xd5, 0x00, 0x14, 0x00, 0x1f, 0x00, 0x2a,
  0x00, 0x00, 0x13, 0x21, 0x32, 0x17, 0x16, 0x15, 0x14, 0x06, 0x07, 0x0e,
  0x01, 0x07, 0x16, 0x17, 0x16, 0x15, 0x14, 0x07, 0x06, 0x29, 0x01, 0x01,
  0x32, 0x37, 0x36, 0x35, 0x34, 0x27, 0x26, 0x2b, 0x01, 0x11, 0x13, 0x32,
  0x37, 0x36, 0x35, 0x34, 0x27, 0x26, 0x2b, 0x01, 0x11, 0xa6, 0x01, 0xba,
  0xe4, 0x7d, 0x7c, 0x22, 0x1f, 0x20, 0x62, 0x43, 0x94, 0x53, 0x53, 0x85,
  0x86, 0xfe, 0xfa, 0xfe, 0x46, 0x01, 0xb6, 0x94, 0x40, 0x41, 0x40, 0x41,
  0x94, 0xeb, 0xef, 0xae, 0x4d, 0x4b, 0x4f, 0x50, 0xa7, 0xef, 0x05, 0xd5,
  0x63, 0x63, 0xb6, 0x46, 0x6b, 0x26, 0x26, 0x33, 0x0a, 0x16, 0x67, 0x67,
  0xa2, 0xca, 0x67, 0x68, 0x03, 0x6d, 0x39, 0x38, 0x79, 0x75, 0x31, 0x32,
  0xfe, 0x3e, 0xfd, 0x39, 0x3e, 0x3e, 0x8c, 0x92, 0x45, 0x44, 0xfd, 0xdd,
  0x00, 0x01, 0x00, 0x8b, 0xff, 0xe3, 0x04, 0x31, 0x05, 0xf0, 0x00, 0x1f,
  0x00, 0x00, 0x05, 0x22, 0x26, 0x27, 0x26, 0x11, 0x34, 0x12, 0x24, 0x33,
  0x32, 0x16, 0x17, 0x15, 0x26, 0x27, 0x26, 0x23, 0x22, 0x07, 0x06, 0x11,
  0x10, 0x21, 0x32, 0x37, 0x36, 0x37, 0x15, 0x06, 0x07, 0x06, 0x02, 0xe6,
  0x8c, 0xe1, 0x50, 0x9e, 0x90, 0x01, 0x0f, 0xbc, 0x61, 0x9b, 0x4f, 0x49,
  0x56, 0x57, 0x56, 0xc3, 0x62, 0x62, 0x01, 0x89, 0x56, 0x57, 0x54, 0x49,
  0x4f, 0x4f, 0x50, 0x1d, 0x64, 0x67, 0xcd, 0x01, 0x6d, 0xf4, 0x01, 0x5b,
  0xb9, 0x26, 0x2c, 0xcf, 0x3d, 0x20, 0x20, 0x98, 0x98, 0xfe, 0xcd, 0xfd,
  0x9e, 0x20, 0x20, 0x3d, 0xcf, 0x29, 0x15, 0x14, 0x00, 0x02, 0x00, 0x89,
  0x00, 0x00, 0x04, 0x52, 0x05, 0xd5, 0x00, 0x09, 0x00, 0x15, 0x00, 0x00,
  0x13, 0x21, 0x20, 0x00, 0x11, 0x10, 0x07, 0x06, 0x29, 0x01, 0x25, 0x20,
  0x37, 0x36, 0x11, 0x10, 0x27, 0x2e, 0x01, 0x2b, 0x01, 0x11, 0x89, 0x01,
  0x2f, 0x01, 0x56, 0x01, 0x44, 0xa2, 0xa2, 0xfe, 0xaa, 0xfe, 0xd1, 0x01,
  0x2b, 0x01, 0x00, 0x64, 0x65, 0x64, 0x33, 0xb5, 0x7d, 0x60, 0x05, 0xd5,
  0xfe, 0x94, 0xfe, 0x80, 0xfe, 0x83, 0xb6, 0xb6, 0xa6, 0x7e, 0x7d, 0x01,
  0x4a, 0x01, 0x4b, 0x7c, 0x40, 0x3d, 0xfb, 0x77, 0x00, 0x01, 0x00, 0xc5,
  0x00, 0x00, 0x04, 0x4e, 0x05, 0xd5, 0x00, 0x0b, 0x00, 0x29, 0x40, 0x26,
  0x00, 0x02, 0x00, 0x03, 0x04, 0x02, 0x03, 0x65, 0x00, 0x01, 0x01, 0x00,
  0x5d, 0x00, 0x00, 0x00, 0x68, 0x4b, 0x00, 0x04, 0x04, 0x05, 0x5d, 0x00,
  0x05, 0x05, 0x69, 0x05, 0x4c, 0x11, 0x11, 0x11, 0x11, 0x11, 0x10, 0x06,
  0x0b, 0x1a, 0x2b, 0x13, 0x21, 0x15, 0x21, 0x11, 0x21, 0x15, 0x21, 0x11,
  0x21, 0x15, 0x21, 0xc5, 0x03, 0x76, 0xfd, 0x54, 0x02, 0x8e, 0xfd, 0x72,
  0x02, 0xbf, 0xfc, 0x77, 0x05, 0xd5, 0xaa, 0xfe, 0x46, 0xaa, 0xfd, 0xe3,
  0xaa, 0x00, 0x00, 0x00, 0x00, 0x01, 0x00, 0xe9, 0x00, 0x00, 0x04, 0x58,
  0x05, 0xd5, 0x00, 0x09, 0x00, 0x23, 0x40, 0x20, 0x00, 0x02, 0x00, 0x03,
  0x04, 0x02, 0x03, 0x65, 0x00, 0x01, 0x01, 0x00, 0x5d, 0x00, 0x00, 0x00,
  0x68, 0x4b, 0x00, 0x04, 0x04, 0x69, 0x04, 0x4c, 0x11, 0x11, 0x11, 0x11,
  0x10, 0x05, 0x0b, 0x19, 0x2b, 0x13, 0x21, 0x15, 0x21, 0x11, 0x21, 0x15,
  0x21, 0x11, 0x23, 0xe9, 0x03, 0x6f, 0xfd, 0x5c, 0x02, 0x65, 0xfd, 0x9b,
  0xcb, 0x05, 0xd5, 0xaa, 0xfe, 0x34, 0xaa, 0xfd, 0x4b, 0x00, 0x00, 0x00,
  0x00, 0x01, 0x00, 0x66, 0xff, 0xe3, 0x04, 0x50, 0x05, 0xf0, 0x00, 0x29,
  0x00, 0x00, 0x05, 0x22, 0x26, 0x27, 0x26, 0x11, 0x10, 0x00, 0x21, 0x32,
  0x17, 0x16, 0x17, 0x15, 0x2e, 0x01, 0x27, 0x2e, 0x01, 0x23, 0x22, 0x07,
  0x06, 0x11, 0x14, 0x16, 0x17, 0x16, 0x33, 0x32, 0x37, 0x3e, 0x01, 0x37,
  0x11, 0x23, 0x35, 0x21, 0x11, 0x06, 0x07, 0x06, 0x02, 0xbc, 0x8f, 0xdd,
  0x4d, 0x9d, 0x01, 0x40, 0x01, 0x19, 0x62, 0x56, 0x58, 0x4e, 0x2b, 0x55,
  0x26, 0x2c, 0x5c, 0x2d, 0xc3, 0x63, 0x63, 0x30, 0x30, 0x5f, 0xc7, 0x42,
  0x33, 0x18, 0x2e, 0x15, 0xd9, 0x01, 0x9a, 0x52, 0x64, 0x66, 0x1d, 0x68,
  0x64, 0xcd, 0x01, 0x6c, 0x01, 0x72, 0x01, 0x96, 0x1a, 0x1c, 0x35, 0xcf,
  0x29, 0x38, 0x11, 0x13, 0x11, 0x98, 0x98, 0xfe, 0xcb, 0x9e, 0xe1, 0x4b,
  0x96, 0x10, 0x08, 0x17, 0x11, 0x01, 0x91, 0xa6, 0xfd, 0x7d, 0x4c, 0x25,
  0x27, 0x00, 0x00, 0x00, 0x00, 0x01, 0x00, 0x89, 0x00, 0x00, 0x04, 0x48,
  0x05, 0xd5, 0x00, 0x0b, 0x00, 0x21, 0x40, 0x1e, 0x00, 0x01, 0x00, 0x04,
  0x03, 0x01, 0x04, 0x65, 0x02, 0x01, 0x00, 0x00, 0x68, 0x4b, 0x05, 0x01,
  0x03, 0x03, 0x69, 0x03, 0x4c, 0x11, 0x11, 0x11, 0x11, 0x11, 0x10, 0x06,
  0x0b, 0x1a, 0x2b, 0x13, 0x33, 0x11, 0x21, 0x11, 0x33, 0x11, 0x23, 0x11,
  0x21, 0x11, 0x23, 0x89, 0xcb, 0x02, 0x29, 0xcb, 0xcb, 0xfd, 0xd7, 0xcb,
  0x05, 0xd5, 0xfd, 0x9c, 0x02, 0x64, 0xfa, 0x2b, 0x02, 0xc7, 0xfd, 0x39,
  0x00, 0x01, 0x00, 0xc9, 0x00, 0x00, 0x04, 0x06, 0x05, 0xd5, 0x00, 0x0b,
  0x00, 0x23, 0x40, 0x20, 0x03, 0x01, 0x01, 0x01, 0x02, 0x5d, 0x00, 0x02,
  0x02, 0x68, 0x4b, 0x04, 0x01, 0x00, 0x00, 0x05, 0x5d, 0x00, 0x05, 0x05,
  0x69, 0x05, 0x4c, 0x11, 0x11, 0x11, 0x11, 0x11, 0x10, 0x06, 0x0b, 0x1a,
  0x2b, 0x37, 0x21, 0x11, 0x21, 0x35, 0x21, 0x15, 0x21, 0x11, 0x21, 0x15,
  0x21, 0xc9, 0x01, 0x39, 0xfe, 0xc7, 0x03, 0x3d, 0xfe, 0xc7, 0x01, 0x39,
  0xfc, 0xc3, 0xaa, 0x04, 0x81, 0xaa, 0xaa, 0xfb, 0x7f, 0xaa, 0x00, 0x00,
  0x00, 0x01, 0x00, 0x6d, 0xff, 0xe3, 0x03, 0xbc, 0x05, 0xd5, 0x00, 0x16,
  0x00, 0x00, 0x05, 0x22, 0x27, 0x26, 0x27, 0x35, 0x16, 0x17, 0x16, 0x33,
  0x32, 0x36, 0x37, 0x36, 0x35, 0x11, 0x21, 0x35, 0x21, 0x11, 0x14, 0x0e,
  0x01, 0x01, 0xf6, 0x6a, 0x59, 0x5f, 0x67, 0x5b, 0x61, 0x64, 0x66, 0x43,
  0x67, 0x1d, 0x38, 0xfe, 0x83, 0x02, 0x47, 0x5c, 0xc8, 0x1d, 0x16, 0x16,
  0x2e, 0xec, 0x51, 0x28, 0x29, 0x24, 0x27, 0x4a, 0xcb, 0x03, 0x44, 0xaa,
  0xfc, 0x12, 0xbc, 0xe3, 0x65, 0x00, 0x00, 0x00, 0x00, 0x01, 0x00, 0x89,
  0x00, 0x00, 0x04, 0xc9, 0x05, 0xd5, 0x00, 0x0b, 0x00, 0x20, 0x40, 0x1d,
  0x09, 0x08, 0x05, 0x02, 0x04, 0x02, 0x00, 0x01, 0x4a, 0x01, 0x01, 0x00,
  0x00, 0x68, 0x4b, 0x03, 0x01, 0x02, 0x02, 0x69, 0x02, 0x4c, 0x13, 0x12,
  0x12, 0x10, 0x04, 0x0b, 0x18, 0x2b, 0x13, 0x33, 0x11, 0x01, 0x33, 0x09,
  0x01, 0x23, 0x01, 0x07, 0x11, 0x23, 0x89, 0xcb, 0x02, 0x77, 0xed, 0xfd,
  0xbb, 0x02, 0x56, 0xf4, 0xfe, 0x19, 0x9a, 0xcb, 0x05, 0xd5, 0xfd, 0x68,
  0x02, 0x98, 0xfd, 0x9e, 0xfc, 0x8d, 0x02, 0xec, 0xa4, 0xfd, 0xb8, 0x00,
  0x00, 0x01, 0x00, 0xd7, 0x00, 0x00, 0x04, 0x73, 0x05, 0xd5, 0x00, 0x05,
  0x00, 0x19, 0x40, 0x16, 0x00, 0x00, 0x00, 0x68, 0x4b, 0x00, 0x01, 0x01,
  0x02, 0x5e, 0x00, 0x02, 0x02, 0x69, 0x02, 0x4c, 0x11, 0x11, 0x10, 0x03,
  0x0b, 0x17, 0x2b, 0x13, 0x33, 0x11, 0x21, 0x15, 0x21, 0xd7, 0xcb, 0x02,
  0xd1, 0xfc, 0x64, 0x05, 0xd5, 0xfa, 0xd5, 0xaa, 0x00, 0x01, 0x00, 0x56,
  0x00, 0x00, 0x04, 0x79, 0x05, 0xd5, 0x00, 0x0c, 0x00, 0x28, 0x40, 0x25,
  0x0a, 0x07, 0x02, 0x03, 0x03, 0x00, 0x01, 0x4a, 0x00, 0x03, 0x00, 0x02,
  0x00, 0x03, 0x02, 0x7e, 0x01, 0x01, 0x00, 0x00, 0x68, 0x4b, 0x04, 0x01,
  0x02, 0x02, 0x69, 0x02, 0x4c, 0x12, 0x12, 0x11, 0x12, 0x10, 0x05, 0x0b,
  0x19, 0x2b, 0x13, 0x21, 0x09, 0x01, 0x21, 0x11, 0x23, 0x11, 0x01, 0x23,
  0x01, 0x11, 0x23, 0x56, 0x01, 0x0e, 0x01, 0x02, 0x01, 0x04, 0x01, 0x0f,
  0xbb, 0xfe, 0xf6, 0x99, 0xfe, 0xf5, 0xba, 0x05, 0xd5, 0xfd, 0x08, 0x02,
  0xf8, 0xfa, 0x2b, 0x05, 0x27, 0xfc, 0xed, 0x03, 0x13, 0xfa, 0xd9, 0x00,
  0x00, 0x01, 0x00, 0x8b, 0x00, 0x00, 0x04, 0x46, 0x05, 0xd5, 0x00, 0x09,
  0x00, 0x1e, 0x40, 0x1b, 0x07, 0x02, 0x02, 0x02, 0x00, 0x01, 0x4a, 0x01,
  0x01, 0x00, 0x00, 0x68, 0x4b, 0x03, 0x01, 0x02, 0x02, 0x69, 0x02, 0x4c,
  0x12, 0x11, 0x12, 0x10, 0x04, 0x0b, 0x18, 0x2b, 0x13, 0x21, 0x01, 0x11,
  0x33, 0x11, 0x21, 0x01, 0x11, 0x23, 0x8b, 0x01, 0x00, 0x01, 0xf8, 0xc3,
  0xff, 0x00, 0xfe, 0x08, 0xc3, 0x05, 0xd5, 0xfb, 0x33, 0x04, 0xcd, 0xfa,
  0x2b, 0x04, 0xcd, 0xfb, 0x33, 0x00, 0x00, 0x00, 0x00, 0x02, 0x00, 0x75,
  0xff, 0xe3, 0x04, 0x5c, 0x05, 0xf0, 0x00, 0x11, 0x00, 0x21, 0x00, 0x00,
  0x05, 0x22, 0x27, 0x26, 0x11, 0x10, 0x37, 0x36, 0x33, 0x32, 0x16, 0x17,
  0x16, 0x11, 0x10, 0x07, 0x0e, 0x01, 0x27, 0x32, 0x37, 0x36, 0x11, 0x10,
  0x27, 0x26, 0x23, 0x22, 0x07, 0x06, 0x11, 0x10, 0x17, 0x16, 0x02, 0x68,
  0xfd, 0x7b, 0x7b, 0x7c, 0x7d, 0xfa, 0x7b, 0xbe, 0x40, 0x7b, 0x7b, 0x40,
  0xbe, 0x7b, 0x9a, 0x44, 0x43, 0x43, 0x44, 0x9a, 0x98, 0x44, 0x44, 0x44,
  0x44, 0x1d, 0xbf, 0xbe, 0x01, 0x89, 0x01, 0x89, 0xbe, 0xc0, 0x5c, 0x64,
  0xc0, 0xfe, 0x79, 0xfe, 0x7a, 0xc0, 0x64, 0x5c, 0xa4, 0x8d, 0x89, 0x01,
  0x4c, 0x01, 0x4c, 0x8a, 0x8d, 0x8d, 0x90, 0xfe, 0xba, 0xfe, 0xbb, 0x90,
  0x8d, 0x00, 0x00, 0x00, 0x00, 0x02, 0x00, 0xac, 0x00, 0x00, 0x04, 0x5c,
  0x05, 0xd5, 0x00, 0x0d, 0x00, 0x19, 0x00, 0x00, 0x13, 0x21, 0x32, 0x17,
  0x1e, 0x01, 0x15, 0x14, 0x07, 0x06, 0x2b, 0x01, 0x11, 0x23, 0x01, 0x32,
  0x36, 0x37, 0x36, 0x35, 0x34, 0x27, 0x26, 0x2b, 0x01, 0x11, 0xac, 0x01,
  0xb4, 0xf8, 0x83, 0x43, 0x3e, 0x80, 0x7f, 0xfd, 0xea, 0xca, 0x01, 0xb4,
  0x4b, 0x6c, 0x24, 0x4e, 0x4e, 0x4c, 0x8f, 0xea, 0x05, 0xd5, 0x71, 0x3b,
  0xa9, 0x6a, 0xdc, 0x71, 0x71, 0xfd, 0xa8, 0x02, 0xfe, 0x28, 0x22, 0x4a,
  0x85, 0x85, 0x4a, 0x49, 0xfd, 0xcf, 0x00, 0x00, 0x00, 0x02, 0x00, 0x72,
  0xfe, 0xa2, 0x04, 0xb2, 0x05, 0xf0, 0x00, 0x16, 0x00, 0x26, 0x00, 0x00,
  0x05, 0x22, 0x06, 0x23, 0x06, 0x02, 0x13, 0x10, 0x37, 0x36, 0x33, 0x32,
  0x16, 0x17, 0x16, 0x11, 0x10, 0x07, 0x0e, 0x01, 0x07, 0x01, 0x23, 0x01,
  0x32, 0x37, 0x36, 0x11, 0x10, 0x27, 0x26, 0x23, 0x22, 0x07, 0x06, 0x11,
  0x10, 0x17, 0x16, 0x02, 0x8f, 0x05, 0x1e, 0x03, 0xf9, 0xfe, 0x03, 0x7c,
  0x7d, 0xfa, 0x7b, 0xbe, 0x40, 0x7b, 0x44, 0x21, 0x68, 0x47, 0x01, 0x6a,
  0xec, 0xfe, 0xa2, 0x9a, 0x44, 0x43, 0x43, 0x44, 0x9a, 0x98, 0x44, 0x44,
  0x44, 0x44, 0x1b, 0x02, 0x06, 0x01, 0x8d, 0x01, 0x7f, 0x01, 0x89, 0xbe,
  0xc0, 0x5c, 0x64, 0xc0, 0xfe, 0x79, 0xfe, 0xdc, 0xb5, 0x58, 0x80, 0x24,
  0xfe, 0x8e, 0x01, 0xe5, 0x8d, 0x89, 0x01, 0x4c, 0x01, 0x4c, 0x8a, 0x8d,
  0x8d, 0x90, 0xfe, 0xba, 0xfe, 0xbb, 0x90, 0x8d, 0x00, 0x02, 0x00, 0x8f,
  0x00, 0x00, 0x04, 0xd1, 0x05, 0xd5, 0x00, 0x1b, 0x00, 0x27, 0x00, 0x00,
  0x13, 0x21, 0x32, 0x17, 0x16, 0x15, 0x14, 0x06, 0x07, 0x06, 0x07, 0x16,
  0x17, 0x1e, 0x01, 0x17, 0x13, 0x23, 0x03, 0x2e, 0x01, 0x27, 0x2e, 0x01,
  0x2b, 0x01, 0x11, 0x23, 0x01, 0x32, 0x37, 0x36, 0x35, 0x34, 0x27, 0x2e,
  0x01, 0x2b, 0x01, 0x11, 0x8f, 0x01, 0xa0, 0xf7, 0x82, 0x83, 0x28, 0x28,
  0x4f, 0x94, 0x51, 0x34, 0x1c, 0x41, 0x2c, 0xcb, 0xd9, 0xb2, 0x27, 0x45,
  0x1e, 0x1f, 0x53, 0x2f, 0xc1, 0xcb, 0x01, 0xa8, 0x91, 0x47, 0x47, 0x4b,
  0x24, 0x6d, 0x4b, 0xd5, 0x05, 0xd5, 0x6f, 0x70, 0xcd, 0x4f, 0x77, 0x2f,
  0x5e, 0x15, 0x14, 0x37, 0x1d, 0x69, 0x58, 0xfe, 0x68, 0x01, 0x79, 0x53,
  0x66, 0x17, 0x18, 0x16, 0xfd, 0x89, 0x03, 0x1d, 0x41, 0x41, 0x84, 0x83,
  0x45, 0x20, 0x24, 0xfd, 0xee, 0x00, 0x00, 0x00, 0x00, 0x01, 0x00, 0x8b,
  0xff, 0xe3, 0x04, 0x4a, 0x05, 0xf0, 0x00, 0x38, 0x00, 0x00, 0x05, 0x22,
  0x26, 0x27, 0x35, 0x16, 0x17, 0x16, 0x33, 0x32, 0x37, 0x36, 0x35, 0x34,
  0x27, 0x2e, 0x01, 0x2f, 0x01, 0x2e, 0x01, 0x27, 0x26, 0x35, 0x34, 0x37,
  0x3e, 0x01, 0x33, 0x32, 0x17, 0x1e, 0x01, 0x17, 0x15, 0x2e, 0x01, 0x27,
  0x26, 0x23, 0x22, 0x06, 0x15, 0x14, 0x16, 0x17, 0x16, 0x1f, 0x01, 0x16,
  0x17, 0x16, 0x15, 0x14, 0x06, 0x07, 0x06, 0x02, 0x48, 0x6b, 0xd4, 0x6b,
  0x71, 0x69, 0x65, 0x68, 0x99, 0x56, 0x55, 0x3a, 0x20, 0x61, 0x4b, 0x6c,
  0x65, 0x97, 0x32, 0x5e, 0x87, 0x40, 0xb3, 0x72, 0x57, 0x5e, 0x2e, 0x65,
  0x35, 0x30, 0x5b, 0x2d, 0x5d, 0x5d, 0x8f, 0xa7, 0x1d, 0x1a, 0x39, 0x92,
  0x6a, 0xcf, 0x62, 0x61, 0x46, 0x3d, 0x83, 0x1d, 0x2e, 0x2c, 0xd7, 0x48,
  0x23, 0x22, 0x44, 0x44, 0x81, 0x6b, 0x3a, 0x21, 0x2a, 0x11, 0x19, 0x17,
  0x44, 0x33, 0x5e, 0xa1, 0xcb, 0x77, 0x39, 0x3e, 0x13, 0x0a, 0x1d, 0x14,
  0xcd, 0x1f, 0x2b, 0x0f, 0x1e, 0x86, 0x75, 0x33, 0x45, 0x19, 0x36, 0x22,
  0x18, 0x2f, 0x6b, 0x67, 0xb5, 0x72, 0xa1, 0x34, 0x70, 0x00, 0x00, 0x00,
  0x00, 0x01, 0x00, 0x2f, 0x00, 0x00, 0x04, 0xa2, 0x05, 0xd5, 0x00, 0x07,
  0x00, 0x1b, 0x40, 0x18, 0x02, 0x01, 0x00, 0x00, 0x01, 0x5d, 0x00, 0x01,
  0x01, 0x68, 0x4b, 0x00, 0x03, 0x03, 0x69, 0x03, 0x4c, 0x11, 0x11, 0x11,
  0x10, 0x04, 0x0b, 0x18, 0x2b, 0x01, 0x21, 0x35, 0x21, 0x15, 0x21, 0x11,
  0x23, 0x02, 0x04, 0xfe, 0x2b, 0x04, 0x73, 0xfe, 0x2d, 0xcb, 0x05, 0x2b,
  0xaa, 0xaa, 0xfa, 0xd5, 0x00, 0x01, 0x00, 0x93, 0xff, 0xe3, 0x04, 0x3d,
  0x05, 0xd5, 0x00, 0x2b, 0x00, 0x00, 0x05, 0x22, 0x27, 0x2e, 0x01, 0x27,
  0x2e, 0x01, 0x27, 0x2e, 0x01, 0x35, 0x11, 0x33, 0x11, 0x14, 0x17, 0x16,
  0x17, 0x16, 0x17, 0x16, 0x33, 0x32, 0x37, 0x36, 0x37, 0x36, 0x37, 0x36,
  0x35, 0x11, 0x33, 0x11, 0x14, 0x06, 0x07, 0x06, 0x07, 0x0e, 0x01, 0x07,
  0x0e, 0x01, 0x02, 0x68, 0x68, 0x55, 0x27, 0x53, 0x20, 0x1f, 0x30, 0x11,
  0x10, 0x0e, 0xcb, 0x06, 0x06, 0x0f, 0x20, 0x3d, 0x3c, 0x56, 0x57, 0x3c,
  0x3e, 0x1f, 0x10, 0x05, 0x06, 0xca, 0x10, 0x0c, 0x1b, 0x47, 0x21, 0x51,
  0x27, 0x25, 0x5e, 0x1d, 0x1d, 0x0e, 0x2d, 0x1d, 0x1c, 0x4c, 0x39, 0x32,
  0x97, 0x7b, 0x03, 0x98, 0xfc, 0x0c, 0x6d, 0x2e, 0x2e, 0x1a, 0x3b, 0x1e,
  0x1e, 0x1e, 0x20, 0x39, 0x1d, 0x2a, 0x2f, 0x6b, 0x03, 0xf6, 0xfc, 0x68,
  0x84, 0x93, 0x2d, 0x61, 0x40, 0x1e, 0x2c, 0x0e, 0x0d, 0x10, 0x00, 0x00,
  0x00, 0x01, 0x00, 0x39, 0x00, 0x00, 0x04, 0x98, 0x05, 0xd5, 0x00, 0x06,
  0x00, 0x1b, 0x40, 0x18, 0x02, 0x01, 0x02, 0x00, 0x01, 0x4a, 0x01, 0x01,
  0x00, 0x00, 0x68, 0x4b, 0x00, 0x02, 0x02, 0x69, 0x02, 0x4c, 0x11, 0x12,
  0x10, 0x03, 0x0b, 0x17, 0x2b, 0x13, 0x33, 0x09, 0x01, 0x33, 0x01, 0x23,
  0x39, 0xd1, 0x01, 0x5e, 0x01, 0x5f, 0xd1, 0xfe, 0x4b, 0xf5, 0x05, 0xd5,
  0xfa, 0xd5, 0x05, 0x2b, 0xfa, 0x2b, 0x00, 0x00, 0x00, 0x01, 0x00, 0x00,
  0x00, 0x00, 0x04, 0xd1, 0x05, 0xd5, 0x00, 0x0c, 0x00, 0x45, 0xb7, 0x0a,
  0x05, 0x02, 0x03, 0x03, 0x01, 0x01, 0x4a, 0x4b, 0xb0, 0x1c, 0x50, 0x58,
  0x40, 0x12, 0x02, 0x01, 0x00, 0x00, 0x68, 0x4b, 0x00, 0x01, 0x01, 0x6b,
  0x4b, 0x04, 0x01, 0x03, 0x03, 0x69, 0x03, 0x4c, 0x1b, 0x40, 0x15, 0x00,
  0x01, 0x00, 0x03, 0x00, 0x01, 0x03, 0x7e, 0x02, 0x01, 0x00, 0x00, 0x68,
  0x4b, 0x04, 0x01, 0x03, 0x03, 0x69, 0x03, 0x4c, 0x59, 0xb7, 0x12, 0x11,
  0x12, 0x12, 0x10, 0x05, 0x0b, 0x19, 0x2b, 0x11, 0x33, 0x1b, 0x01, 0x33,
  0x1b, 0x01, 0x33, 0x03, 0x23, 0x0b, 0x01, 0x23, 0xc5, 0x8f, 0xaa, 0xd3,
  0xac, 0x8f, 0xc5, 0xdf, 0xbf, 0xcb, 0xca, 0xbf, 0x05, 0xd5, 0xfb, 0x44,
  0x03, 0x22, 0xfc, 0xdc, 0x04, 0xbe, 0xfa, 0x2b, 0x03, 0x77, 0xfc, 0x89,
  0x00, 0x01, 0x00, 0x12, 0x00, 0x00, 0x04, 0xbe, 0x05, 0xd5, 0x00, 0x0b,
  0x00, 0x1f, 0x40, 0x1c, 0x09, 0x06, 0x03, 0x03, 0x02, 0x00, 0x01, 0x4a,
  0x01, 0x01, 0x00, 0x00, 0x68, 0x4b, 0x03, 0x01, 0x02, 0x02, 0x69, 0x02,
  0x4c, 0x12, 0x12, 0x12, 0x11, 0x04, 0x0b, 0x18, 0x2b, 0x09, 0x01, 0x33,
  0x09, 0x01, 0x33, 0x09, 0x01, 0x23, 0x09, 0x01, 0x23, 0x02, 0x06, 0xfe,
  0x50, 0xd9, 0x01, 0x48, 0x01, 0x4e, 0xd9, 0xfe, 0x41, 0x01, 0xdf, 0xd9,
  0xfe, 0x92, 0xfe, 0x75, 0xda, 0x03, 0x17, 0x02, 0xbe, 0xfd, 0xcd, 0x02,
  0x33, 0xfd, 0x42, 0xfc, 0xe9, 0x02, 0x83, 0xfd, 0x7d, 0x00, 0x00, 0x00,
  0x00, 0x01, 0x00, 0x25, 0x00, 0x00, 0x04, 0xac, 0x05, 0xd5, 0x00, 0x08,
  0x00, 0x1d, 0x40, 0x1a, 0x06, 0x03, 0x00, 0x03, 0x02, 0x00, 0x01, 0x4a,
  0x01, 0x01, 0x00, 0x00, 0x68, 0x4b, 0x00, 0x02, 0x02, 0x69, 0x02, 0x4c,
  0x12, 0x12, 0x11, 0x03, 0x0b, 0x17, 0x2b, 0x09, 0x01, 0x33, 0x09, 0x01,
  0x33, 0x01, 0x11, 0x23, 0x02, 0x02, 0xfe, 0x23, 0xd7, 0x01, 0x6c, 0x01,
  0x6b, 0xd9, 0xfe, 0x21, 0xcb, 0x02, 0x9e, 0x03, 0x37, 0xfd, 0x6d, 0x02,
  0x93, 0xfc, 0xc9, 0xfd, 0x62, 0x00, 0x00, 0x00, 0x00, 0x01, 0x00, 0x6e,
  0x00, 0x00, 0x04, 0x63, 0x05, 0xd5, 0x00, 0x09, 0x00, 0x29, 0x40, 0x26,
  0x05, 0x01, 0x00, 0x01, 0x00, 0x01, 0x03, 0x02, 0x02, 0x4a, 0x00, 0x00,
  0x00, 0x01, 0x5d, 0x00, 0x01, 0x01, 0x68, 0x4b, 0x00, 0x02, 0x02, 0x03,
  0x5d, 0x00, 0x03, 0x03, 0x69, 0x03, 0x4c, 0x11, 0x12, 0x11, 0x11, 0x04,
  0x0b, 0x18, 0x2b, 0x37, 0x01, 0x21, 0x35, 0x21, 0x15, 0x01, 0x21, 0x15,
  0x21, 0x6e, 0x02, 0xf7, 0xfd, 0x1f, 0x03, 0xc9, 0xfc, 0xf4, 0x03, 0x22,
  0xfc, 0x0b, 0x9a, 0x04, 0x91, 0xaa, 0x9a, 0xfb, 0x6f, 0xaa, 0x00, 0x00,
  0x00, 0x01, 0x01, 0x43, 0xfe, 0xf2, 0x03, 0xb3, 0x06, 0x64, 0x00, 0x07,
  0x00, 0x22, 0x40, 0x1f, 0x00, 0x00, 0x00, 0x01, 0x02, 0x00, 0x01, 0x65,
  0x00, 0x02, 0x03, 0x03, 0x02, 0x55, 0x00, 0x02, 0x02, 0x03, 0x5d, 0x00,
  0x03, 0x02, 0x03, 0x4d, 0x11, 0x11, 0x11, 0x10, 0x04, 0x0b, 0x18, 0x2b,
  0x01, 0x21, 0x15, 0x21, 0x11, 0x21, 0x15, 0x21, 0x01, 0x43, 0x02, 0x70,
  0xfe, 0x48, 0x01, 0xb8, 0xfd, 0x90, 0x06, 0x64, 0x8f, 0xf9, 0xac, 0x8f,
  0x00, 0x01, 0x00, 0x80, 0xff, 0x42, 0x04, 0x51, 0x05, 0xd5, 0x00, 0x03,
  0x00, 0x13, 0x40, 0x10, 0x00, 0x01, 0x00, 0x01, 0x84, 0x00, 0x00, 0x00,
  0x68, 0x00, 0x4c, 0x11, 0x10, 0x02, 0x0b, 0x16, 0x2b, 0x13, 0x33, 0x01,
  0x23, 0x80, 0xbf, 0x03, 0x12, 0xbe, 0x05, 0xd5, 0xf9, 0x6d, 0x00, 0x00,
  0x00, 0x01, 0x01, 0x1e, 0xfe, 0xf2, 0x03, 0x8e, 0x06, 0x63, 0x00, 0x07,
  0x00, 0x22, 0x40, 0x1f, 0x00, 0x02, 0x00, 0x01, 0x00, 0x02, 0x01, 0x65,
  0x00, 0x00, 0x03, 0x03, 0x00, 0x55, 0x00, 0x00, 0x00, 0x03, 0x5d, 0x00,
  0x03, 0x00, 0x03, 0x4d, 0x11, 0x11, 0x11, 0x10, 0x04, 0x0b, 0x18, 0x2b,
  0x05, 0x21, 0x11, 0x21, 0x35, 0x21, 0x11, 0x21, 0x01, 0x1e, 0x01, 0xb8,
  0xfe, 0x48, 0x02, 0x70, 0xfd, 0x90, 0x7f, 0x06, 0x53, 0x8f, 0xf8, 0x8f,
  0x00, 0x01, 0x00, 0x48, 0x03, 0xa8, 0x04, 0x89, 0x05, 0xd5, 0x00, 0x06,
  0x00, 0x21, 0xb1, 0x06, 0x64, 0x44, 0x40, 0x16, 0x04, 0x01, 0x01, 0x00,
  0x01, 0x4a, 0x00, 0x00, 0x01, 0x00, 0x83, 0x02, 0x01, 0x01, 0x01, 0x74,
  0x12, 0x11, 0x10, 0x03, 0x0b, 0x17, 0x2b, 0xb1, 0x06, 0x00, 0x44, 0x01,
  0x33, 0x01, 0x23, 0x09, 0x01, 0x23, 0x02, 0x10, 0xb1, 0x01, 0xc8, 0xb2,
  0xfe, 0x91, 0xfe, 0x92, 0xb2, 0x05, 0xd5, 0xfd, 0xd3, 0x01, 0x8b, 0xfe,
  0x75, 0x00, 0x00, 0x00, 0x00, 0x01, 0x00, 0x5e, 0xfe, 0xca, 0x04, 0x72,
  0xff, 0x42, 0x00, 0x03, 0x00, 0x20, 0xb1, 0x06, 0x64, 0x44, 0x40, 0x15,
  0x00, 0x00, 0x01, 0x01, 0x00, 0x55, 0x00, 0x00, 0x00, 0x01, 0x5d, 0x00,
  0x01, 0x00, 0x01, 0x4d, 0x11, 0x10, 0x02, 0x0b, 0x16, 0x2b, 0xb1, 0x06,
  0x00, 0x44, 0x17, 0x21, 0x15, 0x21, 0x5e, 0x04, 0x14, 0xfb, 0xec, 0xbe,
  0x78, 0x00, 0x00, 0x00, 0x00, 0x01, 0x01, 0x17, 0x04, 0xee, 0x02, 0xf6,
  0x06, 0x66, 0x00, 0x03, 0x00, 0x1f, 0xb1, 0x06, 0x64, 0x44, 0x40, 0x14,
  0x00, 0x00, 0x01, 0x00, 0x83, 0x02, 0x01, 0x01, 0x01, 0x74, 0x00, 0x00,
  0x00, 0x03, 0x00, 0x03, 0x11, 0x03, 0x0b, 0x15, 0x2b, 0xb1, 0x06, 0x00,
  0x44, 0x09, 0x01, 0x33, 0x01, 0x02, 0x5c, 0xfe, 0xbb, 0xc6, 0x01, 0x19,
  0x04, 0xee, 0x01, 0x78, 0xfe, 0x88, 0x00, 0x00, 0x00, 0x02, 0x00, 0x88,
  0xff, 0xe3, 0x04, 0x61, 0x04, 0x7b, 0x00, 0x23, 0x00, 0x30, 0x00, 0x00,
  0x05, 0x22, 0x26, 0x35, 0x34, 0x3e, 0x01, 0x3b, 0x01, 0x35, 0x34, 0x26,
  0x23, 0x22, 0x06, 0x07, 0x35, 0x3e, 0x01, 0x33, 0x32, 0x1e, 0x01, 0x17,
  0x16, 0x1d, 0x01, 0x14, 0x16, 0x17, 0x23, 0x2e, 0x01, 0x27, 0x0e, 0x01,
  0x27, 0x32, 0x3e, 0x01, 0x3d, 0x01, 0x23, 0x22, 0x0e, 0x01, 0x15, 0x14,
  0x16, 0x01, 0xfd, 0xa2, 0xd3, 0x8c, 0xe2, 0x80, 0xf7, 0x91, 0x83, 0x66,
  0xc4, 0x55, 0x5c, 0xbc, 0x62, 0x64, 0xbd, 0x8a, 0x17, 0x10, 0x15, 0x26,
  0xb9, 0x11, 0x14, 0x06, 0x3b, 0xd1, 0x47, 0x72, 0x8f, 0x42, 0xe9, 0x4e,
  0x95, 0x61, 0x82, 0x1d, 0xbb, 0xaf, 0x91, 0xa3, 0x42, 0x1d, 0x8f, 0x70,
  0x38, 0x32, 0xb8, 0x22, 0x2c, 0x37, 0x7d, 0x69, 0x4a, 0x95, 0xe5, 0x5e,
  0xe4, 0x58, 0x27, 0x59, 0x2a, 0x65, 0x62, 0x9a, 0x70, 0xb5, 0x68, 0x29,
  0x23, 0x62, 0x5e, 0x6a, 0x69, 0x00, 0x00, 0x00, 0x00, 0x02, 0x00, 0xc1,
  0xff, 0xe3, 0x04, 0x58, 0x06, 0x14, 0x00, 0x13, 0x00, 0x27, 0x00, 0x00,
  0x05, 0x22, 0x27, 0x07, 0x23, 0x11, 0x33, 0x11, 0x3e, 0x01, 0x33, 0x32,
  0x1e, 0x02, 0x15, 0x14, 0x0e, 0x02, 0x27, 0x32, 0x3e, 0x02, 0x35, 0x34,
  0x2e, 0x02, 0x23, 0x22, 0x0e, 0x02, 0x15, 0x14, 0x1e, 0x02, 0x02, 0xad,
  0xd4, 0x60, 0x12, 0xa6, 0xb8, 0x2e, 0xa2, 0x65, 0x78, 0xa4, 0x63, 0x2b,
  0x2c, 0x63, 0xa4, 0x9d, 0x58, 0x6b, 0x37, 0x14, 0x14, 0x37, 0x6b, 0x58,
  0x57, 0x6b, 0x39, 0x14, 0x14, 0x39, 0x6b, 0x1d, 0xaa, 0x8d, 0x06, 0x14,
  0xfd, 0xbd, 0x57, 0x53, 0x67, 0xab, 0xd0, 0x68, 0x69, 0xd1, 0xac, 0x68,
  0x9c, 0x52, 0x84, 0x96, 0x44, 0x44, 0x97, 0x83, 0x52, 0x52, 0x82, 0x97,
  0x44, 0x45, 0x97, 0x83, 0x52, 0x00, 0x00, 0x00, 0x00, 0x01, 0x00, 0xa4,
  0xff, 0xe3, 0x04, 0x06, 0x04, 0x7b, 0x00, 0x1c, 0x00, 0x00, 0x05, 0x22,
  0x26, 0x02, 0x35, 0x34, 0x12, 0x36, 0x33, 0x32, 0x16, 0x17, 0x15, 0x2e,
  0x01, 0x23, 0x22, 0x0e, 0x01, 0x15, 0x14, 0x1e, 0x01, 0x33, 0x32, 0x36,
  0x37, 0x15, 0x06, 0x02, 0xc1, 0xb1, 0xf1, 0x7b, 0x7c, 0xf2, 0xb3, 0x5d,
  0x96, 0x4e, 0x47, 0x8f, 0x5b, 0x87, 0xa1, 0x47, 0x48, 0xa0, 0x86, 0x58,
  0x98, 0x42, 0x8f, 0x1d, 0x95, 0x01, 0x0a, 0xad, 0xae, 0x01, 0x09, 0x95,
  0x2b, 0x2b, 0xc1, 0x3f, 0x3c, 0x74, 0xc4, 0x78, 0x77, 0xc5, 0x74, 0x3a,
  0x3f, 0xbf, 0x56, 0x00, 0x00, 0x02, 0x00, 0x7b, 0xff, 0xe3, 0x04, 0x12,
  0x06, 0x14, 0x00, 0x11, 0x00, 0x25, 0x00, 0x00, 0x05, 0x22, 0x2e, 0x02,
  0x35, 0x10, 0x12, 0x33, 0x32, 0x16, 0x17, 0x11, 0x33, 0x11, 0x23, 0x27,
  0x06, 0x27, 0x32, 0x3e, 0x02, 0x35, 0x34, 0x2e, 0x02, 0x23, 0x22, 0x0e,
  0x02, 0x15, 0x14, 0x1e, 0x02, 0x02, 0x2a, 0x7a, 0xa6, 0x63, 0x2c, 0xeb,
  0xc8, 0x62, 0x9c, 0x2e, 0xb8, 0xa6, 0x12, 0x63, 0xac, 0x57, 0x6b, 0x39,
  0x14, 0x14, 0x39, 0x6b, 0x57, 0x58, 0x6b, 0x37, 0x14, 0x14, 0x37, 0x6b,
  0x1d, 0x68, 0xae, 0xd3, 0x6b, 0x01, 0x0c, 0x01, 0x38, 0x53, 0x57, 0x02,
  0x43, 0xf9, 0xec, 0x8d, 0xaa, 0x9c, 0x52, 0x83, 0x97, 0x45, 0x44, 0x96,
  0x83, 0x52, 0x52, 0x83, 0x96, 0x44, 0x44, 0x97, 0x83, 0x53, 0x00, 0x00,
  0x00, 0x02, 0x00, 0x7c, 0xff, 0xe3, 0x04, 0x59, 0x04, 0x7b, 0x00, 0x16,
  0x00, 0x1f, 0x00, 0x00, 0x05, 0x20, 0x00, 0x11, 0x34, 0x12, 0x36, 0x33,
  0x32, 0x12, 0x1d, 0x01, 0x21, 0x15, 0x14, 0x16, 0x33, 0x32, 0x36, 0x37,
  0x15, 0x0e, 0x01, 0x13, 0x34, 0x2e, 0x01, 0x23, 0x22, 0x0e, 0x01, 0x07,
  0x02, 0xa6, 0xfe, 0xfd, 0xfe, 0xd9, 0x75, 0xe7, 0xaa, 0xe0, 0xf7, 0xfc,
  0xe3, 0xb8, 0xb4, 0x68, 0xc3, 0x5b, 0x5f, 0xc3, 0x95, 0x38, 0x7b, 0x65,
  0x66, 0x89, 0x4d, 0x0a, 0x1d, 0x01, 0x37, 0x01, 0x0d, 0xa7, 0x01, 0x0e,
  0x9f, 0xfe, 0xe1, 0xfe, 0x5a, 0x06, 0xaf, 0xd0, 0x42, 0x2f, 0xb7, 0x27,
  0x2f, 0x02, 0xb1, 0x5d, 0x96, 0x58, 0x59, 0x96, 0x5c, 0x00, 0x00, 0x00,
  0x00, 0x01, 0x00, 0xa7, 0x00, 0x00, 0x04, 0x0b, 0x06, 0x14, 0x00, 0x13,
  0x00, 0x29, 0x40, 0x26, 0x00, 0x03, 0x03, 0x02, 0x5d, 0x00, 0x02, 0x02,
  0x6a, 0x4b, 0x05, 0x01, 0x00, 0x00, 0x01, 0x5d, 0x04, 0x01, 0x01, 0x01,
  0x6b, 0x4b, 0x00, 0x06, 0x06, 0x69, 0x06, 0x4c, 0x11, 0x11, 0x13, 0x21,
  0x23, 0x11, 0x10, 0x07, 0x0b, 0x1b, 0x2b, 0x01, 0x21, 0x35, 0x21, 0x35,
  0x34, 0x36, 0x3b, 0x01, 0x15, 0x23, 0x22, 0x06, 0x1d, 0x01, 0x21, 0x15,
  0x21, 0x11, 0x23, 0x01, 0xd2, 0xfe, 0xd5, 0x01, 0x2b, 0xa9, 0xb3, 0xdd,
  0xd1, 0x62, 0x4e, 0x01, 0x81, 0xfe, 0x7f, 0xb8, 0x03, 0xd1, 0x8f, 0x4e,
  0xb8, 0xae, 0x99, 0x51, 0x67, 0x63, 0x8f, 0xfc, 0x2f, 0x00, 0x00, 0x00,
  0x00, 0x02, 0x00, 0x97, 0xfe, 0x48, 0x04, 0x2e, 0x04, 0x7b, 0x00, 0x21,
  0x00, 0x2f, 0x00, 0x00, 0x01, 0x22, 0x26, 0x27, 0x35, 0x1e, 0x01, 0x33,
  0x32, 0x3e, 0x01, 0x3d, 0x01, 0x0e, 0x01, 0x23, 0x22, 0x2e, 0x02, 0x35,
  0x34, 0x3e, 0x02, 0x33, 0x32, 0x16, 0x17, 0x37, 0x33, 0x11, 0x14, 0x02,
  0x03, 0x32, 0x36, 0x35, 0x34, 0x2e, 0x02, 0x23, 0x22, 0x06, 0x15, 0x14,
  0x16, 0x02, 0x57, 0x51, 0xa3, 0x4f, 0x4c, 0xa9, 0x58, 0x6c, 0x78, 0x31,
  0x2d, 0x9a, 0x68, 0x77, 0xa6, 0x65, 0x2e, 0x2e, 0x66, 0xa7, 0x78, 0x65,
  0x96, 0x31, 0x12, 0xa6, 0xdf, 0xe3, 0x83, 0x87, 0x14, 0x37, 0x6a, 0x56,
  0x85, 0x8d, 0x90, 0xfe, 0x48, 0x1e, 0x19, 0xb6, 0x24, 0x36, 0x56, 0x99,
  0x63, 0x85, 0x60, 0x5a, 0x66, 0xa9, 0xcd, 0x66, 0x66, 0xcc, 0xa9, 0x66,
  0x54, 0x5c, 0x91, 0xfb, 0xec, 0xeb, 0xfe, 0xeb, 0x02, 0x49, 0xda, 0xd0,
  0x43, 0x92, 0x7f, 0x50, 0xd4, 0xce, 0xd0, 0xdc, 0x00, 0x01, 0x00, 0xc3,
  0x00, 0x00, 0x04, 0x1b, 0x06, 0x14, 0x00, 0x14, 0x00, 0x00, 0x13, 0x33,
  0x11, 0x36, 0x33, 0x32, 0x1e, 0x01, 0x15, 0x11, 0x23, 0x11, 0x34, 0x26,
  0x23, 0x22, 0x0e, 0x01, 0x15, 0x11, 0x23, 0xc3, 0xb8, 0x65, 0xe6, 0x8a,
  0x93, 0x38, 0xb9, 0x6a, 0x70, 0x68, 0x75, 0x30, 0xb8, 0x06, 0x14, 0xfd,
  0xa4, 0xc3, 0x80, 0xce, 0x77, 0xfd, 0x4a, 0x02, 0xb6, 0x97, 0x8e, 0x67,
  0xa2, 0x59, 0xfd, 0x87, 0x00, 0x02, 0x01, 0x0c, 0xff, 0xf8, 0x04, 0x44,
  0x06, 0x14, 0x00, 0x0b, 0x00, 0x19, 0x00, 0x3b, 0x40, 0x38, 0x06, 0x01,
  0x00, 0x00, 0x01, 0x5f, 0x00, 0x01, 0x01, 0x6a, 0x4b, 0x00, 0x03, 0x03,
  0x04, 0x5d, 0x00, 0x04, 0x04, 0x6b, 0x4b, 0x00, 0x05, 0x05, 0x02, 0x5d,
  0x07, 0x01, 0x02, 0x02, 0x69, 0x02, 0x4c, 0x0d, 0x0c, 0x01, 0x00, 0x18,
  0x16, 0x13, 0x12, 0x11, 0x10, 0x0c, 0x19, 0x0d, 0x19, 0x07, 0x04, 0x00,
  0x0b, 0x01, 0x0a, 0x08, 0x0b, 0x14, 0x2b, 0x01, 0x22, 0x3d, 0x01, 0x34,
  0x3b, 0x01, 0x32, 0x1d, 0x01, 0x14, 0x23, 0x13, 0x22, 0x26, 0x35, 0x11,
  0x23, 0x35, 0x21, 0x11, 0x14, 0x16, 0x3b, 0x01, 0x15, 0x02, 0x0b, 0x1e,
  0x1e, 0x90, 0x1e, 0x1e, 0xc0, 0xa5, 0xb5, 0xf5, 0x01, 0xad, 0x5c, 0x58,
  0xd7, 0x05, 0x2b, 0x1e, 0xad, 0x1e, 0x1e, 0xad, 0x1e, 0xfa, 0xcd, 0xd5,
  0xc1, 0x02, 0x42, 0x90, 0xfd, 0x2e, 0x7a, 0x80, 0x9c, 0x00, 0x00, 0x00,
  0x00, 0x02, 0x00, 0xee, 0xfe, 0x56, 0x03, 0x44, 0x06, 0x14, 0x00, 0x0b,
  0x00, 0x18, 0x00, 0x36, 0x40, 0x33, 0x06, 0x01, 0x00, 0x00, 0x01, 0x5f,
  0x00, 0x01, 0x01, 0x6a, 0x4b, 0x00, 0x03, 0x03, 0x04, 0x5d, 0x00, 0x04,
  0x04, 0x6b, 0x4b, 0x00, 0x02, 0x02, 0x05, 0x5d, 0x00, 0x05, 0x05, 0x6d,
  0x05, 0x4c, 0x01, 0x00, 0x18, 0x16, 0x13, 0x12, 0x11, 0x10, 0x0e, 0x0c,
  0x07, 0x04, 0x00, 0x0b, 0x01, 0x0a, 0x07, 0x0b, 0x14, 0x2b, 0x01, 0x22,
  0x3d, 0x01, 0x34, 0x3b, 0x01, 0x32, 0x1d, 0x01, 0x14, 0x23, 0x01, 0x33,
  0x32, 0x35, 0x11, 0x21, 0x35, 0x21, 0x11, 0x14, 0x06, 0x2b, 0x01, 0x02,
  0x8c, 0x1e, 0x1e, 0x90, 0x1e, 0x1e, 0xfd, 0xd2, 0xea, 0xb4, 0xfe, 0xc3,
  0x01, 0xf5, 0xb4, 0xa4, 0xfe, 0x05, 0x2b, 0x1e, 0xad, 0x1e, 0x1e, 0xad,
  0x1e, 0xf9, 0xc7, 0xfa, 0x03, 0xe5, 0x8f, 0xfb, 0x8c, 0xc2, 0xd4, 0x00,
  0x00, 0x01, 0x00, 0xe2, 0x00, 0x00, 0x04, 0xa8, 0x06, 0x14, 0x00, 0x0b,
  0x00, 0x24, 0x40, 0x21, 0x09, 0x08, 0x05, 0x02, 0x04, 0x02, 0x01, 0x01,
  0x4a, 0x00, 0x00, 0x00, 0x6a, 0x4b, 0x00, 0x01, 0x01, 0x6b, 0x4b, 0x03,
  0x01, 0x02, 0x02, 0x69, 0x02, 0x4c, 0x13, 0x12, 0x12, 0x10, 0x04, 0x0b,
  0x18, 0x2b, 0x13, 0x33, 0x11, 0x01, 0x33, 0x09, 0x01, 0x23, 0x01, 0x07,
  0x11, 0x23, 0xe2, 0xbe, 0x01, 0xe3, 0xe0, 0xfe, 0x47, 0x01, 0xfe, 0xe1,
  0xfe, 0x62, 0x89, 0xbe, 0x06, 0x14, 0xfc, 0x7b, 0x01, 0xd1, 0xfe, 0x5a,
  0xfd, 0x46, 0x02, 0x42, 0x81, 0xfe, 0x3f, 0x00, 0x00, 0x01, 0x00, 0xb4,
  0xff, 0xf8, 0x04, 0x1e, 0x06, 0x14, 0x00, 0x0d, 0x00, 0x28, 0x40, 0x25,
  0x00, 0x01, 0x01, 0x02, 0x5d, 0x00, 0x02, 0x02, 0x6a, 0x4b, 0x00, 0x03,
  0x03, 0x00, 0x5d, 0x04, 0x01, 0x00, 0x00, 0x69, 0x00, 0x4c, 0x01, 0x00,
  0x0c, 0x0a, 0x07, 0x06, 0x05, 0x04, 0x00, 0x0d, 0x01, 0x0d, 0x05, 0x0b,
  0x14, 0x2b, 0x05, 0x22, 0x26, 0x35, 0x11, 0x21, 0x35, 0x21, 0x11, 0x14,
  0x16, 0x3b, 0x01, 0x15, 0x03, 0x35, 0xa5, 0xb5, 0xfe, 0xd9, 0x01, 0xdf,
  0x5c, 0x58, 0xd7, 0x08, 0xd5, 0xc1, 0x03, 0xf6, 0x90, 0xfb, 0x7a, 0x7a,
  0x80, 0x9c, 0x00, 0x00, 0x00, 0x01, 0x00, 0x6d, 0x00, 0x00, 0x04, 0x6f,
  0x04, 0x7b, 0x00, 0x28, 0x00, 0x00, 0x13, 0x33, 0x17, 0x36, 0x33, 0x32,
  0x17, 0x36, 0x33, 0x32, 0x17, 0x16, 0x19, 0x01, 0x23, 0x11, 0x34, 0x26,
  0x27, 0x26, 0x23, 0x22, 0x07, 0x0e, 0x01, 0x15, 0x11, 0x23, 0x11, 0x34,
  0x26, 0x27, 0x26, 0x23, 0x22, 0x07, 0x0e, 0x01, 0x15, 0x11, 0x23, 0x6d,
  0x97, 0x10, 0x44, 0x85, 0x8f, 0x38, 0x44, 0x92, 0x88, 0x36, 0x37, 0xa8,
  0x0d, 0x0e, 0x19, 0x4a, 0x4c, 0x1d, 0x11, 0x0e, 0xa8, 0x0e, 0x0f, 0x1b,
  0x4a, 0x4a, 0x1b, 0x10, 0x0e, 0xa7, 0x04, 0x60, 0x60, 0x7b, 0x8d, 0x8d,
  0x66, 0x69, 0xfe, 0xdd, 0xfd, 0x77, 0x02, 0x81, 0x7e, 0x8a, 0x21, 0x37,
  0x3c, 0x23, 0x86, 0x7b, 0xfd, 0x7f, 0x02, 0x81, 0x79, 0x8e, 0x21, 0x38,
  0x3b, 0x22, 0x8b, 0x78, 0xfd, 0x7f, 0x00, 0x00, 0x00, 0x01, 0x00, 0xc3,
  0x00, 0x00, 0x04, 0x1b, 0x04, 0x7b, 0x00, 0x11, 0x00, 0x44, 0xb5, 0x02,
  0x01, 0x02, 0x03, 0x01, 0x4a, 0x4b, 0xb0, 0x13, 0x50, 0x58, 0x40, 0x12,
  0x00, 0x03, 0x03, 0x00, 0x5f, 0x01, 0x01, 0x00, 0x00, 0x6b, 0x4b, 0x04,
  0x01, 0x02, 0x02, 0x69, 0x02, 0x4c, 0x1b, 0x40, 0x16, 0x00, 0x00, 0x00,
  0x6b, 0x4b, 0x00, 0x03, 0x03, 0x01, 0x5f, 0x00, 0x01, 0x01, 0x73, 0x4b,
  0x04, 0x01, 0x02, 0x02, 0x69, 0x02, 0x4c, 0x59, 0xb7, 0x13, 0x23, 0x12,
  0x22, 0x10, 0x05, 0x0b, 0x19, 0x2b, 0x13, 0x33, 0x17, 0x36, 0x33, 0x20,
  0x19, 0x01, 0x23, 0x11, 0x34, 0x26, 0x23, 0x22, 0x06, 0x15, 0x11, 0x23,
  0xc3, 0xa6, 0x12, 0x65, 0xe4, 0x01, 0x57, 0xb9, 0x69, 0x6e, 0x83, 0x8d,
  0xb8, 0x04, 0x60, 0xa8, 0xc3, 0xfe, 0x3b, 0xfd, 0x4a, 0x02, 0xb6, 0x97,
  0x8e, 0xb9, 0xa9, 0xfd, 0x87, 0x00, 0x00, 0x00, 0x00, 0x02, 0x00, 0x89,
  0xff, 0xe3, 0x04, 0x48, 0x04, 0x7b, 0x00, 0x0b, 0x00, 0x17, 0x00, 0x00,
  0x05, 0x22, 0x02, 0x11, 0x10, 0x12, 0x33, 0x32, 0x12, 0x11, 0x10, 0x02,
  0x27, 0x32, 0x36, 0x35, 0x34, 0x26, 0x23, 0x22, 0x06, 0x15, 0x14, 0x16,
  0x02, 0x6a, 0xea, 0xf7, 0xf8, 0xe8, 0xe8, 0xf7, 0xf6, 0xe9, 0x89, 0x93,
  0x93, 0x89, 0x8a, 0x93, 0x94, 0x1d, 0x01, 0x2f, 0x01, 0x1c, 0x01, 0x1d,
  0x01, 0x30, 0xfe, 0xd1, 0xfe, 0xe1, 0xfe, 0xe3, 0xfe, 0xd3, 0x9c, 0xe0,
  0xd1, 0xd0, 0xdf, 0xdf, 0xd0, 0xd1, 0xe0, 0x00, 0x00, 0x02, 0x00, 0xbe,
  0xfe, 0x56, 0x04, 0x54, 0x04, 0x7b, 0x00, 0x0e, 0x00, 0x18, 0x00, 0x61,
  0xb6, 0x0c, 0x02, 0x02, 0x04, 0x05, 0x01, 0x4a, 0x4b, 0xb0, 0x13, 0x50,
  0x58, 0x40, 0x1c, 0x00, 0x05, 0x05, 0x00, 0x5f, 0x01, 0x01, 0x00, 0x00,
  0x6b, 0x4b, 0x06, 0x01, 0x04, 0x04, 0x02, 0x5f, 0x00, 0x02, 0x02, 0x71,
  0x4b, 0x00, 0x03, 0x03, 0x6d, 0x03, 0x4c, 0x1b, 0x40, 0x20, 0x00, 0x00,
  0x00, 0x6b, 0x4b, 0x00, 0x05, 0x05, 0x01, 0x5f, 0x00, 0x01, 0x01, 0x73,
  0x4b, 0x06, 0x01, 0x04, 0x04, 0x02, 0x5f, 0x00, 0x02, 0x02, 0x71, 0x4b,
  0x00, 0x03, 0x03, 0x6d, 0x03, 0x4c, 0x59, 0x40, 0x0f, 0x10, 0x0f, 0x14,
  0x12, 0x0f, 0x18, 0x10, 0x18, 0x12, 0x24, 0x22, 0x10, 0x07, 0x0b, 0x18,
  0x2b, 0x13, 0x33, 0x17, 0x36, 0x33, 0x32, 0x12, 0x11, 0x10, 0x02, 0x23,
  0x22, 0x27, 0x11, 0x23, 0x01, 0x20, 0x11, 0x10, 0x21, 0x22, 0x06, 0x15,
  0x14, 0x16, 0xbe, 0xa7, 0x12, 0x60, 0xcd, 0xc9, 0xe7, 0xe9, 0xc7, 0xd2,
  0x5b, 0xb9, 0x01, 0xce, 0x01, 0x07, 0xfe, 0xf9, 0x87, 0x8e, 0x8f, 0x04,
  0x60, 0x8f, 0xaa, 0xfe, 0xc6, 0xfe, 0xf0, 0xfe, 0xee, 0xfe, 0xc4, 0xaa,
  0xfd, 0xc9, 0x02, 0x29, 0x01, 0xb0, 0x01, 0xb0, 0xe0, 0xcf, 0xd0, 0xe1,
  0x00, 0x02, 0x00, 0x89, 0xfe, 0x52, 0x04, 0x1f, 0x04, 0x77, 0x00, 0x10,
  0x00, 0x1c, 0x00, 0x00, 0x25, 0x06, 0x23, 0x22, 0x2e, 0x02, 0x35, 0x10,
  0x12, 0x33, 0x32, 0x17, 0x37, 0x33, 0x11, 0x23, 0x01, 0x32, 0x36, 0x35,
  0x34, 0x26, 0x23, 0x22, 0x06, 0x15, 0x14, 0x16, 0x03, 0x66, 0x5e, 0xd3,
  0x78, 0xa4, 0x64, 0x2c, 0xe9, 0xc9, 0xcd, 0x5e, 0x12, 0xa7, 0xb9, 0xfe,
  0xf3, 0x81, 0x8c, 0x8b, 0x82, 0x82, 0x8b, 0x8b, 0x8b, 0xac, 0x67, 0xaa,
  0xcd, 0x67, 0x01, 0x14, 0x01, 0x3f, 0xaa, 0x8f, 0xf9, 0xf6, 0x02, 0x29,
  0xe1, 0xd0, 0xd0, 0xdf, 0xe0, 0xd0, 0xcf, 0xe1, 0x00, 0x01, 0x01, 0x2e,
  0x00, 0x00, 0x04, 0x47, 0x04, 0x7b, 0x00, 0x0f, 0x00, 0x47, 0x40, 0x0b,
  0x07, 0x01, 0x02, 0x00, 0x08, 0x02, 0x02, 0x03, 0x02, 0x02, 0x4a, 0x4b,
  0xb0, 0x13, 0x50, 0x58, 0x40, 0x11, 0x00, 0x02, 0x02, 0x00, 0x5f, 0x01,
  0x01, 0x00, 0x00, 0x6b, 0x4b, 0x00, 0x03, 0x03, 0x69, 0x03, 0x4c, 0x1b,
  0x40, 0x15, 0x00, 0x00, 0x00, 0x6b, 0x4b, 0x00, 0x02, 0x02, 0x01, 0x5f,
  0x00, 0x01, 0x01, 0x73, 0x4b, 0x00, 0x03, 0x03, 0x69, 0x03, 0x4c, 0x59,
  0xb6, 0x13, 0x23, 0x23, 0x10, 0x04, 0x0b, 0x18, 0x2b, 0x01, 0x33, 0x17,
  0x3e, 0x01, 0x33, 0x32, 0x17, 0x15, 0x26, 0x23, 0x22, 0x06, 0x15, 0x11,
  0x23, 0x01, 0x2e, 0xa7, 0x12, 0x2f, 0xbd, 0x84, 0x8a, 0x66, 0x6c, 0x94,
  0xaa, 0xb6, 0xb9, 0x04, 0x60, 0xdb, 0x77, 0x7f, 0x46, 0xbc, 0x58, 0xd9,
  0xcb, 0xfd, 0xd3, 0x00, 0x00, 0x01, 0x00, 0xd5, 0xff, 0xe3, 0x04, 0x06,
  0x04, 0x7b, 0x00, 0x22, 0x00, 0x00, 0x05, 0x22, 0x27, 0x35, 0x16, 0x33,
  0x32, 0x36, 0x35, 0x34, 0x26, 0x2f, 0x01, 0x2e, 0x01, 0x35, 0x34, 0x36,
  0x33, 0x32, 0x17, 0x15, 0x26, 0x23, 0x22, 0x15, 0x14, 0x1e, 0x01, 0x1f,
  0x01, 0x04, 0x15, 0x14, 0x06, 0x02, 0x4d, 0xa0, 0xd8, 0xd2, 0xa4, 0x75,
  0x8c, 0x75, 0x80, 0x4d, 0x9e, 0x93, 0xdc, 0xcb, 0xac, 0xa1, 0x9d, 0xab,
  0xf2, 0x2a, 0x76, 0x73, 0x4a, 0x01, 0x16, 0xec, 0x1d, 0x46, 0xbe, 0x6a,
  0x62, 0x52, 0x47, 0x57, 0x1b, 0x10, 0x20, 0x93, 0x7f, 0xa1, 0xae, 0x42,
  0xb4, 0x5c, 0xa5, 0x36, 0x3f, 0x2b, 0x17, 0x0e, 0x37, 0xf8, 0xa6, 0xbf,
  0x00, 0x01, 0x00, 0x83, 0xff, 0xfc, 0x04, 0x08, 0x05, 0xd5, 0x00, 0x13,
  0x00, 0x33, 0x40, 0x30, 0x09, 0x08, 0x02, 0x02, 0x48, 0x04, 0x01, 0x01,
  0x01, 0x02, 0x5d, 0x03, 0x01, 0x02, 0x02, 0x6b, 0x4b, 0x00, 0x05, 0x05,
  0x00, 0x5d, 0x06, 0x01, 0x00, 0x00, 0x69, 0x00, 0x4c, 0x01, 0x00, 0x12,
  0x10, 0x0d, 0x0c, 0x0b, 0x0a, 0x07, 0x06, 0x05, 0x04, 0x00, 0x13, 0x01,
  0x13, 0x07, 0x0b, 0x14, 0x2b, 0x05, 0x22, 0x26, 0x35, 0x11, 0x21, 0x35,
  0x21, 0x11, 0x37, 0x11, 0x21, 0x15, 0x21, 0x11, 0x14, 0x16, 0x3b, 0x01,
  0x15, 0x03, 0x27, 0xce, 0xab, 0xfe, 0xd5, 0x01, 0x2b, 0xb8, 0x01, 0xa2,
  0xfe, 0x5e, 0x5e, 0x75, 0xcf, 0x04, 0xa7, 0xca, 0x02, 0x64, 0x8f, 0x01,
  0x25, 0x50, 0xfe, 0x8b, 0x8f, 0xfd, 0x9c, 0x7b, 0x63, 0x93, 0x00, 0x00,
  0x00, 0x01, 0x00, 0xc3, 0xff, 0xe3, 0x04, 0x1b, 0x04, 0x5e, 0x00, 0x10,
  0x00, 0x50, 0xb5, 0x0f, 0x01, 0x02, 0x01, 0x01, 0x4a, 0x4b, 0xb0, 0x11,
  0x50, 0x58, 0x40, 0x13, 0x03, 0x01, 0x01, 0x01, 0x6b, 0x4b, 0x00, 0x02,
  0x02, 0x00, 0x60, 0x04, 0x05, 0x02, 0x00, 0x00, 0x71, 0x00, 0x4c, 0x1b,
  0x40, 0x17, 0x03, 0x01, 0x01, 0x01, 0x6b, 0x4b, 0x00, 0x04, 0x04, 0x69,
  0x4b, 0x00, 0x02, 0x02, 0x00, 0x60, 0x05, 0x01, 0x00, 0x00, 0x71, 0x00,
  0x4c, 0x59, 0x40, 0x11, 0x01, 0x00, 0x0e, 0x0d, 0x0c, 0x0b, 0x08, 0x06,
  0x04, 0x03, 0x00, 0x10, 0x01, 0x10, 0x06, 0x0b, 0x14, 0x2b, 0x05, 0x20,
  0x19, 0x01, 0x33, 0x11, 0x10, 0x33, 0x32, 0x36, 0x35, 0x11, 0x33, 0x11,
  0x23, 0x27, 0x06, 0x02, 0x18, 0xfe, 0xab, 0xb8, 0xdb, 0x80, 0x8c, 0xb9,
  0xa7, 0x12, 0x64, 0x1d, 0x01, 0xc5, 0x02, 0xb6, 0xfd, 0x4a, 0xfe, 0xdb,
  0xb9, 0xa9, 0x02, 0x79, 0xfb, 0xa2, 0xa8, 0xc5, 0x00, 0x01, 0x00, 0x64,
  0x00, 0x00, 0x04, 0x6d, 0x04, 0x60, 0x00, 0x06, 0x00, 0x1b, 0x40, 0x18,
  0x02, 0x01, 0x02, 0x00, 0x01, 0x4a, 0x01, 0x01, 0x00, 0x00, 0x6b, 0x4b,
  0x00, 0x02, 0x02, 0x69, 0x02, 0x4c, 0x11, 0x12, 0x10, 0x03, 0x0b, 0x17,
  0x2b, 0x13, 0x33, 0x09, 0x01, 0x33, 0x01, 0x23, 0x64, 0xbf, 0x01, 0x45,
  0x01, 0x46, 0xbf, 0xfe, 0x72, 0xed, 0x04, 0x60, 0xfc, 0x54, 0x03, 0xac,
  0xfb, 0xa0, 0x00, 0x00, 0x00, 0x01, 0x00, 0x00, 0x00, 0x00, 0x04, 0xd1,
  0x04, 0x60, 0x00, 0x0c, 0x00, 0x28, 0x40, 0x25, 0x0a, 0x05, 0x02, 0x03,
  0x03, 0x01, 0x01, 0x4a, 0x00, 0x01, 0x00, 0x03, 0x00, 0x01, 0x03, 0x7e,
  0x02, 0x01, 0x00, 0x00, 0x6b, 0x4b, 0x04, 0x01, 0x03, 0x03, 0x69, 0x03,
  0x4c, 0x12, 0x11, 0x12, 0x12, 0x10, 0x05, 0x0b, 0x19, 0x2b, 0x11, 0x33,
  0x1b, 0x01, 0x33, 0x1b, 0x01, 0x33, 0x01, 0x23, 0x0b, 0x01, 0x23, 0xb6,
  0xc3, 0xa0, 0x9d, 0xa2, 0xc3, 0xb6, 0xfe, 0xfa, 0xb0, 0xb3, 0xb2, 0xb0,
  0x04, 0x60, 0xfc, 0x77, 0x02, 0x42, 0xfd, 0xbe, 0x03, 0x89, 0xfb, 0xa0,
  0x02, 0x66, 0xfd, 0x9a, 0x00, 0x01, 0x00, 0x4c, 0x00, 0x00, 0x04, 0x85,
  0x04, 0x60, 0x00, 0x0b, 0x00, 0x1f, 0x40, 0x1c, 0x09, 0x06, 0x03, 0x03,
  0x02, 0x00, 0x01, 0x4a, 0x01, 0x01, 0x00, 0x00, 0x6b, 0x4b, 0x03, 0x01,
  0x02, 0x02, 0x69, 0x02, 0x4c, 0x12, 0x12, 0x12, 0x11, 0x04, 0x0b, 0x18,
  0x2b, 0x09, 0x01, 0x33, 0x09, 0x01, 0x33, 0x09, 0x01, 0x23, 0x09, 0x01,
  0x23, 0x02, 0x04, 0xfe, 0x6f, 0xcc, 0x01, 0x29, 0x01, 0x27, 0xcf, 0xfe,
  0x6f, 0x01, 0xb8, 0xd5, 0xfe, 0xb8, 0xfe, 0xb9, 0xd5, 0x02, 0x48, 0x02,
  0x18, 0xfe, 0x6b, 0x01, 0x95, 0xfd, 0xe8, 0xfd, 0xb8, 0x01, 0xc1, 0xfe,
  0x3f, 0x00, 0x00, 0x00, 0x00, 0x01, 0x00, 0x68, 0xfe, 0x56, 0x04, 0x81,
  0x04, 0x60, 0x00, 0x18, 0x00, 0x00, 0x13, 0x33, 0x32, 0x37, 0x36, 0x37,
  0x01, 0x33, 0x09, 0x01, 0x33, 0x01, 0x06, 0x07, 0x0e, 0x02, 0x0f, 0x01,
  0x0e, 0x01, 0x07, 0x06, 0x2b, 0x01, 0xb8, 0x6d, 0x51, 0x2c, 0x31, 0x46,
  0xfe, 0x4f, 0xc3, 0x01, 0x4c, 0x01, 0x47, 0xc3, 0xfe, 0xd9, 0x23, 0x1a,
  0x08, 0x09, 0x0d, 0x0e, 0x0c, 0x27, 0x45, 0x18, 0x5a, 0xbb, 0x94, 0xfe,
  0xf0, 0x2e, 0x33, 0xc1, 0x04, 0x4e, 0xfc, 0x94, 0x03, 0x6c, 0xfd, 0x08,
  0x5a, 0x43, 0x14, 0x17, 0x24, 0x28, 0x20, 0x6d, 0xa5, 0x2a, 0xa2, 0x00,
  0x00, 0x01, 0x00, 0xcb, 0x00, 0x00, 0x04, 0x10, 0x04, 0x62, 0x00, 0x09,
  0x00, 0x26, 0x40, 0x23, 0x05, 0x00, 0x02, 0x02, 0x00, 0x01, 0x4a, 0x00,
  0x00, 0x00, 0x01, 0x5d, 0x00, 0x01, 0x01, 0x6b, 0x4b, 0x00, 0x02, 0x02,
  0x03, 0x5d, 0x00, 0x03, 0x03, 0x69, 0x03, 0x4c, 0x11, 0x12, 0x11, 0x11,
  0x04, 0x0b, 0x18, 0x2b, 0x37, 0x01, 0x21, 0x35, 0x21, 0x15, 0x01, 0x21,
  0x15, 0x21, 0xcb, 0x02, 0x83, 0xfd, 0x95, 0x03, 0x2d, 0xfd, 0x7d, 0x02,
  0x83, 0xfc, 0xbb, 0xaa, 0x03, 0x25, 0x93, 0xa8, 0xfc, 0xdc, 0x96, 0x00,
  0x00, 0x01, 0x00, 0x7f, 0xff, 0x03, 0x03, 0xcc, 0x06, 0x65, 0x00, 0x2b,
  0x00, 0x3d, 0x40, 0x3a, 0x21, 0x01, 0x01, 0x02, 0x01, 0x4a, 0x00, 0x03,
  0x00, 0x04, 0x02, 0x03, 0x04, 0x67, 0x00, 0x02, 0x00, 0x01, 0x05, 0x02,
  0x01, 0x67, 0x00, 0x05, 0x00, 0x00, 0x05, 0x57, 0x00, 0x05, 0x05, 0x00,
  0x5f, 0x06, 0x01, 0x00, 0x05, 0x00, 0x4f, 0x01, 0x00, 0x2a, 0x28, 0x19,
  0x17, 0x16, 0x14, 0x0d, 0x0b, 0x0a, 0x08, 0x00, 0x2b, 0x01, 0x2b, 0x07,
  0x0b, 0x14, 0x2b, 0x05, 0x22, 0x27, 0x26, 0x3d, 0x01, 0x34, 0x27, 0x26,
  0x2b, 0x01, 0x35, 0x33, 0x32, 0x37, 0x36, 0x3d, 0x01, 0x34, 0x37, 0x36,
  0x3b, 0x01, 0x15, 0x23, 0x22, 0x07, 0x06, 0x1d, 0x01, 0x14, 0x07, 0x06,
  0x07, 0x1e, 0x01, 0x1d, 0x01, 0x14, 0x17, 0x16, 0x3b, 0x01, 0x15, 0x03,
  0x8c, 0xf7, 0x56, 0x55, 0x35, 0x36, 0x8c, 0x74, 0x74, 0x8d, 0x35, 0x35,
  0x55, 0x52, 0xfb, 0x40, 0x46, 0x8c, 0x2a, 0x2b, 0x2d, 0x2e, 0x6e, 0x6f,
  0x5a, 0x2b, 0x2a, 0x8c, 0x46, 0xfd, 0x4a, 0x49, 0xde, 0xef, 0x96, 0x3b,
  0x3a, 0x8f, 0x39, 0x3b, 0x94, 0xf0, 0xde, 0x49, 0x49, 0x8f, 0x2b, 0x2b,
  0x8f, 0xf8, 0x9d, 0x47, 0x47, 0x19, 0x1b, 0x8e, 0x9c, 0xf8, 0x8f, 0x2b,
  0x2b, 0x90, 0x00, 0x00, 0x00, 0x01, 0x02, 0x12, 0xfe, 0x1d, 0x02, 0xbe,
  0x06, 0x1d, 0x00, 0x03, 0x00, 0x13, 0x40, 0x10, 0x00, 0x00, 0x00, 0x6a,
  0x4b, 0x00, 0x01, 0x01, 0x6f, 0x01, 0x4c, 0x11, 0x10, 0x02, 0x0b, 0x16,
  0x2b, 0x01, 0x33, 0x11, 0x23, 0x02, 0x12, 0xac, 0xac, 0x06, 0x1d, 0xf8,
  0x00, 0x00, 0x00, 0x00, 0x00, 0x01, 0x01, 0x05, 0xfe, 0xfa, 0x04, 0x58,
  0x06, 0x5c, 0x00, 0x2f, 0x00, 0x00, 0x05, 0x33, 0x32, 0x37, 0x36, 0x3d,
  0x01, 0x34, 0x36, 0x37, 0x26, 0x27, 0x2e, 0x01, 0x3d, 0x01, 0x34, 0x27,
  0x26, 0x2b, 0x01, 0x35, 0x33, 0x32, 0x17, 0x16, 0x1d, 0x01, 0x14, 0x16,
  0x17, 0x1e, 0x01, 0x3b, 0x01, 0x15, 0x23, 0x22, 0x07, 0x0e, 0x01, 0x1d,
  0x01, 0x14, 0x07, 0x06, 0x2b, 0x01, 0x01, 0x05, 0x44, 0x8c, 0x2c, 0x2b,
  0x5a, 0x6f, 0x6e, 0x2d, 0x16, 0x18, 0x2b, 0x2c, 0x8c, 0x44, 0x3e, 0xfb,
  0x52, 0x54, 0x2a, 0x2a, 0x28, 0x73, 0x45, 0x40, 0x40, 0x93, 0x4d, 0x2a,
  0x2a, 0x54, 0x56, 0xf7, 0x3e, 0x76, 0x2c, 0x2b, 0x8e, 0xf8, 0x9c, 0x8e,
  0x1b, 0x1a, 0x46, 0x22, 0x6d, 0x55, 0xf8, 0x8e, 0x2b, 0x2c, 0x8f, 0x49,
  0x49, 0xde, 0xf0, 0x4e, 0x63, 0x1e, 0x1d, 0x1c, 0x8f, 0x3a, 0x1f, 0x64,
  0x4e, 0xef, 0xdd, 0x4a, 0x4a, 0x00, 0x00, 0x00, 0x00, 0x01, 0x00, 0x54,
  0x01, 0x62, 0x04, 0x7f, 0x03, 0x4c, 0x00, 0x22, 0x00, 0x00, 0x01, 0x0e,
  0x01, 0x07, 0x06, 0x23, 0x22, 0x27, 0x26, 0x27, 0x26, 0x27, 0x26, 0x23,
  0x22, 0x07, 0x06, 0x07, 0x23, 0x36, 0x37, 0x36, 0x33, 0x32, 0x17, 0x1e,
  0x01, 0x17, 0x16, 0x17, 0x16, 0x33, 0x32, 0x36, 0x37, 0x04, 0x7f, 0x04,
  0x1b, 0x25, 0x48, 0xa5, 0x4f, 0x3a, 0x34, 0x4a, 0x4f, 0x24, 0x29, 0x24,
  0x4d, 0x20, 0x22, 0x08, 0x9c, 0x04, 0x40, 0x53, 0x97, 0x49, 0x3b, 0x1e,
  0x45, 0x20, 0x37, 0x32, 0x2a, 0x2e, 0x50, 0x47, 0x02, 0x03, 0x48, 0x70,
  0xa4, 0x41, 0x91, 0x22, 0x21, 0x65, 0x6e, 0x1b, 0x1d, 0x48, 0x54, 0xab,
  0xcf, 0x85, 0x8f, 0x23, 0x12, 0x43, 0x2d, 0x4b, 0x32, 0x2c, 0xa3, 0xa7,
  0x00, 0x01, 0x00, 0x8b, 0x00, 0x00, 0x04, 0x58, 0x05, 0xf0, 0x00, 0x21,
  0x00, 0x00, 0x37, 0x33, 0x11, 0x23, 0x35, 0x33, 0x35, 0x34, 0x37, 0x36,
  0x33, 0x32, 0x17, 0x1e, 0x01, 0x17, 0x15, 0x2e, 0x01, 0x27, 0x26, 0x23,
  0x22, 0x07, 0x06, 0x1d, 0x01, 0x21, 0x15, 0x21, 0x11, 0x21, 0x15, 0x21,
  0x8b, 0xec, 0xc7, 0xc7, 0x6e, 0x6d, 0xd8, 0x4a, 0x43, 0x18, 0x4d, 0x28,
  0x22, 0x41, 0x1a, 0x3e, 0x44, 0x87, 0x3f, 0x40, 0x01, 0x73, 0xfe, 0x8d,
  0x02, 0x19, 0xfc, 0x33, 0xaa, 0x01, 0xd1, 0x8f, 0xee, 0xfe, 0x7d, 0x7d,
  0x0e, 0x05, 0x17, 0x10, 0xb8, 0x18, 0x21, 0x09, 0x16, 0x59, 0x58, 0xc2,
  0xd9, 0x8f, 0xfe, 0x2f, 0xaa, 0x00, 0x00, 0x00, 0x00, 0x02, 0x01, 0x2b,
  0x03, 0x75, 0x03, 0xa6, 0x05, 0xf0, 0x00, 0x19, 0x00, 0x2c, 0x00, 0x00,
  0x01, 0x22, 0x26, 0x27, 0x2e, 0x01, 0x35, 0x34, 0x37, 0x36, 0x33, 0x32,
  0x16, 0x17, 0x1e, 0x01, 0x17, 0x1e, 0x01, 0x17, 0x16, 0x15, 0x14, 0x07,
  0x0e, 0x01, 0x27, 0x32, 0x36, 0x37, 0x3e, 0x01, 0x35, 0x34, 0x27, 0x2e,
  0x01, 0x23, 0x22, 0x07, 0x06, 0x15, 0x14, 0x17, 0x16, 0x02, 0x64, 0x3f,
  0x74, 0x2d, 0x28, 0x31, 0x5b, 0x5a, 0x87, 0x1e, 0x41, 0x1e, 0x1d, 0x36,
  0x14, 0x18, 0x23, 0x09, 0x17, 0x5c, 0x2b, 0x77, 0x42, 0x29, 0x48, 0x19,
  0x1d, 0x1a, 0x38, 0x17, 0x46, 0x2a, 0x50, 0x36, 0x38, 0x37, 0x37, 0x03,
  0x75, 0x2d, 0x2d, 0x28, 0x72, 0x46, 0x87, 0x5d, 0x5d, 0x0b, 0x0d, 0x0c,
  0x27, 0x14, 0x19, 0x38, 0x16, 0x39, 0x3f, 0x89, 0x59, 0x2a, 0x31, 0x7f,
  0x1e, 0x19, 0x1d, 0x46, 0x23, 0x4f, 0x38, 0x17, 0x20, 0x36, 0x38, 0x52,
  0x4f, 0x37, 0x35, 0x00, 0x00, 0x02, 0x00, 0x58, 0x00, 0x00, 0x04, 0x79,
  0x04, 0x93, 0x00, 0x0b, 0x00, 0x0f, 0x00, 0x2b, 0x40, 0x28, 0x03, 0x01,
  0x01, 0x04, 0x01, 0x00, 0x05, 0x01, 0x00, 0x65, 0x00, 0x02, 0x00, 0x05,
  0x06, 0x02, 0x05, 0x65, 0x00, 0x06, 0x06, 0x07, 0x5d, 0x00, 0x07, 0x07,
  0x69, 0x07, 0x4c, 0x11, 0x11, 0x11, 0x11, 0x11, 0x11, 0x11, 0x10, 0x08,
  0x0b, 0x1c, 0x2b, 0x01, 0x21, 0x35, 0x21, 0x11, 0x33, 0x11, 0x21, 0x15,
  0x21, 0x11, 0x23, 0x05, 0x21, 0x15, 0x21, 0x02, 0x14, 0xfe, 0x44, 0x01,
  0xbc, 0xa8, 0x01, 0xbd, 0xfe, 0x43, 0xa8, 0xfe, 0x44, 0x04, 0x21, 0xfb,
  0xdf, 0x02, 0xa0, 0xaa, 0x01, 0x49, 0xfe, 0xb7, 0xaa, 0xfe, 0xb4, 0xaa,
  0xaa, 0x00, 0x00, 0x00, 0x00, 0x01, 0x01, 0xc6, 0x02, 0x40, 0x03, 0x0a,
  0x03, 0x92, 0x00, 0x0b, 0x00, 0x00, 0x01, 0x22, 0x26, 0x35, 0x34, 0x36,
  0x33, 0x32, 0x16, 0x15, 0x14, 0x06, 0x02, 0x68, 0x44, 0x5e, 0x5e, 0x44,
  0x44, 0x5e, 0x5e, 0x02, 0x40, 0x5e, 0x4b, 0x4b, 0x5e, 0x5e, 0x4b, 0x4b,
  0x5e, 0x00, 0x00, 0x00, 0x00, 0x01, 0x00, 0x50, 0xff, 0xd9, 0x04, 0x9e,
  0x04, 0x4c, 0x00, 0x1d, 0x00, 0x00, 0x05, 0x22, 0x27, 0x2e, 0x01, 0x35,
  0x11, 0x21, 0x11, 0x23, 0x11, 0x23, 0x35, 0x21, 0x15, 0x23, 0x11, 0x14,
  0x17, 0x16, 0x33, 0x32, 0x37, 0x36, 0x16, 0x37, 0x15, 0x06, 0x07, 0x06,
  0x04, 0x0d, 0x71, 0x2f, 0x17, 0x17, 0xfe, 0x54, 0xb4, 0x8f, 0x04, 0x31,
  0x8d, 0x19, 0x18, 0x33, 0x12, 0x17, 0x13, 0x04, 0x06, 0x1e, 0x2a, 0x26,
  0x27, 0x42, 0x20, 0x74, 0x5d, 0x02, 0xac, 0xfc, 0x48, 0x03, 0xb8, 0x94,
  0x94, 0xfd, 0x40, 0x49, 0x1e, 0x20, 0x03, 0x02, 0x01, 0x02, 0x85, 0x0d,
  0x06, 0x06, 0x00, 0x00, 0x00, 0x01, 0x00, 0x58, 0x00, 0x25, 0x04, 0x79,
  0x04, 0xdd, 0x00, 0x13, 0x00, 0x00, 0x3f, 0x01, 0x23, 0x35, 0x21, 0x37,
  0x21, 0x35, 0x21, 0x13, 0x17, 0x07, 0x33, 0x15, 0x21, 0x07, 0x21, 0x15,
  0x21, 0x03, 0x7d, 0xa4, 0xc9, 0x01, 0x4a, 0xb8, 0xfd, 0xfe, 0x02, 0x87,
  0xf6, 0x7d, 0xa4, 0xcb, 0xfe, 0xb2, 0xb8, 0x02, 0x06, 0xfd, 0x79, 0xf8,
  0x8d, 0xd3, 0xac, 0xec, 0xaa, 0x01, 0x3b, 0x66, 0xd5, 0xaa, 0xec, 0xac,
  0xfe, 0xc5, 0x00, 0x00, 0x00, 0x02, 0x00, 0x56, 0x00, 0x00, 0x04, 0x77,
  0x04, 0x3f, 0x00, 0x06, 0x00, 0x0a, 0x00, 0x00, 0x13, 0x35, 0x01, 0x15,
  0x0d, 0x01, 0x15, 0x05, 0x21, 0x15, 0x21, 0x56, 0x04, 0x21, 0xfc, 0xdf,
  0x03, 0x21, 0xfb, 0xdf, 0x04, 0x21, 0xfb, 0xdf, 0x02, 0x4c, 0xa8, 0x01,
  0x4b, 0xb8, 0xe7, 0xea, 0xb6, 0x56, 0xaa, 0x00, 0x00, 0x02, 0x00, 0x58,
  0x00, 0x00, 0x04, 0x79, 0x04, 0x3f, 0x00, 0x06, 0x00, 0x0a, 0x00, 0x00,
  0x13, 0x2d, 0x01, 0x35, 0x01, 0x15, 0x01, 0x15, 0x21, 0x15, 0x21, 0x58,
  0x03, 0x23, 0xfc, 0xdd, 0x04, 0x21, 0xfb, 0xdf, 0x04, 0x21, 0xfb, 0xdf,
  0x01, 0xb6, 0xea, 0xe7, 0xb8, 0xfe, 0xb5, 0xa8, 0xfe, 0xb4, 0x56, 0xaa,
  0x00, 0x01, 0xff, 0xec, 0x05, 0x6a, 0x04, 0xe5, 0x06, 0x16, 0x00, 0x03,
  0x00, 0x00, 0x03, 0x21, 0x15, 0x21, 0x14, 0x04, 0xf9, 0xfb, 0x07, 0x06,
  0x16, 0xac, 0x00, 0x00, 0x00, 0x01, 0xff, 0xec, 0x03, 0x6a, 0x04, 0xe5,
  0x04, 0x16, 0x00, 0x03, 0x00, 0x00, 0x03, 0x21, 0x15, 0x21, 0x14, 0x04,
  0xf9, 0xfb, 0x07, 0x04, 0x16, 0xac, 0x00, 0x00, 0x00, 0x01, 0xff, 0xec,
  0x01, 0x6a, 0x04, 0xe5, 0x02, 0x16, 0x00, 0x03, 0x00, 0x00, 0x03, 0x21,
  0x15, 0x21, 0x14, 0x04, 0xf9, 0xfb, 0x07, 0x02, 0x16, 0xac, 0x00, 0x00,
  0x00, 0x01, 0xff, 0xec, 0xff, 0x6a, 0x04, 0xe5, 0x00, 0x16, 0x00, 0x03,
  0x00, 0x00, 0x27, 0x21, 0x15, 0x21, 0x14, 0x04, 0xf9, 0xfb, 0x07, 0x16,
  0xac, 0x00, 0x00, 0x00, 0x00, 0x02, 0x00, 0x57, 0xff, 0xff, 0x04, 0xa9,
  0x05, 0xd7, 0x00, 0x0b, 0x00, 0x13, 0x00, 0x00, 0x13, 0x11, 0x33, 0x11,
  0x21, 0x11, 0x33, 0x11, 0x23, 0x11, 0x21, 0x11, 0x01, 0x11, 0x21, 0x35,
  0x21, 0x15, 0x21, 0x11, 0x57, 0x87, 0x01, 0x6d, 0x87, 0x87, 0xfe, 0x93,
  0x02, 0x0c, 0xfe, 0xc9, 0x02, 0xf6, 0xfe, 0xc9, 0x03, 0x28, 0x02, 0xaf,
  0xfe, 0xf1, 0x01, 0x0f, 0xfd, 0x51, 0x01, 0x25, 0xfe, 0xdb, 0xfc, 0xd7,
  0x02, 0x34, 0x7b, 0x7b, 0xfd, 0xcc, 0x00, 0x00, 0x00, 0x02, 0x00, 0x9c,
  0x00, 0x00, 0x04, 0x6e, 0x05, 0xd8, 0x00, 0x05, 0x00, 0x0f, 0x00, 0x00,
  0x13, 0x11, 0x33, 0x11, 0x21, 0x15, 0x03, 0x11, 0x21, 0x15, 0x21, 0x15,
  0x21, 0x15, 0x21, 0x11, 0x9c, 0x87, 0x01, 0xc6, 0xdd, 0x02, 0x62, 0xfe,
  0x25, 0x01, 0x9e, 0xfe, 0x62, 0x03, 0x29, 0x02, 0xaf, 0xfd, 0xcc, 0x7b,
  0xfc, 0xd7, 0x02, 0xaf, 0x77, 0xb0, 0x77, 0xfe, 0xef, 0x00, 0x00, 0x00,
  0x00, 0x02, 0x00, 0x1a, 0x00, 0x04, 0x04, 0xaa, 0x05, 0xdc, 0x00, 0x0c,
  0x00, 0x14, 0x00, 0x00, 0x01, 0x1e, 0x01, 0x17, 0x3e, 0x01, 0x37, 0x13,
  0x33, 0x01, 0x23, 0x01, 0x33, 0x01, 0x11, 0x21, 0x35, 0x21, 0x15, 0x21,
  0x11, 0x01, 0x5e, 0x10, 0x25, 0x04, 0x04, 0x21, 0x0e, 0xb3, 0x93, 0xfe,
  0xd1, 0x98, 0xfe, 0xd1, 0x8e, 0x02, 0x43, 0xfe, 0xc9, 0x02, 0xf6, 0xfe,
  0xc8, 0x04, 0x36, 0x27, 0x54, 0x1d, 0x1d, 0x54, 0x27, 0x01, 0xa6, 0xfd,
  0x51, 0x02, 0xaf, 0xfa, 0x28, 0x02, 0x34, 0x7b, 0x7b, 0xfd, 0xcc, 0x00,
  0x00, 0x02, 0x00, 0x76, 0x00, 0x00, 0x04, 0x72, 0x05, 0xd8, 0x00, 0x09,
  0x00, 0x13, 0x00, 0x00, 0x13, 0x11, 0x21, 0x15, 0x21, 0x15, 0x21, 0x15,
  0x21, 0x11, 0x01, 0x11, 0x21, 0x15, 0x21, 0x15, 0x21, 0x15, 0x21, 0x11,
  0x76, 0x02, 0x62, 0xfe, 0x25, 0x01, 0x9e, 0xfe, 0x62, 0x01, 0x13, 0x02,
  0x62, 0xfe, 0x25, 0x01, 0x9e, 0xfe, 0x62, 0x03, 0x29, 0x02, 0xaf, 0x77,
  0xb0, 0x77, 0xfe, 0xef, 0xfc, 0xd7, 0x02, 0xaf, 0x77, 0xb0, 0x77, 0xfe,
  0xef, 0x00, 0x00, 0x00, 0x00, 0x03, 0x00, 0x41, 0x00, 0x00, 0x04, 0x9a,
  0x05, 0xe1, 0x00, 0x1b, 0x00, 0x29, 0x00, 0x32, 0x00, 0x00, 0x01, 0x22,
  0x2e, 0x01, 0x35, 0x34, 0x3e, 0x01, 0x33, 0x32, 0x16, 0x17, 0x23, 0x2e,
  0x01, 0x23, 0x22, 0x06, 0x15, 0x14, 0x16, 0x33, 0x32, 0x36, 0x37, 0x33,
  0x0e, 0x01, 0x03, 0x11, 0x21, 0x32, 0x16, 0x15, 0x14, 0x06, 0x07, 0x13,
  0x23, 0x03, 0x23, 0x19, 0x01, 0x21, 0x32, 0x36, 0x35, 0x34, 0x26, 0x23,
  0x21, 0x01, 0xa8, 0x67, 0xa1, 0x5f, 0x5f, 0xa1, 0x67, 0x75, 0xb8, 0x21,
  0x8c, 0x16, 0x6d, 0x3f, 0x5e, 0x7d, 0x7d, 0x5e, 0x3f, 0x6d, 0x16, 0x8c,
  0x21, 0xb8, 0x27, 0x01, 0x95, 0x73, 0x8b, 0x6a, 0x58, 0xd3, 0xa4, 0xcd,
  0xac, 0x01, 0x10, 0x33, 0x40, 0x3e, 0x33, 0xfe, 0xee, 0x03, 0x1f, 0x5c,
  0x9f, 0x65, 0x66, 0xa0, 0x5c, 0x7f, 0x66, 0x31, 0x3d, 0x85, 0x66, 0x65,
  0x85, 0x3e, 0x31, 0x64, 0x81, 0xfc, 0xe1, 0x02, 0xae, 0x7d, 0x60, 0x52,
  0x67, 0x0c, 0xfe, 0xf4, 0x01, 0x08, 0xfe, 0xf8, 0x01, 0x6e, 0x38, 0x2b,
  0x2d, 0x39, 0x00, 0x00, 0x00, 0x02, 0x00, 0x5b, 0x00, 0x00, 0x04, 0x8e,
  0x05, 0xd8, 0x00, 0x11, 0x00, 0x17, 0x00, 0x00, 0x13, 0x11, 0x33, 0x01,
  0x2e, 0x02, 0x3d, 0x01, 0x33, 0x11, 0x23, 0x01, 0x1e, 0x02, 0x1d, 0x01,
  0x01, 0x11, 0x33, 0x11, 0x21, 0x15, 0x5b, 0xa4, 0x01, 0x6c, 0x0a, 0x0c,
  0x04, 0x85, 0xa4, 0xfe, 0x93, 0x0d, 0x0a, 0x04, 0x01, 0x60, 0x87, 0x01,
  0xc7, 0x03, 0x29, 0x02, 0xaf, 0xfd, 0xe1, 0x3d, 0x4c, 0x64, 0x5a, 0xd8,
  0xfd, 0x51, 0x02, 0x1f, 0x39, 0x4e, 0x64, 0x5d, 0xd7, 0xfc, 0xd7, 0x02,
  0xaf, 0xfd, 0xcc, 0x7b, 0x00, 0x01, 0xff, 0xec, 0x02, 0x6a, 0x04, 0xe5,
  0x03, 0x16, 0x00, 0x03, 0x00, 0x18, 0x40, 0x15, 0x00, 0x00, 0x01, 0x01,
  0x00, 0x55, 0x00, 0x00, 0x00, 0x01, 0x5d, 0x00, 0x01, 0x00, 0x01, 0x4d,
  0x11, 0x10, 0x02, 0x0b, 0x16, 0x2b, 0x03, 0x21, 0x15, 0x21, 0x14, 0x04,
  0xf9, 0xfb, 0x07, 0x03, 0x16, 0xac, 0x00, 0x00, 0x00, 0x01, 0x02, 0x18,
  0xfd, 0xee, 0x02, 0xb8, 0x07, 0x9e, 0x00, 0x03, 0x00, 0x4e, 0x4b, 0xb0,
  0x0a, 0x50, 0x58, 0x40, 0x0b, 0x00, 0x00, 0x01, 0x00, 0x83, 0x00, 0x01,
  0x01, 0x6f, 0x01, 0x4c, 0x1b, 0x4b, 0xb0, 0x15, 0x50, 0x58, 0x40, 0x0b,
  0x00, 0x00, 0x00, 0x6e, 0x4b, 0x00, 0x01, 0x01, 0x6f, 0x01, 0x4c, 0x1b,
  0x4b, 0xb0, 0x17, 0x50, 0x58, 0x40, 0x0b, 0x00, 0x00, 0x01, 0x00, 0x83,
  0x00, 0x01, 0x01, 0x6f, 0x01, 0x4c, 0x1b, 0x40, 0x09, 0x00, 0x00, 0x01,
  0x00, 0x83, 0x00, 0x01, 0x01, 0x74, 0x59, 0x59, 0x59, 0xb4, 0x11, 0x10,
  0x02, 0x0b, 0x16, 0x2b, 0x01, 0x33, 0x11, 0x23, 0x02, 0x18, 0xa0, 0xa0,
  0x07, 0x9e, 0xf6, 0x50, 0x00, 0x01, 0x02, 0x18, 0xfd, 0xee, 0x04, 0xe5,
  0x03, 0x16, 0x00, 0x05, 0x00, 0x36, 0x4b, 0xb0, 0x17, 0x50, 0x58, 0x40,
  0x0e, 0x00, 0x00, 0x00, 0x01, 0x02, 0x00, 0x01, 0x65, 0x00, 0x02, 0x02,
  0x6f, 0x02, 0x4c, 0x1b, 0x40, 0x15, 0x00, 0x02, 0x01, 0x02, 0x84, 0x00,
  0x00, 0x01, 0x01, 0x00, 0x55, 0x00, 0x00, 0x00, 0x01, 0x5d, 0x00, 0x01,
  0x00, 0x01, 0x4d, 0x59, 0xb5, 0x11, 0x11, 0x10, 0x03, 0x0b, 0x17, 0x2b,
  0x01, 0x21, 0x15, 0x21, 0x11, 0x23, 0x02, 0x18, 0x02, 0xcd, 0xfd, 0xd3,
  0xa0, 0x03, 0x16, 0xac, 0xfb, 0x84, 0x00, 0x00, 0x00, 0x01, 0xff, 0xec,
  0xfd, 0xee, 0x02, 0xb8, 0x03, 0x16, 0x00, 0x05, 0x00, 0x36, 0x4b, 0xb0,
  0x17, 0x50, 0x58, 0x40, 0x0e, 0x00, 0x01, 0x00, 0x00, 0x02, 0x01, 0x00,
  0x65, 0x00, 0x02, 0x02, 0x6f, 0x02, 0x4c, 0x1b, 0x40, 0x15, 0x00, 0x02,
  0x00, 0x02, 0x84, 0x00, 0x01, 0x00, 0x00, 0x01, 0x55, 0x00, 0x01, 0x01,
  0x00, 0x5d, 0x00, 0x00, 0x01, 0x00, 0x4d, 0x59, 0xb5, 0x11, 0x11, 0x10,
  0x03, 0x0b, 0x17, 0x2b, 0x01, 0x21, 0x35, 0x21, 0x11, 0x23, 0x02, 0x18,
  0xfd, 0xd4, 0x02, 0xcc, 0xa0, 0x02, 0x6a, 0xac, 0xfa, 0xd8, 0x00, 0x00,
  0x00, 0x01, 0x02, 0x18, 0x02, 0x6a, 0x04, 0xe5, 0x07, 0x9e, 0x00, 0x05,
  0x00, 0x53, 0x4b, 0xb0, 0x0a, 0x50, 0x58, 0x40, 0x15, 0x00, 0x00, 0x01,
  0x00, 0x83, 0x00, 0x01, 0x02, 0x02, 0x01, 0x55, 0x00, 0x01, 0x01, 0x02,
  0x5e, 0x00, 0x02, 0x01, 0x02, 0x4e, 0x1b, 0x4b, 0xb0, 0x15, 0x50, 0x58,
  0x40, 0x0d, 0x00, 0x01, 0x00, 0x02, 0x01, 0x02, 0x62, 0x00, 0x00, 0x00,
  0x6e, 0x00, 0x4c, 0x1b, 0x40, 0x15, 0x00, 0x00, 0x01, 0x00, 0x83, 0x00,
  0x01, 0x02, 0x02, 0x01, 0x55, 0x00, 0x01, 0x01, 0x02, 0x5e, 0x00, 0x02,
  0x01, 0x02, 0x4e, 0x59, 0x59, 0xb5, 0x11, 0x11, 0x10, 0x03, 0x0b, 0x17,
  0x2b, 0x01, 0x33, 0x11, 0x21, 0x15, 0x21, 0x02, 0x18, 0xa0, 0x02, 0x2d,
  0xfd, 0x33, 0x07, 0x9e, 0xfb, 0x78, 0xac, 0x00, 0x00, 0x01, 0xff, 0xec,
  0x02, 0x6a, 0x02, 0xb8, 0x07, 0x9e, 0x00, 0x05, 0x00, 0x53, 0x4b, 0xb0,
  0x0a, 0x50, 0x58, 0x40, 0x15, 0x00, 0x01, 0x00, 0x01, 0x83, 0x00, 0x00,
  0x02, 0x02, 0x00, 0x55, 0x00, 0x00, 0x00, 0x02, 0x5e, 0x00, 0x02, 0x00,
  0x02, 0x4e, 0x1b, 0x4b, 0xb0, 0x15, 0x50, 0x58, 0x40, 0x0d, 0x00, 0x00,
  0x00, 0x02, 0x00, 0x02, 0x62, 0x00, 0x01, 0x01, 0x6e, 0x01, 0x4c, 0x1b,
  0x40, 0x15, 0x00, 0x01, 0x00, 0x01, 0x83, 0x00, 0x00, 0x02, 0x02, 0x00,
  0x55, 0x00, 0x00, 0x00, 0x02, 0x5e, 0x00, 0x02, 0x00, 0x02, 0x4e, 0x59,
  0x59, 0xb5, 0x11, 0x11, 0x10, 0x03, 0x0b, 0x17, 0x2b, 0x03, 0x21, 0x11,
  0x33, 0x11, 0x21, 0x14, 0x02, 0x2c, 0xa0, 0xfd, 0x34, 0x03, 0x16, 0x04,
  0x88, 0xfa, 0xcc, 0x00, 0x00, 0x01, 0x02, 0x18, 0xfd, 0xee, 0x04, 0xe5,
  0x07, 0x9e, 0x00, 0x07, 0x00, 0x79, 0x4b, 0xb0, 0x0a, 0x50, 0x58, 0x40,
  0x13, 0x00, 0x00, 0x01, 0x00, 0x83, 0x00, 0x01, 0x00, 0x02, 0x03, 0x01,
  0x02, 0x65, 0x00, 0x03, 0x03, 0x6f, 0x03, 0x4c, 0x1b, 0x4b, 0xb0, 0x15,
  0x50, 0x58, 0x40, 0x13, 0x00, 0x01, 0x00, 0x02, 0x03, 0x01, 0x02, 0x65,
  0x00, 0x00, 0x00, 0x6e, 0x4b, 0x00, 0x03, 0x03, 0x6f, 0x03, 0x4c, 0x1b,
  0x4b, 0xb0, 0x17, 0x50, 0x58, 0x40, 0x13, 0x00, 0x00, 0x01, 0x00, 0x83,
  0x00, 0x01, 0x00, 0x02, 0x03, 0x01, 0x02, 0x65, 0x00, 0x03, 0x03, 0x6f,
  0x03, 0x4c, 0x1b, 0x40, 0x1a, 0x00, 0x00, 0x01, 0x00, 0x83, 0x00, 0x03,
  0x02, 0x03, 0x84, 0x00, 0x01, 0x02, 0x02, 0x01, 0x55, 0x00, 0x01, 0x01,
  0x02, 0x5d, 0x00, 0x02, 0x01, 0x02, 0x4d, 0x59, 0x59, 0x59, 0xb6, 0x11,
  0x11, 0x11, 0x10, 0x04, 0x0b, 0x18, 0x2b, 0x01, 0x33, 0x11, 0x21, 0x15,
  0x21, 0x11, 0x23, 0x02, 0x18, 0xa0, 0x02, 0x2d, 0xfd, 0xd3, 0xa0, 0x07,
  0x9e, 0xfb, 0x78, 0xac, 0xfb, 0x84, 0x00, 0x00, 0x00, 0x01, 0xff, 0xec,
  0xfd, 0xee, 0x02, 0xb8, 0x07, 0x9e, 0x00, 0x07, 0x00, 0x79, 0x4b, 0xb0,
  0x0a, 0x50, 0x58, 0x40, 0x13, 0x00, 0x02, 0x01, 0x02, 0x83, 0x00, 0x01,
  0x00, 0x00, 0x03, 0x01, 0x00, 0x65, 0x00, 0x03, 0x03, 0x6f, 0x03, 0x4c,
  0x1b, 0x4b, 0xb0, 0x15, 0x50, 0x58, 0x40, 0x13, 0x00, 0x01, 0x00, 0x00,
  0x03, 0x01, 0x00, 0x65, 0x00, 0x02, 0x02, 0x6e, 0x4b, 0x00, 0x03, 0x03,
  0x6f, 0x03, 0x4c, 0x1b, 0x4b, 0xb0, 0x17, 0x50, 0x58, 0x40, 0x13, 0x00,
  0x02, 0x01, 0x02, 0x83, 0x00, 0x01, 0x00, 0x00, 0x03, 0x01, 0x00, 0x65,
  0x00, 0x03, 0x03, 0x6f, 0x03, 0x4c, 0x1b, 0x40, 0x1a, 0x00, 0x02, 0x01,
  0x02, 0x83, 0x00, 0x03, 0x00, 0x03, 0x84, 0x00, 0x01, 0x00, 0x00, 0x01,
  0x55, 0x00, 0x01, 0x01, 0x00, 0x5d, 0x00, 0x00, 0x01, 0x00, 0x4d, 0x59,
  0x59, 0x59, 0xb6, 0x11, 0x11, 0x11, 0x10, 0x04, 0x0b, 0x18, 0x2b, 0x01,
  0x21, 0x35, 0x21, 0x11, 0x33, 0x11, 0x23, 0x02, 0x18, 0xfd, 0xd4, 0x02,
  0x2c, 0xa0, 0xa0, 0x02, 0x6a, 0xac, 0x04, 0x88, 0xf6, 0x50, 0x00, 0x00,
  0x00, 0x01, 0xff, 0xec, 0xfd, 0xee, 0x04, 0xe5, 0x03, 0x16, 0x00, 0x07,
  0x00, 0x39, 0x4b, 0xb0, 0x17, 0x50, 0x58, 0x40, 0x0f, 0x00, 0x01, 0x02,
  0x01, 0x00, 0x03, 0x01, 0x00, 0x65, 0x00, 0x03, 0x03, 0x6f, 0x03, 0x4c,
  0x1b, 0x40, 0x16, 0x00, 0x03, 0x00, 0x03, 0x84, 0x00, 0x01, 0x00, 0x00,
  0x01, 0x55, 0x00, 0x01, 0x01, 0x00, 0x5d, 0x02, 0x01, 0x00, 0x01, 0x00,
  0x4d, 0x59, 0xb6, 0x11, 0x11, 0x11, 0x10, 0x04, 0x0b, 0x18, 0x2b, 0x01,
  0x21, 0x35, 0x21, 0x15, 0x21, 0x11, 0x23, 0x02, 0x18, 0xfd, 0xd4, 0x04,
  0xf9, 0xfd, 0xd3, 0xa0, 0x02, 0x6a, 0xac, 0xac, 0xfb, 0x84, 0x00, 0x00,
  0x00, 0x01, 0xff, 0xec, 0x02, 0x6a, 0x04, 0xe5, 0x07, 0x9e, 0x00, 0x07,
  0x00, 0x59, 0x4b, 0xb0, 0x0a, 0x50, 0x58, 0x40, 0x17, 0x00, 0x01, 0x00,
  0x01, 0x83, 0x02, 0x01, 0x00, 0x03, 0x03, 0x00, 0x55, 0x02, 0x01, 0x00,
  0x00, 0x03, 0x5e, 0x00, 0x03, 0x00, 0x03, 0x4e, 0x1b, 0x4b, 0xb0, 0x15,
  0x50, 0x58, 0x40, 0x0e, 0x02, 0x01, 0x00, 0x00, 0x03, 0x00, 0x03, 0x62,
  0x00, 0x01, 0x01, 0x6e, 0x01, 0x4c, 0x1b, 0x40, 0x17, 0x00, 0x01, 0x00,
  0x01, 0x83, 0x02, 0x01, 0x00, 0x03, 0x03, 0x00, 0x55, 0x02, 0x01, 0x00,
  0x00, 0x03, 0x5e, 0x00, 0x03, 0x00, 0x03, 0x4e, 0x59, 0x59, 0xb6, 0x11,
  0x11, 0x11, 0x10, 0x04, 0x0b, 0x18, 0x2b, 0x03, 0x21, 0x11, 0x33, 0x11,
  0x21, 0x15, 0x21, 0x14, 0x02, 0x2c, 0xa0, 0x02, 0x2d, 0xfb, 0x07, 0x03,
  0x16, 0x04, 0x88, 0xfb, 0x78, 0xac, 0x00, 0x00, 0x00, 0x01, 0xff, 0xec,
  0xfd, 0xee, 0x04, 0xe5, 0x07, 0x9e, 0x00, 0x0b, 0x00, 0x85, 0x4b, 0xb0,
  0x0a, 0x50, 0x58, 0x40, 0x15, 0x00, 0x02, 0x01, 0x02, 0x83, 0x03, 0x01,
  0x01, 0x04, 0x01, 0x00, 0x05, 0x01, 0x00, 0x65, 0x00, 0x05, 0x05, 0x6f,
  0x05, 0x4c, 0x1b, 0x4b, 0xb0, 0x15, 0x50, 0x58, 0x40, 0x15, 0x03, 0x01,
  0x01, 0x04, 0x01, 0x00, 0x05, 0x01, 0x00, 0x65, 0x00, 0x02, 0x02, 0x6e,
  0x4b, 0x00, 0x05, 0x05, 0x6f, 0x05, 0x4c, 0x1b, 0x4b, 0xb0, 0x17, 0x50,
  0x58, 0x40, 0x15, 0x00, 0x02, 0x01, 0x02, 0x83, 0x03, 0x01, 0x01, 0x04,
  0x01, 0x00, 0x05, 0x01, 0x00, 0x65, 0x00, 0x05, 0x05, 0x6f, 0x05, 0x4c,
  0x1b, 0x40, 0x1d, 0x00, 0x02, 0x01, 0x02, 0x83, 0x00, 0x05, 0x00, 0x05,
  0x84, 0x03, 0x01, 0x01, 0x00, 0x00, 0x01, 0x55, 0x03, 0x01, 0x01, 0x01,
  0x00, 0x5d, 0x04, 0x01, 0x00, 0x01, 0x00, 0x4d, 0x59, 0x59, 0x59, 0x40,
  0x09, 0x11, 0x11, 0x11, 0x11, 0x11, 0x10, 0x06, 0x0b, 0x1a, 0x2b, 0x01,
  0x21, 0x35, 0x21, 0x11, 0x33, 0x11, 0x21, 0x15, 0x21, 0x11, 0x23, 0x02,
  0x18, 0xfd, 0xd4, 0x02, 0x2c, 0xa0, 0x02, 0x2d, 0xfd, 0xd3, 0xa0, 0x02,
  0x6a, 0xac, 0x04, 0x88, 0xfb, 0x78, 0xac, 0xfb, 0x84, 0x00, 0x00, 0x00,
  0x00, 0x6e, 0xff, 0xfe, 0xfd, 0x9b, 0x04, 0xca, 0x08, 0x2b, 0x00, 0x03,
  0x00, 0x07, 0x00, 0x0b, 0x00, 0x0f, 0x00, 0x13, 0x00, 0x17, 0x00, 0x1b,
  0x00, 0x1f, 0x00, 0x23, 0x00, 0x27, 0x00, 0x2b, 0x00, 0x2f, 0x00, 0x33,
  0x00, 0x37, 0x00, 0x3b, 0x00, 0x3f, 0x00, 0x43, 0x00, 0x47, 0x00, 0x4b,
  0x00, 0x4f, 0x00, 0x53, 0x00, 0x57, 0x00, 0x5b, 0x00, 0x5f, 0x00, 0x63,
  0x00, 0x67, 0x00, 0x6b, 0x00, 0x6f, 0x00, 0x73, 0x00, 0x77, 0x00, 0x7b,
  0x00, 0x7f, 0x00, 0x83, 0x00, 0x87, 0x00, 0x8b, 0x00, 0x8f, 0x00, 0x93,
  0x00, 0x97, 0x00, 0x9b, 0x00, 0x9f, 0x00, 0xa3, 0x00, 0xa7, 0x00, 0xab,
  0x00, 0xaf, 0x00, 0xb3, 0x00, 0xb7, 0x00, 0xbb, 0x00, 0xbf, 0x00, 0xc3,
  0x00, 0xc7, 0x00, 0xcb, 0x00, 0xcf, 0x00, 0xd3, 0x00, 0xd7, 0x00, 0xdb,
  0x00, 0xdf, 0x00, 0xe3, 0x00, 0xe7, 0x00, 0xeb, 0x00, 0xef, 0x00, 0xf3,
  0x00, 0xf7, 0x00, 0xfb, 0x00, 0xff, 0x01, 0x03, 0x01, 0x07, 0x01, 0x0b,
  0x01, 0x0f, 0x01, 0x13, 0x01, 0x17, 0x01, 0x1b, 0x01, 0x1f, 0x01, 0x23,
  0x01, 0x27, 0x01, 0x2b, 0x01, 0x2f, 0x01, 0x33, 0x01, 0x37, 0x01, 0x3b,
  0x01, 0x3f, 0x01, 0x43, 0x01, 0x47, 0x01, 0x4b, 0x01, 0x4f, 0x01, 0x53,
  0x01, 0x57, 0x01, 0x5b, 0x01, 0x5f, 0x01, 0x63, 0x01, 0x67, 0x01, 0x6b,
  0x01, 0x6f, 0x01, 0x73, 0x01, 0x77, 0x01, 0x7b, 0x01, 0x7f, 0x01, 0x83,
  0x01, 0x87, 0x01, 0x8b, 0x01, 0x8f, 0x01, 0x93, 0x01, 0x97, 0x01, 0x9b,
  0x01, 0x9f, 0x01, 0xa3, 0x01, 0xa7, 0x01, 0xab, 0x01, 0xaf, 0x01, 0xb3,
  0x01, 0xb7, 0x00, 0x00, 0x01, 0x35, 0x33, 0x15, 0x21, 0x35, 0x33, 0x15,
  0x21, 0x35, 0x33, 0x15, 0x21, 0x35, 0x33, 0x15, 0x21, 0x35, 0x33, 0x15,
  0x05, 0x35, 0x33, 0x15, 0x21, 0x35, 0x33, 0x15, 0x21, 0x35, 0x33, 0x15,
  0x21, 0x35, 0x33, 0x15, 0x21, 0x35, 0x33, 0x15, 0x05, 0x35, 0x33, 0x15,
  0x21, 0x35, 0x33, 0x15, 0x21, 0x35, 0x33, 0x15, 0x21, 0x35, 0x33, 0x15,
  0x21, 0x35, 0x33, 0x15, 0x05, 0x35, 0x33, 0x15, 0x21, 0x35, 0x33, 0x15,
  0x21, 0x35, 0x33, 0x15, 0x21, 0x35, 0x33, 0x15, 0x21, 0x35, 0x33, 0x15,
  0x07, 0x35, 0x33, 0x15, 0x21, 0x35, 0x33, 0x15, 0x21, 0x35, 0x33, 0x15,
  0x21, 0x35, 0x33, 0x15, 0x21, 0x35, 0x33, 0x15, 0x17, 0x35, 0x33, 0x15,
  0x21, 0x35, 0x33, 0x15, 0x21, 0x35, 0x33, 0x15, 0x21, 0x35, 0x33, 0x15,
  0x21, 0x35, 0x33, 0x15, 0x17, 0x35, 0x33, 0x15, 0x21, 0x35, 0x33, 0x15,
  0x21, 0x35, 0x33, 0x15, 0x21, 0x35, 0x33, 0x15, 0x21, 0x35, 0x33, 0x15,
  0x05, 0x35, 0x33, 0x15, 0x21, 0x35, 0x33, 0x15, 0x33, 0x35, 0x33, 0x15,
  0x21, 0x35, 0x33, 0x15, 0x21, 0x35, 0x33, 0x15, 0x05, 0x35, 0x33, 0x15,
  0x21, 0x35, 0x33, 0x15, 0x21, 0x35, 0x33, 0x15, 0x21, 0x35, 0x33, 0x15,
  0x21, 0x35, 0x33, 0x15, 0x05, 0x35, 0x33, 0x15, 0x21, 0x35, 0x33, 0x15,
  0x21, 0x35, 0x33, 0x15, 0x21, 0x35, 0x33, 0x15, 0x33, 0x35, 0x33, 0x15,
  0x05, 0x35, 0x33, 0x15, 0x21, 0x35, 0x33, 0x15, 0x21, 0x35, 0x33, 0x15,
  0x21, 0x35, 0x33, 0x15, 0x21, 0x35, 0x33, 0x15, 0x05, 0x35, 0x33, 0x15,
  0x33, 0x35, 0x33, 0x15, 0x21, 0x35, 0x33, 0x15, 0x33, 0x35, 0x33, 0x15,
  0x21, 0x35, 0x33, 0x15, 0x05, 0x35, 0x33, 0x15, 0x21, 0x35, 0x33, 0x15,
  0x33, 0x35, 0x33, 0x15, 0x21, 0x35, 0x33, 0x15, 0x21, 0x35, 0x33, 0x15,
  0x07, 0x35, 0x33, 0x15, 0x21, 0x35, 0x33, 0x15, 0x21, 0x35, 0x33, 0x15,
  0x21, 0x35, 0x33, 0x15, 0x21, 0x35, 0x33, 0x15, 0x05, 0x35, 0x33, 0x15,
  0x21, 0x35, 0x33, 0x15, 0x33, 0x35, 0x33, 0x15, 0x21, 0x35, 0x33, 0x15,
  0x21, 0x35, 0x33, 0x15, 0x05, 0x35, 0x33, 0x15, 0x21, 0x35, 0x33, 0x15,
  0x21, 0x35, 0x33, 0x15, 0x33, 0x35, 0x33, 0x15, 0x21, 0x35, 0x33, 0x15,
  0x07, 0x35, 0x33, 0x15, 0x21, 0x35, 0x33, 0x15, 0x21, 0x35, 0x33, 0x15,
  0x21, 0x35, 0x33, 0x15, 0x21, 0x35, 0x33, 0x15, 0x07, 0x35, 0x33, 0x15,
  0x21, 0x35, 0x33, 0x15, 0x21, 0x35, 0x33, 0x15, 0x21, 0x35, 0x33, 0x15,
  0x21, 0x35, 0x33, 0x15, 0x05, 0x35, 0x33, 0x15, 0x21, 0x35, 0x33, 0x15,
  0x21, 0x35, 0x33, 0x15, 0x21, 0x35, 0x33, 0x15, 0x21, 0x35, 0x33, 0x15,
  0x07, 0x35, 0x33, 0x15, 0x21, 0x35, 0x33, 0x15, 0x21, 0x35, 0x33, 0x15,
  0x21, 0x35, 0x33, 0x15, 0x21, 0x35, 0x33, 0x15, 0x05, 0x35, 0x33, 0x15,
  0x21, 0x35, 0x33, 0x15, 0x21, 0x35, 0x33, 0x15, 0x21, 0x35, 0x33, 0x15,
  0x21, 0x35, 0x33, 0x15, 0x17, 0x35, 0x33, 0x15, 0x21, 0x35, 0x33, 0x15,
  0x21, 0x35, 0x33, 0x15, 0x21, 0x35, 0x33, 0x15, 0x21, 0x35, 0x33, 0x15,
  0x04, 0x50, 0x7a, 0xfe, 0x90, 0x7b, 0xfe, 0x8f, 0x7b, 0xfe, 0x8f, 0x7b,
  0xfe, 0x8f, 0x7b, 0x02, 0xe2, 0x7b, 0xfe, 0x8f, 0x7b, 0xfe, 0x8f, 0x7b,
  0xfe, 0x8f, 0x7b, 0xfe, 0x90, 0x7a, 0x03, 0xd8, 0x7a, 0xfe, 0x90, 0x7b,
  0xfc, 0xa3, 0x7b, 0x01, 0x71, 0x7b, 0xfe, 0x8f, 0x7b, 0x01, 0xec, 0x7b,
  0xfc, 0xa3, 0x7b, 0x01, 0x71, 0x7b, 0xfc, 0xa4, 0x7a, 0x01, 0x71, 0x7b,
  0xf6, 0x7b, 0x02, 0x67, 0x7a, 0xfe, 0x90, 0x7b, 0xfc, 0xa3, 0x7b, 0x01,
  0x71, 0x7b, 0xf6, 0x7b, 0xfd, 0x99, 0x7b, 0xfe, 0x8f, 0x7b, 0xfe, 0x90,
  0x7a, 0x02, 0x67, 0x7b, 0xf6, 0x7a, 0xfc, 0xa4, 0x7b, 0x01, 0x71, 0x7b,
  0xfe, 0x8f, 0x7b, 0xfd, 0x99, 0x7b, 0x01, 0xec, 0x7b, 0xfd, 0x99, 0x7b,
  0x7b, 0x7b, 0x01, 0x71, 0x7b, 0xfb, 0xae, 0x7a, 0x01, 0xec, 0x7b, 0x01,
  0x71, 0x7a, 0xfc, 0xa4, 0x7b, 0xfe, 0x8f, 0x7b, 0x02, 0x67, 0x7b, 0xfc,
  0x29, 0x7a, 0x03, 0x5d, 0x7b, 0xfe, 0x8f, 0x7b, 0xfd, 0x99, 0x7b, 0x7b,
  0x7b, 0x01, 0xec, 0x7a, 0xfd, 0x9a, 0x7b, 0xfe, 0x8f, 0x7b, 0xfe, 0x8f,
  0x7b, 0x02, 0x67, 0x7b, 0xfe, 0x14, 0x7b, 0x7b, 0x7b, 0xfc, 0xa4, 0x7a,
  0x7b, 0x7b, 0x02, 0x67, 0x7b, 0xfe, 0x14, 0x7b, 0xfd, 0x99, 0x7b, 0x7b,
  0x7b, 0x02, 0x67, 0x7a, 0xfe, 0x90, 0x7b, 0xf6, 0x7b, 0xfd, 0x99, 0x7b,
  0x02, 0x67, 0x7b, 0xfd, 0x99, 0x7b, 0xfd, 0x9a, 0x7a, 0x02, 0xe2, 0x7b,
  0xfd, 0x99, 0x7b, 0x7b, 0x7b, 0x01, 0x71, 0x7a, 0xfb, 0xae, 0x7b, 0x02,
  0xe2, 0x7b, 0xfb, 0xae, 0x7a, 0x01, 0x71, 0x7b, 0x7b, 0x7b, 0xfd, 0x99,
  0x7b, 0xf6, 0x7b, 0x02, 0x67, 0x7b, 0xfe, 0x8f, 0x7b, 0xfe, 0x8f, 0x7b,
  0x02, 0x67, 0x7a, 0xf5, 0x7b, 0xfe, 0x8f, 0x7b, 0xfc, 0xa4, 0x7a, 0x01,
  0x71, 0x7b, 0xfe, 0x8f, 0x7b, 0x02, 0xe2, 0x7a, 0xfe, 0x90, 0x7b, 0xfc,
  0xa3, 0x7b, 0x01, 0x71, 0x7b, 0xfe, 0x8f, 0x7b, 0xf6, 0x7b, 0x02, 0x67,
  0x7b, 0xfe, 0x8f, 0x7b, 0xfe, 0x8f, 0x7b, 0xfd, 0x9a, 0x7a, 0x03, 0xd8,
  0x7a, 0xfc, 0xa4, 0x7b, 0x01, 0x71, 0x7b, 0xfe, 0x8f, 0x7b, 0xfd, 0x99,
  0x7b, 0xf6, 0x7b, 0x01, 0x71, 0x7b, 0xfe, 0x8f, 0x7b, 0xfd, 0x99, 0x7b,
  0xfe, 0x90, 0x7a, 0x07, 0xb0, 0x7b, 0x7b, 0x7b, 0x7b, 0x7b, 0x7b, 0x7b,
  0x7b, 0x7b, 0x7b, 0x7b, 0x7b, 0x7b, 0x7b, 0x7b, 0x7b, 0x7b, 0x7b, 0x7b,
  0x7b, 0x7b, 0x7b, 0x7b, 0x7b, 0x7b, 0x7b, 0x7b, 0x7b, 0x7b, 0x7b, 0x7b,
  0x7b, 0x7b, 0x7b, 0x7b, 0x7b, 0x7b, 0x7b, 0x7b, 0x7b, 0x7b, 0x7b, 0x7b,
  0x7b, 0x7b, 0x7b, 0x7b, 0x7b, 0x7b, 0x7b, 0x7b, 0x7b, 0x7b, 0x7b, 0x7b,
  0x7b, 0x7b, 0x7b, 0x7b, 0x7b, 0x7b, 0x7b, 0x7b, 0x7b, 0x7b, 0x7a, 0x7a,
  0x7a, 0x7a, 0x7a, 0x7a, 0x7a, 0x7a, 0x7a, 0x7a, 0x7a, 0x7b, 0x7b, 0x7b,
  0x7b, 0x7b, 0x7b, 0x7b, 0x7b, 0x7b, 0x7b, 0x7b, 0x7b, 0x7b, 0x7b, 0x7b,
  0x7b, 0x7b, 0x7b, 0x7b, 0x7b, 0x7b, 0x7b, 0x7b, 0x7b, 0x7b, 0x7b, 0x7b,
  0x7b, 0x7b, 0x7b, 0x7b, 0x7b, 0x7b, 0x7b, 0x7b, 0x7b, 0x7b, 0x7b, 0x7b,
  0x7b, 0x7b, 0x7b, 0x7b, 0x7b, 0x7b, 0x7b, 0x7b, 0x7b, 0x7b, 0x7b, 0x7b,
  0x7b, 0x7b, 0x7b, 0x7b, 0x7b, 0x7b, 0x7b, 0x7b, 0x7b, 0x7b, 0x7b, 0x7b,
  0x7b, 0x7b, 0x7b, 0x7b, 0x7b, 0x7b, 0x7b, 0x7b, 0x7b, 0x7b, 0x7b, 0x7b,
  0x7b, 0x7b, 0x7b, 0x7b, 0x7b, 0x7b, 0x7b, 0x7b, 0x7b, 0x7b, 0x7b, 0x7b,
  0x7b, 0x7a, 0x7a, 0x7a, 0x7a, 0x7a, 0x7a, 0x7a, 0x7a, 0x7a, 0x7a, 0x7a,
  0x7b, 0x7b, 0x7b, 0x7b, 0x7b, 0x7b, 0x7b, 0x7b, 0x7b, 0x7b, 0x7b, 0x7b,
  0x7b, 0x7b, 0x7b, 0x7b, 0x7b, 0x7b, 0x7b, 0x7b, 0x7b, 0x7b, 0x7b, 0x7b,
  0x7b, 0x7b, 0x7b, 0x7b, 0x7b, 0x7b, 0x7b, 0x7b, 0x7b, 0x7b, 0x7b, 0x7b,
  0x7b, 0x7b, 0x7b, 0x7b, 0x7b, 0x7b, 0x7b, 0x7b, 0x7b, 0x7b, 0x7b, 0x7b,
  0x7b, 0x7b, 0x7b, 0x7b, 0x7b, 0x7b, 0x7b, 0x7b, 0x7b, 0x7b, 0x7b, 0x7b,
  0x7b, 0x7b, 0x7b, 0x7b, 0x7b, 0x7b, 0x00, 0x00, 0x00, 0x01, 0x00, 0x75,
  0xfe, 0x23, 0x04, 0x5c, 0x06, 0x75, 0x00, 0x03, 0x00, 0x00, 0x13, 0x09,
  0x02, 0x75, 0x01, 0xf3, 0x01, 0xf4, 0xfe, 0x0c, 0x02, 0x50, 0x04, 0x25,
  0xfb, 0xdb, 0xfb, 0xd3, 0x00, 0x00, 0x00, 0x1a, 0x01, 0x3e, 0x00, 0x01,
  0x00, 0x00, 0x00, 0x00, 0x00, 0x00, 0x00, 0x66, 0x00, 0xce, 0x00, 0x01,
  0x00, 0x00, 0x00, 0x00, 0x00, 0x01, 0x00, 0x0a, 0x01, 0x4b, 0x00, 0x01,
  0x00, 0x00, 0x00, 0x00, 0x00, 0x02, 0x00, 0x0d, 0x01, 0x72, 0x00, 0x01,
  0x00, 0x00, 0x00, 0x00, 0x00, 0x03, 0x00, 0x26, 0x01, 0xce, 0x00, 0x01,
  0x00, 0x00, 0x00, 0x00, 0x00, 0x04, 0x00, 0x0a, 0x02, 0x0b, 0x00, 0x01,
  0x00, 0x00, 0x00, 0x00, 0x00, 0x05, 0x00, 0x8e, 0x03, 0x34, 0x00, 0x01,
  0x00, 0x00, 0x00, 0x00, 0x00, 0x06, 0x00, 0x12, 0x03, 0xe9, 0x00, 0x01,
  0x00, 0x00, 0x00, 0x00, 0x00, 0x08, 0x00, 0x0e, 0x04, 0x1a, 0x00, 0x01,
  0x00, 0x00, 0x00, 0x00, 0x00, 0x09, 0x00, 0x16, 0x04, 0x57, 0x00, 0x01,
  0x00, 0x00, 0x00, 0x00, 0x00, 0x0b, 0x00, 0x21, 0x04, 0xb2, 0x00, 0x01,
  0x00, 0x00, 0x00, 0x00, 0x00, 0x0c, 0x00, 0x26, 0x05, 0x22, 0x00, 0x01,
  0x00, 0x00, 0x00, 0x00, 0x00, 0x0d, 0x0e, 0x97, 0x22, 0x79, 0x00, 0x01,
  0x00, 0x00, 0x00, 0x00, 0x00, 0x0e, 0x00, 0x3d, 0x31, 0x8d, 0x00, 0x03,
  0x00, 0x01, 0x04, 0x09, 0x00, 0x00, 0x00, 0xcc, 0x00, 0x00, 0x00, 0x03,
  0x00, 0x01, 0x04, 0x09, 0x00, 0x01, 0x00, 0x14, 0x01, 0x35, 0x00, 0x03,
  0x00, 0x01, 0x04, 0x09, 0x00, 0x02, 0x00, 0x1a, 0x01, 0x56, 0x00, 0x03,
  0x00, 0x01, 0x04, 0x09, 0x00, 0x03, 0x00, 0x4c, 0x01, 0x80, 0x00, 0x03,
  0x00, 0x01, 0x04, 0x09, 0x00, 0x04, 0x00, 0x14, 0x01, 0xf5, 0x00, 0x03,
  0x00, 0x01, 0x04, 0x09, 0x00, 0x05, 0x01, 0x1c, 0x02, 0x16, 0x00, 0x03,
  0x00, 0x01, 0x04, 0x09, 0x00, 0x06, 0x00, 0x24, 0x03, 0xc3, 0x00, 0x03,
  0x00, 0x01, 0x04, 0x09, 0x00, 0x08, 0x00, 0x1c, 0x03, 0xfc, 0x00, 0x03,
  0x00, 0x01, 0x04, 0x09, 0x00, 0x09, 0x00, 0x2c, 0x04, 0x29, 0x00, 0x03,
  0x00, 0x01, 0x04, 0x09, 0x00, 0x0b, 0x00, 0x42, 0x04, 0x6e, 0x00, 0x03,
  0x00, 0x01, 0x04, 0x09, 0x00, 0x0c, 0x00, 0x4c, 0x04, 0xd4, 0x00, 0x03,
  0x00, 0x01, 0x04, 0x09, 0x00, 0x0d, 0x1d, 0x2e, 0x05, 0x49, 0x00, 0x03,
  0x00, 0x01, 0x04, 0x09, 0x00, 0x0e, 0x00, 0x7a, 0x31, 0x11, 0x00, 0x43,
  0x00, 0x6f, 0x00, 0x70, 0x00, 0x79, 0x00, 0x72, 0x00, 0x69, 0x00, 0x67,
  0x00, 0x68, 0x00, 0x74, 0x00, 0x20, 0x00, 0x28, 0x00, 0x63, 0x00, 0x29,
  0x00, 0x20, 0x00, 0x32, 0x00, 0x30, 0x00, 0x31, 0x00, 0x38, 0x00, 0x20,
  0x00, 0x53, 0x00, 0x6f, 0x00, 0x75, 0x00, 0x72, 0x00, 0x63, 0x00, 0x65,
  0x00, 0x20, 0x00, 0x46, 0x00, 0x6f, 0x00, 0x75, 0x00, 0x6e, 0x00, 0x64,
  0x00, 0x72, 0x00, 0x79, 0x00, 0x20, 0x00, 0x41, 0x00, 0x75, 0x00, 0x74,
  0x00, 0x68, 0x00, 0x6f, 0x00, 0x72, 0x00, 0x73, 0x00, 0x20, 0x00, 0x2f,
  0x00, 0x20, 0x00, 0x43, 0x00, 0x6f, 0x00, 0x70, 0x00, 0x79, 0x00, 0x72,
  0x00, 0x69, 0x00, 0x67, 0x00, 0x68, 0x00, 0x74, 0x00, 0x20, 0x00, 0x28,
  0x00, 0x63, 0x00, 0x29, 0x00, 0x20, 0x00, 0x32, 0x00, 0x30, 0x00, 0x30,
  0x00, 0x33, 0x00, 0x20, 0x00, 0x62, 0x00, 0x79, 0x00, 0x20, 0x00, 0x42,
  0x00, 0x69, 0x00, 0x74, 0x00, 0x73, 0x00, 0x74, 0x00, 0x72, 0x00, 0x65,
  0x00, 0x61, 0x00, 0x6d, 0x00, 0x2c, 0x00, 0x20, 0x00, 0x49, 0x00, 0x6e,
  0x00, 0x63, 0x00, 0x2e, 0x00, 0x20, 0x00, 0x41, 0x00, 0x6c, 0x00, 0x6c,
  0x00, 0x20, 0x00, 0x52, 0x00, 0x69, 0x00, 0x67, 0x00, 0x68, 0x00, 0x74,
  0x00, 0x73, 0x00, 0x20, 0x00, 0x52, 0x00, 0x65, 0x00, 0x73, 0x00, 0x65,
  0x00, 0x72, 0x00, 0x76, 0x00, 0x65, 0x00, 0x64, 0x00, 0x2e, 0x00, 0x00,
  0x43, 0x6f, 0x70, 0x79, 0x72, 0x69, 0x67, 0x68, 0x74, 0x20, 0x28, 0x63,
  0x29, 0x20, 0x32, 0x30, 0x31, 0x38, 0x20, 0x53, 0x6f, 0x75, 0x72, 0x63,
  0x65, 0x20, 0x46, 0x6f, 0x75, 0x6e, 0x64, 0x72, 0x79, 0x20, 0x41, 0x75,
  0x74, 0x68, 0x6f, 0x72, 0x73, 0x20, 0x2f, 0x20, 0x43, 0x6f, 0x70, 0x79,
  0x72, 0x69, 0x67, 0x68, 0x74, 0x20, 0x28, 0x63, 0x29, 0x20, 0x32, 0x30,
  0x30, 0x33, 0x20, 0x62, 0x79, 0x20, 0x42, 0x69, 0x74, 0x73, 0x74, 0x72,
  0x65, 0x61, 0x6d, 0x2c, 0x20, 0x49, 0x6e, 0x63, 0x2e, 0x20, 0x41, 0x6c,
  0x6c, 0x20, 0x52, 0x69, 0x67, 0x68, 0x74, 0x73, 0x20, 0x52, 0x65, 0x73,
  0x65, 0x72, 0x76, 0x65, 0x64, 0x2e, 0x00, 0x00, 0x48, 0x00, 0x61, 0x00,
  0x63, 0x00, 0x6b, 0x00, 0x20, 0x00, 0x56, 0x00, 0x54, 0x00, 0x31, 0x00,
  0x30, 0x00, 0x30, 0x00, 0x00, 0x48, 0x61, 0x63, 0x6b, 0x20, 0x56, 0x54,
  0x31, 0x30, 0x30, 0x00, 0x00, 0x76, 0x00, 0x74, 0x00, 0x31, 0x00, 0x30,
  0x00, 0x30, 0x00, 0x2d, 0x00, 0x52, 0x00, 0x65, 0x00, 0x67, 0x00, 0x75,
  0x00, 0x6c, 0x00, 0x61, 0x00, 0x72, 0x00, 0x00, 0x76, 0x74, 0x31, 0x30,
  0x30, 0x2d, 0x52, 0x65, 0x67, 0x75, 0x6c, 0x61, 0x72, 0x00, 0x00, 0x46,
  0x00, 0x6f, 0x00, 0x6e, 0x00, 0x74, 0x00, 0x46, 0x00, 0x6f, 0x00, 0x72,
  0x00, 0x67, 0x00, 0x65, 0x00, 0x20, 0x00, 0x32, 0x00, 0x2e, 0x00, 0x30,
  0x00, 0x20, 0x00, 0x3a, 0x00, 0x20, 0x00, 0x48, 0x00, 0x61, 0x00, 0x63,
  0x00, 0x6b, 0x00, 0x20, 0x00, 0x56, 0x00, 0x54, 0x00, 0x31, 0x00, 0x30,
  0x00, 0x30, 0x00, 0x20, 0x00, 0x3a, 0x00, 0x20, 0x00, 0x32, 0x00, 0x36,
  0x00, 0x2d, 0x00, 0x35, 0x00, 0x2d, 0x00, 0x32, 0x00, 0x30, 0x00, 0x32,
  0x00, 0x36, 0x00, 0x00, 0x46, 0x6f, 0x6e, 0x74, 0x46, 0x6f, 0x72, 0x67,
  0x65, 0x20, 0x32, 0x2e, 0x30, 0x20, 0x3a, 0x20, 0x48, 0x61, 0x63, 0x6b,
  0x20, 0x56, 0x54, 0x31, 0x30, 0x30, 0x20, 0x3a, 0x20, 0x32, 0x36, 0x2d,
  0x35, 0x2d, 0x32, 0x30, 0x32, 0x36, 0x00, 0x00, 0x48, 0x00, 0x61, 0x00,
  0x63, 0x00, 0x6b, 0x00, 0x20, 0x00, 0x56, 0x00, 0x54, 0x00, 0x31, 0x00,
  0x30, 0x00, 0x30, 0x00, 0x00, 0x48, 0x61, 0x63, 0x6b, 0x20, 0x56, 0x54,
  0x31, 0x30, 0x30, 0x00, 0x00, 0x56, 0x00, 0x65, 0x00, 0x72, 0x00, 0x73,
  0x00, 0x69, 0x00, 0x6f, 0x00, 0x6e, 0x00, 0x20, 0x00, 0x33, 0x00, 0x2e,
  0x00, 0x30, 0x00, 0x30, 0x00, 0x33, 0x00, 0x3b, 0x00, 0x5b, 0x00, 0x33,
  0x00, 0x31, 0x00, 0x31, 0x00, 0x34, 0x00, 0x66, 0x00, 0x31, 0x00, 0x32,
  0x00, 0x35, 0x00, 0x36, 0x00, 0x5d, 0x00, 0x2d, 0x00, 0x72, 0x00, 0x65,
  0x00, 0x6c, 0x00, 0x65, 0x00, 0x61, 0x00, 0x73, 0x00, 0x65, 0x00, 0x3b,
  0x00, 0x20, 0x00, 0x74, 0x00, 0x74, 0x00, 0x66, 0x00, 0x61, 0x00, 0x75,
  0x00, 0x74, 0x00, 0x6f, 0x00, 0x68, 0x00, 0x69, 0x00, 0x6e, 0x00, 0x74,
  0x00, 0x20, 0x00, 0x28, 0x00, 0x76, 0x00, 0x31, 0x00, 0x2e, 0x00, 0x37,
  0x00, 0x29, 0x00, 0x20, 0x00, 0x2d, 0x00, 0x6c, 0x00, 0x20, 0x00, 0x36,
  0x00, 0x20, 0x00, 0x2d, 0x00, 0x72, 0x00, 0x20, 0x00, 0x35, 0x00, 0x30,
  0x00, 0x20, 0x00, 0x2d, 0x00, 0x47, 0x00, 0x20, 0x00, 0x32, 0x00, 0x30,
  0x00, 0x30, 0x00, 0x20, 0x00, 0x2d, 0x00, 0x78, 0x00, 0x20, 0x00, 0x31,
  0x00, 0x30, 0x00, 0x20, 0x00, 0x2d, 0x00, 0x48, 0x00, 0x20, 0x00, 0x31,
  0x00, 0x38, 0x00, 0x31, 0x00, 0x20, 0x00, 0x2d, 0x00, 0x44, 0x00, 0x20,
  0x00, 0x6c, 0x00, 0x61, 0x00, 0x74, 0x00, 0x6e, 0x00, 0x20, 0x00, 0x2d,
  0x00, 0x66, 0x00, 0x20, 0x00, 0x6c, 0x00, 0x61, 0x00, 0x74, 0x00, 0x6e,
  0x00, 0x20, 0x00, 0x2d, 0x00, 0x6d, 0x00, 0x20, 0x00, 0x22, 0x00, 0x48,
  0x00, 0x61, 0x00, 0x63, 0x00, 0x6b, 0x00, 0x2d, 0x00, 0x52, 0x00, 0x65,
  0x00, 0x67, 0x00, 0x75, 0x00, 0x6c, 0x00, 0x61, 0x00, 0x72, 0x00, 0x2d,
  0x00, 0x54, 0x00, 0x41, 0x00, 0x2e, 0x00, 0x74, 0x00, 0x78, 0x00, 0x74,
  0x00, 0x22, 0x00, 0x20, 0x00, 0x2d, 0x00, 0x77, 0x00, 0x20, 0x00, 0x47,
  0x00, 0x20, 0x00, 0x2d, 0x00, 0x57, 0x00, 0x20, 0x00, 0x2d, 0x00, 0x74,
  0x00, 0x20, 0x00, 0x2d, 0x00, 0x58, 0x00, 0x20, 0x00, 0x22, 0x00, 0x22,
  0x00, 0x00, 0x56, 0x65, 0x72, 0x73, 0x69, 0x6f, 0x6e, 0x20, 0x33, 0x2e,
  0x30, 0x30, 0x33, 0x3b, 0x5b, 0x33, 0x31, 0x31, 0x34, 0x66, 0x31, 0x32,
  0x35, 0x36, 0x5d, 0x2d, 0x72, 0x65, 0x6c, 0x65, 0x61, 0x73, 0x65, 0x3b,
  0x20, 0x74, 0x74, 0x66, 0x61, 0x75, 0x74, 0x6f, 0x68, 0x69, 0x6e, 0x74,
  0x20, 0x28, 0x76, 0x31, 0x2e, 0x37, 0x29, 0x20, 0x2d, 0x6c, 0x20, 0x36,
  0x20, 0x2d, 0x72, 0x20, 0x35, 0x30, 0x20, 0x2d, 0x47, 0x20, 0x32, 0x30,
  0x30, 0x20, 0x2d, 0x78, 0x20, 0x31, 0x30, 0x20, 0x2d, 0x48, 0x20, 0x31,
  0x38, 0x31, 0x20, 0x2d, 0x44, 0x20, 0x6c, 0x61, 0x74, 0x6e, 0x20, 0x2d,
  0x66, 0x20, 0x6c, 0x61, 0x74, 0x6e, 0x20, 0x2d, 0x6d, 0x20, 0x22, 0x48,
  0x61, 0x63, 0x6b, 0x2d, 0x52, 0x65, 0x67, 0x75, 0x6c, 0x61, 0x72, 0x2d,
  0x54, 0x41, 0x2e, 0x74, 0x78, 0x74, 0x22, 0x20, 0x2d, 0x77, 0x20, 0x47,
  0x20, 0x2d, 0x57, 0x20, 0x2d, 0x74, 0x20, 0x2d, 0x58, 0x20, 0x22, 0x22,
  0x00, 0x00, 0x48, 0x00, 0x61, 0x00, 0x63, 0x00, 0x6b, 0x00, 0x2d, 0x00,
  0x76, 0x00, 0x74, 0x00, 0x31, 0x00, 0x30, 0x00, 0x30, 0x00, 0x2d, 0x00,
  0x52, 0x00, 0x65, 0x00, 0x67, 0x00, 0x75, 0x00, 0x6c, 0x00, 0x61, 0x00,
  0x72, 0x00, 0x00, 0x48, 0x61, 0x63, 0x6b, 0x2d, 0x76, 0x74, 0x31, 0x30,
  0x30, 0x2d, 0x52, 0x65, 0x67, 0x75, 0x6c, 0x61, 0x72, 0x00, 0x00, 0x53,
  0x00, 0x6f, 0x00, 0x75, 0x00, 0x72, 0x00, 0x63, 0x00, 0x65, 0x00, 0x20,
  0x00, 0x46, 0x00, 0x6f, 0x00, 0x75, 0x00, 0x6e, 0x00, 0x64, 0x00, 0x72,
  0x00, 0x79, 0x00, 0x00, 0x53, 0x6f, 0x75, 0x72, 0x63, 0x65, 0x20, 0x46,
  0x6f, 0x75, 0x6e, 0x64, 0x72, 0x79, 0x00, 0x00, 0x53, 0x00, 0x6f, 0x00,
  0x75, 0x00, 0x72, 0x00, 0x63, 0x00, 0x65, 0x00, 0x20, 0x00, 0x46, 0x00,
  0x6f, 0x00, 0x75, 0x00, 0x6e, 0x00, 0x64, 0x00, 0x72, 0x00, 0x79, 0x00,
  0x20, 0x00, 0x41, 0x00, 0x75, 0x00, 0x74, 0x00, 0x68, 0x00, 0x6f, 0x00,
  0x72, 0x00, 0x73, 0x00, 0x00, 0x53, 0x6f, 0x75, 0x72, 0x63, 0x65, 0x20,
  0x46, 0x6f, 0x75, 0x6e, 0x64, 0x72, 0x79, 0x20, 0x41, 0x75, 0x74, 0x68,
  0x6f, 0x72, 0x73, 0x00, 0x00, 0x68, 0x00, 0x74, 0x00, 0x74, 0x00, 0x70,
  0x00, 0x73, 0x00, 0x3a, 0x00, 0x2f, 0x00, 0x2f, 0x00, 0x67, 0x00, 0x69,
  0x00, 0x74, 0x00, 0x68, 0x00, 0x75, 0x00, 0x62, 0x00, 0x2e, 0x00, 0x63,
  0x00, 0x6f, 0x00, 0x6d, 0x00, 0x2f, 0x00, 0x73, 0x00, 0x6f, 0x00, 0x75,
  0x00, 0x72, 0x00, 0x63, 0x00, 0x65, 0x00, 0x2d, 0x00, 0x66, 0x00, 0x6f,
  0x00, 0x75, 0x00, 0x6e, 0x00, 0x64, 0x00, 0x72, 0x00, 0x79, 0x00, 0x00,
  0x68, 0x74, 0x74, 0x70, 0x73, 0x3a, 0x2f, 0x2f, 0x67, 0x69, 0x74, 0x68,
  0x75, 0x62, 0x2e, 0x63, 0x6f, 0x6d, 0x2f, 0x73, 0x6f, 0x75, 0x72, 0x63,
  0x65, 0x2d, 0x66, 0x6f, 0x75, 0x6e, 0x64, 0x72, 0x79, 0x00, 0x00, 0x68,
  0x00, 0x74, 0x00, 0x74, 0x00, 0x70, 0x00, 0x73, 0x00, 0x3a, 0x00, 0x2f,
  0x00, 0x2f, 0x00, 0x67, 0x00, 0x69, 0x00, 0x74, 0x00, 0x68, 0x00, 0x75,
  0x00, 0x62, 0x00, 0x2e, 0x00, 0x63, 0x00, 0x6f, 0x00, 0x6d, 0x00, 0x2f,
  0x00, 0x73, 0x00, 0x6f, 0x00, 0x75, 0x00, 0x72, 0x00, 0x63, 0x00, 0x65,
  0x00, 0x2d, 0x00, 0x66, 0x00, 0x6f, 0x00, 0x75, 0x00, 0x6e, 0x00, 0x64,
  0x00, 0x72, 0x00, 0x79, 0x00, 0x2f, 0x00, 0x48, 0x00, 0x61, 0x00, 0x63,
  0x00, 0x6b, 0x00, 0x00, 0x68, 0x74, 0x74, 0x70, 0x73, 0x3a, 0x2f, 0x2f,
  0x67, 0x69, 0x74, 0x68, 0x75, 0x62, 0x2e, 0x63, 0x6f, 0x6d, 0x2f, 0x73,
  0x6f, 0x75, 0x72, 0x63, 0x65, 0x2d, 0x66, 0x6f, 0x75, 0x6e, 0x64, 0x72,
  0x79, 0x2f, 0x48, 0x61, 0x63, 0x6b, 0x00, 0x00, 0x54, 0x00, 0x68, 0x00,
  0x65, 0x00, 0x20, 0x00, 0x77, 0x00, 0x6f, 0x00, 0x72, 0x00, 0x6b, 0x00,
  0x20, 0x00, 0x69, 0x00, 0x6e, 0x00, 0x20, 0x00, 0x74, 0x00, 0x68, 0x00,
  0x65, 0x00, 0x20, 0x00, 0x48, 0x00, 0x61, 0x00, 0x63, 0x00, 0x6b, 0x00,
  0x20, 0x00, 0x70, 0x00, 0x72, 0x00, 0x6f, 0x00, 0x6a, 0x00, 0x65, 0x00,
  0x63, 0x00, 0x74, 0x00, 0x20, 0x00, 0x69, 0x00, 0x73, 0x00, 0x20, 0x00,
  0x43, 0x00, 0x6f, 0x00, 0x70, 0x00, 0x79, 0x00, 0x72, 0x00, 0x69, 0x00,
  0x67, 0x00, 0x68, 0x00, 0x74, 0x00, 0x20, 0x00, 0x32, 0x00, 0x30, 0x00,
  0x31, 0x00, 0x38, 0x00, 0x20, 0x00, 0x53, 0x00, 0x6f, 0x00, 0x75, 0x00,
  0x72, 0x00, 0x63, 0x00, 0x65, 0x00, 0x20, 0x00, 0x46, 0x00, 0x6f, 0x00,
  0x75, 0x00, 0x6e, 0x00, 0x64, 0x00, 0x72, 0x00, 0x79, 0x00, 0x20, 0x00,
  0x41, 0x00, 0x75, 0x00, 0x74, 0x00, 0x68, 0x00, 0x6f, 0x00, 0x72, 0x00,
  0x73, 0x00, 0x20, 0x00, 0x61, 0x00, 0x6e, 0x00, 0x64, 0x00, 0x20, 0x00,
  0x6c, 0x00, 0x69, 0x00, 0x63, 0x00, 0x65, 0x00, 0x6e, 0x00, 0x73, 0x00,
  0x65, 0x00, 0x64, 0x00, 0x20, 0x00, 0x75, 0x00, 0x6e, 0x00, 0x64, 0x00,
  0x65, 0x00, 0x72, 0x00, 0x20, 0x00, 0x74, 0x00, 0x68, 0x00, 0x65, 0x00,
  0x20, 0x00, 0x4d, 0x00, 0x49, 0x00, 0x54, 0x00, 0x20, 0x00, 0x4c, 0x00,
  0x69, 0x00, 0x63, 0x00, 0x65, 0x00, 0x6e, 0x00, 0x73, 0x00, 0x65, 0x00,
  0x0a, 0x00, 0x0a, 0x00, 0x54, 0x00, 0x68, 0x00, 0x65, 0x00, 0x20, 0x00,
  0x77, 0x00, 0x6f, 0x00, 0x72, 0x00, 0x6b, 0x00, 0x20, 0x00, 0x69, 0x00,
  0x6e, 0x00, 0x20, 0x00, 0x74, 0x00, 0x68, 0x00, 0x65, 0x00, 0x20, 0x00,
  0x44, 0x00, 0x65, 0x00, 0x6a, 0x00, 0x61, 0x00, 0x56, 0x00, 0x75, 0x00,
  0x20, 0x00, 0x70, 0x00, 0x72, 0x00, 0x6f, 0x00, 0x6a, 0x00, 0x65, 0x00,
  0x63, 0x00, 0x74, 0x00, 0x20, 0x00, 0x77, 0x00, 0x61, 0x00, 0x73, 0x00,
  0x20, 0x00, 0x63, 0x00, 0x6f, 0x00, 0x6d, 0x00, 0x6d, 0x00, 0x69, 0x00,
  0x74, 0x00, 0x74, 0x00, 0x65, 0x00, 0x64, 0x00, 0x20, 0x00, 0x74, 0x00,
  0x6f, 0x00, 0x20, 0x00, 0x74, 0x00, 0x68, 0x00, 0x65, 0x00, 0x20, 0x00,
  0x70, 0x00, 0x75, 0x00, 0x62, 0x00, 0x6c, 0x00, 0x69, 0x00, 0x63, 0x00,
  0x20, 0x00, 0x64, 0x00, 0x6f, 0x00, 0x6d, 0x00, 0x61, 0x00, 0x69, 0x00,
  0x6e, 0x00, 0x2e, 0x00, 0x0a, 0x00, 0x0a, 0x00, 0x42, 0x00, 0x69, 0x00,
  0x74, 0x00, 0x73, 0x00, 0x74, 0x00, 0x72, 0x00, 0x65, 0x00, 0x61, 0x00,
  0x6d, 0x00, 0x20, 0x00, 0x56, 0x00, 0x65, 0x00, 0x72, 0x00, 0x61, 0x00,
  0x20, 0x00, 0x53, 0x00, 0x61, 0x00, 0x6e, 0x00, 0x73, 0x00, 0x20, 0x00,
  0x4d, 0x00, 0x6f, 0x00, 0x6e, 0x00, 0x6f, 0x00, 0x20, 0x00, 0x43, 0x00,
  0x6f, 0x00, 0x70, 0x00, 0x79, 0x00, 0x72, 0x00, 0x69, 0x00, 0x67, 0x00,
  0x68, 0x00, 0x74, 0x00, 0x20, 0x00, 0x32, 0x00, 0x30, 0x00, 0x30, 0x00,
  0x33, 0x00, 0x20, 0x00, 0x42, 0x00, 0x69, 0x00, 0x74, 0x00, 0x73, 0x00,
  0x74, 0x00, 0x72, 0x00, 0x65, 0x00, 0x61, 0x00, 0x6d, 0x00, 0x20, 0x00,
  0x49, 0x00, 0x6e, 0x00, 0x63, 0x00, 0x2e, 0x00, 0x20, 0x00, 0x61, 0x00,
  0x6e, 0x00, 0x64, 0x00, 0x20, 0x00, 0x6c, 0x00, 0x69, 0x00, 0x63, 0x00,
  0x65, 0x00, 0x6e, 0x00, 0x73, 0x00, 0x65, 0x00, 0x64, 0x00, 0x20, 0x00,
  0x75, 0x00, 0x6e, 0x00, 0x64, 0x00, 0x65, 0x00, 0x72, 0x00, 0x20, 0x00,
  0x74, 0x00, 0x68, 0x00, 0x65, 0x00, 0x20, 0x00, 0x42, 0x00, 0x69, 0x00,
  0x74, 0x00, 0x73, 0x00, 0x74, 0x00, 0x72, 0x00, 0x65, 0x00, 0x61, 0x00,
  0x6d, 0x00, 0x20, 0x00, 0x56, 0x00, 0x65, 0x00, 0x72, 0x00, 0x61, 0x00,
  0x20, 0x00, 0x4c, 0x00, 0x69, 0x00, 0x63, 0x00, 0x65, 0x00, 0x6e, 0x00,
  0x73, 0x00, 0x65, 0x00, 0x20, 0x00, 0x77, 0x00, 0x69, 0x00, 0x74, 0x00,
  0x68, 0x00, 0x20, 0x00, 0x52, 0x00, 0x65, 0x00, 0x73, 0x00, 0x65, 0x00,
  0x72, 0x00, 0x76, 0x00, 0x65, 0x00, 0x64, 0x00, 0x20, 0x00, 0x46, 0x00,
  0x6f, 0x00, 0x6e, 0x00, 0x74, 0x00, 0x20, 0x00, 0x4e, 0x00, 0x61, 0x00,
  0x6d, 0x00, 0x65, 0x00, 0x73, 0x00, 0x20, 0x00, 0x22, 0x00, 0x42, 0x00,
  0x69, 0x00, 0x74, 0x00, 0x73, 0x00, 0x74, 0x00, 0x72, 0x00, 0x65, 0x00,
  0x61, 0x00, 0x6d, 0x00, 0x22, 0x00, 0x20, 0x00, 0x61, 0x00, 0x6e, 0x00,
  0x64, 0x00, 0x20, 0x00, 0x22, 0x00, 0x56, 0x00, 0x65, 0x00, 0x72, 0x00,
  0x61, 0x00, 0x22, 0x00, 0x0a, 0x00, 0x0a, 0x00, 0x4d, 0x00, 0x49, 0x00,
  0x54, 0x00, 0x20, 0x00, 0x4c, 0x00, 0x69, 0x00, 0x63, 0x00, 0x65, 0x00,
  0x6e, 0x00, 0x73, 0x00, 0x65, 0x00, 0x0a, 0x00, 0x0a, 0x00, 0x43, 0x00,
  0x6f, 0x00, 0x70, 0x00, 0x79, 0x00, 0x72, 0x00, 0x69, 0x00, 0x67, 0x00,
  0x68, 0x00, 0x74, 0x00, 0x20, 0x00, 0x28, 0x00, 0x63, 0x00, 0x29, 0x00,
  0x20, 0x00, 0x32, 0x00, 0x30, 0x00, 0x31, 0x00, 0x38, 0x00, 0x20, 0x00,
  0x53, 0x00, 0x6f, 0x00, 0x75, 0x00, 0x72, 0x00, 0x63, 0x00, 0x65, 0x00,
  0x20, 0x00, 0x46, 0x00, 0x6f, 0x00, 0x75, 0x00, 0x6e, 0x00, 0x64, 0x00,
  0x72, 0x00, 0x79, 0x00, 0x20, 0x00, 0x41, 0x00, 0x75, 0x00, 0x74, 0x00,
  0x68, 0x00, 0x6f, 0x00, 0x72, 0x00, 0x73, 0x00, 0x0a, 0x00, 0x0a, 0x00,
  0x50, 0x00, 0x65, 0x00, 0x72, 0x00, 0x6d, 0x00, 0x69, 0x00, 0x73, 0x00,
  0x73, 0x00, 0x69, 0x00, 0x6f, 0x00, 0x6e, 0x00, 0x20, 0x00, 0x69, 0x00,
  0x73, 0x00, 0x20, 0x00, 0x68, 0x00, 0x65, 0x00, 0x72, 0x00, 0x65, 0x00,
  0x62, 0x00, 0x79, 0x00, 0x20, 0x00, 0x67, 0x00, 0x72, 0x00, 0x61, 0x00,
  0x6e, 0x00, 0x74, 0x00, 0x65, 0x00, 0x64, 0x00, 0x2c, 0x00, 0x20, 0x00,
  0x66, 0x00, 0x72, 0x00, 0x65, 0x00, 0x65, 0x00, 0x20, 0x00, 0x6f, 0x00,
  0x66, 0x00, 0x20, 0x00, 0x63, 0x00, 0x68, 0x00, 0x61, 0x00, 0x72, 0x00,
  0x67, 0x00, 0x65, 0x00, 0x2c, 0x00, 0x20, 0x00, 0x74, 0x00, 0x6f, 0x00,
  0x20, 0x00, 0x61, 0x00, 0x6e, 0x00, 0x79, 0x00, 0x20, 0x00, 0x70, 0x00,
  0x65, 0x00, 0x72, 0x00, 0x73, 0x00, 0x6f, 0x00, 0x6e, 0x00, 0x20, 0x00,
  0x6f, 0x00, 0x62, 0x00, 0x74, 0x00, 0x61, 0x00, 0x69, 0x00, 0x6e, 0x00,
  0x69, 0x00, 0x6e, 0x00, 0x67, 0x00, 0x20, 0x00, 0x61, 0x00, 0x20, 0x00,
  0x63, 0x00, 0x6f, 0x00, 0x70, 0x00, 0x79, 0x00, 0x0a, 0x00, 0x6f, 0x00,
  0x66, 0x00, 0x20, 0x00, 0x74, 0x00, 0x68, 0x00, 0x69, 0x00, 0x73, 0x00,
  0x20, 0x00, 0x73, 0x00, 0x6f, 0x00, 0x66, 0x00, 0x74, 0x00, 0x77, 0x00,
  0x61, 0x00, 0x72, 0x00, 0x65, 0x00, 0x20, 0x00, 0x61, 0x00, 0x6e, 0x00,
  0x64, 0x00, 0x20, 0x00, 0x61, 0x00, 0x73, 0x00, 0x73, 0x00, 0x6f, 0x00,
  0x63, 0x00, 0x69, 0x00, 0x61, 0x00, 0x74, 0x00, 0x65, 0x00, 0x64, 0x00,
  0x20, 0x00, 0x64, 0x00, 0x6f, 0x00, 0x63, 0x00, 0x75, 0x00, 0x6d, 0x00,
  0x65, 0x00, 0x6e, 0x00, 0x74, 0x00, 0x61, 0x00, 0x74, 0x00, 0x69, 0x00,
  0x6f, 0x00, 0x6e, 0x00, 0x20, 0x00, 0x66, 0x00, 0x69, 0x00, 0x6c, 0x00,
  0x65, 0x00, 0x73, 0x00, 0x20, 0x00, 0x28, 0x00, 0x74, 0x00, 0x68, 0x00,
  0x65, 0x00, 0x20, 0x00, 0x22, 0x00, 0x53, 0x00, 0x6f, 0x00, 0x66, 0x00,
  0x74, 0x00, 0x77, 0x00, 0x61, 0x00, 0x72, 0x00, 0x65, 0x00, 0x22, 0x00,
  0x29, 0x00, 0x2c, 0x00, 0x20, 0x00, 0x74, 0x00, 0x6f, 0x00, 0x20, 0x00,
  0x64, 0x00, 0x65, 0x00, 0x61, 0x00, 0x6c, 0x00, 0x0a, 0x00, 0x69, 0x00,
  0x6e, 0x00, 0x20, 0x00, 0x74, 0x00, 0x68, 0x00, 0x65, 0x00, 0x20, 0x00,
  0x53, 0x00, 0x6f, 0x00, 0x66, 0x00, 0x74, 0x00, 0x77, 0x00, 0x61, 0x00,
  0x72, 0x00, 0x65, 0x00, 0x20, 0x00, 0x77, 0x00, 0x69, 0x00, 0x74, 0x00,
  0x68, 0x00, 0x6f, 0x00, 0x75, 0x00, 0x74, 0x00, 0x20, 0x00, 0x72, 0x00,
  0x65, 0x00, 0x73, 0x00, 0x74, 0x00, 0x72, 0x00, 0x69, 0x00, 0x63, 0x00,
  0x74, 0x00, 0x69, 0x00, 0x6f, 0x00, 0x6e, 0x00, 0x2c, 0x00, 0x20, 0x00,
  0x69, 0x00, 0x6e, 0x00, 0x63, 0x00, 0x6c, 0x00, 0x75, 0x00, 0x64, 0x00,
  0x69, 0x00, 0x6e, 0x00, 0x67, 0x00, 0x20, 0x00, 0x77, 0x00, 0x69, 0x00,
  0x74, 0x00, 0x68, 0x00, 0x6f, 0x00, 0x75, 0x00, 0x74, 0x00, 0x20, 0x00,
  0x6c, 0x00, 0x69, 0x00, 0x6d, 0x00, 0x69, 0x00, 0x74, 0x00, 0x61, 0x00,
  0x74, 0x00, 0x69, 0x00, 0x6f, 0x00, 0x6e, 0x00, 0x20, 0x00, 0x74, 0x00,
  0x68, 0x00, 0x65, 0x00, 0x20, 0x00, 0x72, 0x00, 0x69, 0x00, 0x67, 0x00,
  0x68, 0x00, 0x74, 0x00, 0x73, 0x00, 0x0a, 0x00, 0x74, 0x00, 0x6f, 0x00,
  0x20, 0x00, 0x75, 0x00, 0x73, 0x00, 0x65, 0x00, 0x2c, 0x00, 0x20, 0x00,
  0x63, 0x00, 0x6f, 0x00, 0x70, 0x00, 0x79, 0x00, 0x2c, 0x00, 0x20, 0x00,
  0x6d, 0x00, 0x6f, 0x00, 0x64, 0x00, 0x69, 0x00, 0x66, 0x00, 0x79, 0x00,
  0x2c, 0x00, 0x20, 0x00, 0x6d, 0x00, 0x65, 0x00, 0x72, 0x00, 0x67, 0x00,
  0x65, 0x00, 0x2c, 0x00, 0x20, 0x00, 0x70, 0x00, 0x75, 0x00, 0x62, 0x00,
  0x6c, 0x00, 0x69, 0x00, 0x73, 0x00, 0x68, 0x00, 0x2c, 0x00, 0x20, 0x00,
  0x64, 0x00, 0x69, 0x00, 0x73, 0x00, 0x74, 0x00, 0x72, 0x00, 0x69, 0x00,
  0x62, 0x00, 0x75, 0x00, 0x74, 0x00, 0x65, 0x00, 0x2c, 0x00, 0x20, 0x00,
  0x73, 0x00, 0x75, 0x00, 0x62, 0x00, 0x6c, 0x00, 0x69, 0x00, 0x63, 0x00,
  0x65, 0x00, 0x6e, 0x00, 0x73, 0x00, 0x65, 0x00, 0x2c, 0x00, 0x20, 0x00,
  0x61, 0x00, 0x6e, 0x00, 0x64, 0x00, 0x2f, 0x00, 0x6f, 0x00, 0x72, 0x00,
  0x20, 0x00, 0x73, 0x00, 0x65, 0x00, 0x6c, 0x00, 0x6c, 0x00, 0x0a, 0x00,
  0x63, 0x00, 0x6f, 0x00, 0x70, 0x00, 0x69, 0x00, 0x65, 0x00, 0x73, 0x00,
  0x20, 0x00, 0x6f, 0x00, 0x66, 0x00, 0x20, 0x00, 0x74, 0x00, 0x68, 0x00,
  0x65, 0x00, 0x20, 0x00, 0x53, 0x00, 0x6f, 0x00, 0x66, 0x00, 0x74, 0x00,
  0x77, 0x00, 0x61, 0x00, 0x72, 0x00, 0x65, 0x00, 0x2c, 0x00, 0x20, 0x00,
  0x61, 0x00, 0x6e, 0x00, 0x64, 0x00, 0x20, 0x00, 0x74, 0x00, 0x6f, 0x00,
  0x20, 0x00, 0x70, 0x00, 0x65, 0x00, 0x72, 0x00, 0x6d, 0x00, 0x69, 0x00,
  0x74, 0x00, 0x20, 0x00, 0x70, 0x00, 0x65, 0x00, 0x72, 0x00, 0x73, 0x00,
  0x6f, 0x00, 0x6e, 0x00, 0x73, 0x00, 0x20, 0x00, 0x74, 0x00, 0x6f, 0x00,
  0x20, 0x00, 0x77, 0x00, 0x68, 0x00, 0x6f, 0x00, 0x6d, 0x00, 0x20, 0x00,
  0x74, 0x00, 0x68, 0x00, 0x65, 0x00, 0x20, 0x00, 0x53, 0x00, 0x6f, 0x00,
  0x66, 0x00, 0x74, 0x00, 0x77, 0x00, 0x61, 0x00, 0x72, 0x00, 0x65, 0x00,
  0x20, 0x00, 0x69, 0x00, 0x73, 0x00, 0x0a, 0x00, 0x66, 0x00, 0x75, 0x00,
  0x72, 0x00, 0x6e, 0x00, 0x69, 0x00, 0x73, 0x00, 0x68, 0x00, 0x65, 0x00,
  0x64, 0x00, 0x20, 0x00, 0x74, 0x00, 0x6f, 0x00, 0x20, 0x00, 0x64, 0x00,
  0x6f, 0x00, 0x20, 0x00, 0x73, 0x00, 0x6f, 0x00, 0x2c, 0x00, 0x20, 0x00,
  0x73, 0x00, 0x75, 0x00, 0x62, 0x00, 0x6a, 0x00, 0x65, 0x00, 0x63, 0x00,
  0x74, 0x00, 0x20, 0x00, 0x74, 0x00, 0x6f, 0x00, 0x20, 0x00, 0x74, 0x00,
  0x68, 0x00, 0x65, 0x00, 0x20, 0x00, 0x66, 0x00, 0x6f, 0x00, 0x6c, 0x00,
  0x6c, 0x00, 0x6f, 0x00, 0x77, 0x00, 0x69, 0x00, 0x6e, 0x00, 0x67, 0x00,
  0x20, 0x00, 0x63, 0x00, 0x6f, 0x00, 0x6e, 0x00, 0x64, 0x00, 0x69, 0x00,
  0x74, 0x00, 0x69, 0x00, 0x6f, 0x00, 0x6e, 0x00, 0x73, 0x00, 0x3a, 0x00,
  0x0a, 0x00, 0x0a, 0x00, 0x54, 0x00, 0x68, 0x00, 0x65, 0x00, 0x20, 0x00,
  0x61, 0x00, 0x62, 0x00, 0x6f, 0x00, 0x76, 0x00, 0x65, 0x00, 0x20, 0x00,
  0x63, 0x00, 0x6f, 0x00, 0x70, 0x00, 0x79, 0x00, 0x72, 0x00, 0x69, 0x00,
  0x67, 0x00, 0x68, 0x00, 0x74, 0x00, 0x20, 0x00, 0x6e, 0x00, 0x6f, 0x00,
  0x74, 0x00, 0x69, 0x00, 0x63, 0x00, 0x65, 0x00, 0x20, 0x00, 0x61, 0x00,
  0x6e, 0x00, 0x64, 0x00, 0x20, 0x00, 0x74, 0x00, 0x68, 0x00, 0x69, 0x00,
  0x73, 0x00, 0x20, 0x00, 0x70, 0x00, 0x65, 0x00, 0x72, 0x00, 0x6d, 0x00,
  0x69, 0x00, 0x73, 0x00, 0x73, 0x00, 0x69, 0x00, 0x6f, 0x00, 0x6e, 0x00,
  0x20, 0x00, 0x6e, 0x00, 0x6f, 0x00, 0x74, 0x00, 0x69, 0x00, 0x63, 0x00,
  0x65, 0x00, 0x20, 0x00, 0x73, 0x00, 0x68, 0x00, 0x61, 0x00, 0x6c, 0x00,
  0x6c, 0x00, 0x20, 0x00, 0x62, 0x00, 0x65, 0x00, 0x20, 0x00, 0x69, 0x00,
  0x6e, 0x00, 0x63, 0x00, 0x6c, 0x00, 0x75, 0x00, 0x64, 0x00, 0x65, 0x00,
  0x64, 0x00, 0x20, 0x00, 0x69, 0x00, 0x6e, 0x00, 0x20, 0x00, 0x61, 0x00,
  0x6c, 0x00, 0x6c, 0x00, 0x0a, 0x00, 0x63, 0x00, 0x6f, 0x00, 0x70, 0x00,
  0x69, 0x00, 0x65, 0x00, 0x73, 0x00, 0x20, 0x00, 0x6f, 0x00, 0x72, 0x00,
  0x20, 0x00, 0x73, 0x00, 0x75, 0x00, 0x62, 0x00, 0x73, 0x00, 0x74, 0x00,
  0x61, 0x00, 0x6e, 0x00, 0x74, 0x00, 0x69, 0x00, 0x61, 0x00, 0x6c, 0x00,
  0x20, 0x00, 0x70, 0x00, 0x6f, 0x00, 0x72, 0x00, 0x74, 0x00, 0x69, 0x00,
  0x6f, 0x00, 0x6e, 0x00, 0x73, 0x00, 0x20, 0x00, 0x6f, 0x00, 0x66, 0x00,
  0x20, 0x00, 0x74, 0x00, 0x68, 0x00, 0x65, 0x00, 0x20, 0x00, 0x53, 0x00,
  0x6f, 0x00, 0x66, 0x00, 0x74, 0x00, 0x77, 0x00, 0x61, 0x00, 0x72, 0x00,
  0x65, 0x00, 0x2e, 0x00, 0x0a, 0x00, 0x0a, 0x00, 0x54, 0x00, 0x48, 0x00,
  0x45, 0x00, 0x20, 0x00, 0x53, 0x00, 0x4f, 0x00, 0x46, 0x00, 0x54, 0x00,
  0x57, 0x00, 0x41, 0x00, 0x52, 0x00, 0x45, 0x00, 0x20, 0x00, 0x49, 0x00,
  0x53, 0x00, 0x20, 0x00, 0x50, 0x00, 0x52, 0x00, 0x4f, 0x00, 0x56, 0x00,
  0x49, 0x00, 0x44, 0x00, 0x45, 0x00, 0x44, 0x00, 0x20, 0x00, 0x22, 0x00,
  0x41, 0x00, 0x53, 0x00, 0x20, 0x00, 0x49, 0x00, 0x53, 0x00, 0x22, 0x00,
  0x2c, 0x00, 0x20, 0x00, 0x57, 0x00, 0x49, 0x00, 0x54, 0x00, 0x48, 0x00,
  0x4f, 0x00, 0x55, 0x00, 0x54, 0x00, 0x20, 0x00, 0x57, 0x00, 0x41, 0x00,
  0x52, 0x00, 0x52, 0x00, 0x41, 0x00, 0x4e, 0x00, 0x54, 0x00, 0x59, 0x00,
  0x20, 0x00, 0x4f, 0x00, 0x46, 0x00, 0x20, 0x00, 0x41, 0x00, 0x4e, 0x00,
  0x59, 0x00, 0x20, 0x00, 0x4b, 0x00, 0x49, 0x00, 0x4e, 0x00, 0x44, 0x00,
  0x2c, 0x00, 0x20, 0x00, 0x45, 0x00, 0x58, 0x00, 0x50, 0x00, 0x52, 0x00,
  0x45, 0x00, 0x53, 0x00, 0x53, 0x00, 0x20, 0x00, 0x4f, 0x00, 0x52, 0x00,
  0x0a, 0x00, 0x49, 0x00, 0x4d, 0x00, 0x50, 0x00, 0x4c, 0x00, 0x49, 0x00,
  0x45, 0x00, 0x44, 0x00, 0x2c, 0x00, 0x20, 0x00, 0x49, 0x00, 0x4e, 0x00,
  0x43, 0x00, 0x4c, 0x00, 0x55, 0x00, 0x44, 0x00, 0x49, 0x00, 0x4e, 0x00,
  0x47, 0x00, 0x20, 0x00, 0x42, 0x00, 0x55, 0x00, 0x54, 0x00, 0x20, 0x00,
  0x4e, 0x00, 0x4f, 0x00, 0x54, 0x00, 0x20, 0x00, 0x4c, 0x00, 0x49, 0x00,
  0x4d, 0x00, 0x49, 0x00, 0x54, 0x00, 0x45, 0x00, 0x44, 0x00, 0x20, 0x00,
  0x54, 0x00, 0x4f, 0x00, 0x20, 0x00, 0x54, 0x00, 0x48, 0x00, 0x45, 0x00,
  0x20, 0x00, 0x57, 0x00, 0x41, 0x00, 0x52, 0x00, 0x52, 0x00, 0x41, 0x00,
  0x4e, 0x00, 0x54, 0x00, 0x49, 0x00, 0x45, 0x00, 0x53, 0x00, 0x20, 0x00,
  0x4f, 0x00, 0x46, 0x00, 0x20, 0x00, 0x4d, 0x00, 0x45, 0x00, 0x52, 0x00,
  0x43, 0x00, 0x48, 0x00, 0x41, 0x00, 0x4e, 0x00, 0x54, 0x00, 0x41, 0x00,
  0x42, 0x00, 0x49, 0x00, 0x4c, 0x00, 0x49, 0x00, 0x54, 0x00, 0x59, 0x00,
  0x2c, 0x00, 0x0a, 0x00, 0x46, 0x00, 0x49, 0x00, 0x54, 0x00, 0x4e, 0x00,
  0x45, 0x00, 0x53, 0x00, 0x53, 0x00, 0x20, 0x00, 0x46, 0x00, 0x4f, 0x00,
  0x52, 0x00, 0x20, 0x00, 0x41, 0x00, 0x20, 0x00, 0x50, 0x00, 0x41, 0x00,
  0x52, 0x00, 0x54, 0x00, 0x49, 0x00, 0x43, 0x00, 0x55, 0x00, 0x4c, 0x00,
  0x41, 0x00, 0x52, 0x00, 0x20, 0x00, 0x50, 0x00, 0x55, 0x00, 0x52, 0x00,
  0x50, 0x00, 0x4f, 0x00, 0x53, 0x00, 0x45, 0x00, 0x20, 0x00, 0x41, 0x00,
  0x4e, 0x00, 0x44, 0x00, 0x20, 0x00, 0x4e, 0x00, 0x4f, 0x00, 0x4e, 0x00,
  0x49, 0x00, 0x4e, 0x00, 0x46, 0x00, 0x52, 0x00, 0x49, 0x00, 0x4e, 0x00,
  0x47, 0x00, 0x45, 0x00, 0x4d, 0x00, 0x45, 0x00, 0x4e, 0x00, 0x54, 0x00,
  0x2e, 0x00, 0x20, 0x00, 0x49, 0x00, 0x4e, 0x00, 0x20, 0x00, 0x4e, 0x00,
  0x4f, 0x00, 0x20, 0x00, 0x45, 0x00, 0x56, 0x00, 0x45, 0x00, 0x4e, 0x00,
  0x54, 0x00, 0x20, 0x00, 0x53, 0x00, 0x48, 0x00, 0x41, 0x00, 0x4c, 0x00,
  0x4c, 0x00, 0x20, 0x00, 0x54, 0x00, 0x48, 0x00, 0x45, 0x00, 0x0a, 0x00,
  0x41, 0x00, 0x55, 0x00, 0x54, 0x00, 0x48, 0x00, 0x4f, 0x00, 0x52, 0x00,
  0x53, 0x00, 0x20, 0x00, 0x4f, 0x00, 0x52, 0x00, 0x20, 0x00, 0x43, 0x00,
  0x4f, 0x00, 0x50, 0x00, 0x59, 0x00, 0x52, 0x00, 0x49, 0x00, 0x47, 0x00,
  0x48, 0x00, 0x54, 0x00, 0x20, 0x00, 0x48, 0x00, 0x4f, 0x00, 0x4c, 0x00,
  0x44, 0x00, 0x45, 0x00, 0x52, 0x00, 0x53, 0x00, 0x20, 0x00, 0x42, 0x00,
  0x45, 0x00, 0x20, 0x00, 0x4c, 0x00, 0x49, 0x00, 0x41, 0x00, 0x42, 0x00,
  0x4c, 0x00, 0x45, 0x00, 0x20, 0x00, 0x46, 0x00, 0x4f, 0x00, 0x52, 0x00,
  0x20, 0x00, 0x41, 0x00, 0x4e, 0x00, 0x59, 0x00, 0x20, 0x00, 0x43, 0x00,
  0x4c, 0x00, 0x41, 0x00, 0x49, 0x00, 0x4d, 0x00, 0x2c, 0x00, 0x20, 0x00,
  0x44, 0x00, 0x41, 0x00, 0x4d, 0x00, 0x41, 0x00, 0x47, 0x00, 0x45, 0x00,
  0x53, 0x00, 0x20, 0x00, 0x4f, 0x00, 0x52, 0x00, 0x20, 0x00, 0x4f, 0x00,
  0x54, 0x00, 0x48, 0x00, 0x45, 0x00, 0x52, 0x00, 0x0a, 0x00, 0x4c, 0x00,
  0x49, 0x00, 0x41, 0x00, 0x42, 0x00, 0x49, 0x00, 0x4c, 0x00, 0x49, 0x00,
  0x54, 0x00, 0x59, 0x00, 0x2c, 0x00, 0x20, 0x00, 0x57, 0x00, 0x48, 0x00,
  0x45, 0x00, 0x54, 0x00, 0x48, 0x00, 0x45, 0x00, 0x52, 0x00, 0x20, 0x00,
  0x49, 0x00, 0x4e, 0x00, 0x20, 0x00, 0x41, 0x00, 0x4e, 0x00, 0x20, 0x00,
  0x41, 0x00, 0x43, 0x00, 0x54, 0x00, 0x49, 0x00, 0x4f, 0x00, 0x4e, 0x00,
  0x20, 0x00, 0x4f, 0x00, 0x46, 0x00, 0x20, 0x00, 0x43, 0x00, 0x4f, 0x00,
  0x4e, 0x00, 0x54, 0x00, 0x52, 0x00, 0x41, 0x00, 0x43, 0x00, 0x54, 0x00,
  0x2c, 0x00, 0x20, 0x00, 0x54, 0x00, 0x4f, 0x00, 0x52, 0x00, 0x54, 0x00,
  0x20, 0x00, 0x4f, 0x00, 0x52, 0x00, 0x20, 0x00, 0x4f, 0x00, 0x54, 0x00,
  0x48, 0x00, 0x45, 0x00, 0x52, 0x00, 0x57, 0x00, 0x49, 0x00, 0x53, 0x00,
  0x45, 0x00, 0x2c, 0x00, 0x20, 0x00, 0x41, 0x00, 0x52, 0x00, 0x49, 0x00,
  0x53, 0x00, 0x49, 0x00, 0x4e, 0x00, 0x47, 0x00, 0x20, 0x00, 0x46, 0x00,
  0x52, 0x00, 0x4f, 0x00, 0x4d, 0x00, 0x2c, 0x00, 0x0a, 0x00, 0x4f, 0x00,
  0x55, 0x00, 0x54, 0x00, 0x20, 0x00, 0x4f, 0x00, 0x46, 0x00, 0x20, 0x00,
  0x4f, 0x00, 0x52, 0x00, 0x20, 0x00, 0x49, 0x00, 0x4e, 0x00, 0x20, 0x00,
  0x43, 0x00, 0x4f, 0x00, 0x4e, 0x00, 0x4e, 0x00, 0x45, 0x00, 0x43, 0x00,
  0x54, 0x00, 0x49, 0x00, 0x4f, 0x00, 0x4e, 0x00, 0x20, 0x00, 0x57, 0x00,
  0x49, 0x00, 0x54, 0x00, 0x48, 0x00, 0x20, 0x00, 0x54, 0x00, 0x48, 0x00,
  0x45, 0x00, 0x20, 0x00, 0x53, 0x00, 0x4f, 0x00, 0x46, 0x00, 0x54, 0x00,
  0x57, 0x00, 0x41, 0x00, 0x52, 0x00, 0x45, 0x00, 0x20, 0x00, 0x4f, 0x00,
  0x52, 0x00, 0x20, 0x00, 0x54, 0x00, 0x48, 0x00, 0x45, 0x00, 0x20, 0x00,
  0x55, 0x00, 0x53, 0x00, 0x45, 0x00, 0x20, 0x00, 0x4f, 0x00, 0x52, 0x00,
  0x20, 0x00, 0x4f, 0x00, 0x54, 0x00, 0x48, 0x00, 0x45, 0x00, 0x52, 0x00,
  0x20, 0x00, 0x44, 0x00, 0x45, 0x00, 0x41, 0x00, 0x4c, 0x00, 0x49, 0x00,
  0x4e, 0x00, 0x47, 0x00, 0x53, 0x00, 0x20, 0x00, 0x49, 0x00, 0x4e, 0x00,
  0x20, 0x00, 0x54, 0x00, 0x48, 0x00, 0x45, 0x00, 0x0a, 0x00, 0x53, 0x00,
  0x4f, 0x00, 0x46, 0x00, 0x54, 0x00, 0x57, 0x00, 0x41, 0x00, 0x52, 0x00,
  0x45, 0x00, 0x2e, 0x00, 0x0a, 0x00, 0x0a, 0x00, 0x42, 0x00, 0x49, 0x00,
  0x54, 0x00, 0x53, 0x00, 0x54, 0x00, 0x52, 0x00, 0x45, 0x00, 0x41, 0x00,
  0x4d, 0x00, 0x20, 0x00, 0x56, 0x00, 0x45, 0x00, 0x52, 0x00, 0x41, 0x00,
  0x20, 0x00, 0x4c, 0x00, 0x49, 0x00, 0x43, 0x00, 0x45, 0x00, 0x4e, 0x00,
  0x53, 0x00, 0x45, 0x00, 0x0a, 0x00, 0x0a, 0x00, 0x43, 0x00, 0x6f, 0x00,
  0x70, 0x00, 0x79, 0x00, 0x72, 0x00, 0x69, 0x00, 0x67, 0x00, 0x68, 0x00,
  0x74, 0x00, 0x20, 0x00, 0x28, 0x00, 0x63, 0x00, 0x29, 0x00, 0x20, 0x00,
  0x32, 0x00, 0x30, 0x00, 0x30, 0x00, 0x33, 0x00, 0x20, 0x00, 0x62, 0x00,
  0x79, 0x00, 0x20, 0x00, 0x42, 0x00, 0x69, 0x00, 0x74, 0x00, 0x73, 0x00,
  0x74, 0x00, 0x72, 0x00, 0x65, 0x00, 0x61, 0x00, 0x6d, 0x00, 0x2c, 0x00,
  0x20, 0x00, 0x49, 0x00, 0x6e, 0x00, 0x63, 0x00, 0x2e, 0x00, 0x20, 0x00,
  0x41, 0x00, 0x6c, 0x00, 0x6c, 0x00, 0x20, 0x00, 0x52, 0x00, 0x69, 0x00,
  0x67, 0x00, 0x68, 0x00, 0x74, 0x00, 0x73, 0x00, 0x20, 0x00, 0x52, 0x00,
  0x65, 0x00, 0x73, 0x00, 0x65, 0x00, 0x72, 0x00, 0x76, 0x00, 0x65, 0x00,
  0x64, 0x00, 0x2e, 0x00, 0x20, 0x00, 0x42, 0x00, 0x69, 0x00, 0x74, 0x00,
  0x73, 0x00, 0x74, 0x00, 0x72, 0x00, 0x65, 0x00, 0x61, 0x00, 0x6d, 0x00,
  0x20, 0x00, 0x56, 0x00, 0x65, 0x00, 0x72, 0x00, 0x61, 0x00, 0x20, 0x00,
  0x69, 0x00, 0x73, 0x00, 0x20, 0x00, 0x61, 0x00, 0x20, 0x00, 0x74, 0x00,
  0x72, 0x00, 0x61, 0x00, 0x64, 0x00, 0x65, 0x00, 0x6d, 0x00, 0x61, 0x00,
  0x72, 0x00, 0x6b, 0x00, 0x20, 0x00, 0x6f, 0x00, 0x66, 0x00, 0x20, 0x00,
  0x42, 0x00, 0x69, 0x00, 0x74, 0x00, 0x73, 0x00, 0x74, 0x00, 0x72, 0x00,
  0x65, 0x00, 0x61, 0x00, 0x6d, 0x00, 0x2c, 0x00, 0x20, 0x00, 0x49, 0x00,
  0x6e, 0x00, 0x63, 0x00, 0x2e, 0x00, 0x0a, 0x00, 0x0a, 0x00, 0x50, 0x00,
  0x65, 0x00, 0x72, 0x00, 0x6d, 0x00, 0x69, 0x00, 0x73, 0x00, 0x73, 0x00,
  0x69, 0x00, 0x6f, 0x00, 0x6e, 0x00, 0x20, 0x00, 0x69, 0x00, 0x73, 0x00,
  0x20, 0x00, 0x68, 0x00, 0x65, 0x00, 0x72, 0x00, 0x65, 0x00, 0x62, 0x00,
  0x79, 0x00, 0x20, 0x00, 0x67, 0x00, 0x72, 0x00, 0x61, 0x00, 0x6e, 0x00,
  0x74, 0x00, 0x65, 0x00, 0x64, 0x00, 0x2c, 0x00, 0x20, 0x00, 0x66, 0x00,
  0x72, 0x00, 0x65, 0x00, 0x65, 0x00, 0x20, 0x00, 0x6f, 0x00, 0x66, 0x00,
  0x20, 0x00, 0x63, 0x00, 0x68, 0x00, 0x61, 0x00, 0x72, 0x00, 0x67, 0x00,
  0x65, 0x00, 0x2c, 0x00, 0x20, 0x00, 0x74, 0x00, 0x6f, 0x00, 0x20, 0x00,
  0x61, 0x00, 0x6e, 0x00, 0x79, 0x00, 0x20, 0x00, 0x70, 0x00, 0x65, 0x00,
  0x72, 0x00, 0x73, 0x00, 0x6f, 0x00, 0x6e, 0x00, 0x20, 0x00, 0x6f, 0x00,
  0x62, 0x00, 0x74, 0x00, 0x61, 0x00, 0x69, 0x00, 0x6e, 0x00, 0x69, 0x00,
  0x6e, 0x00, 0x67, 0x00, 0x20, 0x00, 0x61, 0x00, 0x20, 0x00, 0x63, 0x00,
  0x6f, 0x00, 0x70, 0x00, 0x79, 0x00, 0x20, 0x00, 0x6f, 0x00, 0x66, 0x00,
  0x20, 0x00, 0x74, 0x00, 0x68, 0x00, 0x65, 0x00, 0x20, 0x00, 0x66, 0x00,
  0x6f, 0x00, 0x6e, 0x00, 0x74, 0x00, 0x73, 0x00, 0x20, 0x00, 0x61, 0x00,
  0x63, 0x00, 0x63, 0x00, 0x6f, 0x00, 0x6d, 0x00, 0x70, 0x00, 0x61, 0x00,
  0x6e, 0x00, 0x79, 0x00, 0x69, 0x00, 0x6e, 0x00, 0x67, 0x00, 0x20, 0x00,
  0x74, 0x00, 0x68, 0x00, 0x69, 0x00, 0x73, 0x00, 0x20, 0x00, 0x6c, 0x00,
  0x69, 0x00, 0x63, 0x00, 0x65, 0x00, 0x6e, 0x00, 0x73, 0x00, 0x65, 0x00,
  0x20, 0x00, 0x28, 0x00, 0x22, 0x00, 0x46, 0x00, 0x6f, 0x00, 0x6e, 0x00,
  0x74, 0x00, 0x73, 0x00, 0x22, 0x00, 0x29, 0x00, 0x20, 0x00, 0x61, 0x00,
  0x6e, 0x00, 0x64, 0x00, 0x20, 0x00, 0x61, 0x00, 0x73, 0x00, 0x73, 0x00,
  0x6f, 0x00, 0x63, 0x00, 0x69, 0x00, 0x61, 0x00, 0x74, 0x00, 0x65, 0x00,
  0x64, 0x00, 0x20, 0x00, 0x64, 0x00, 0x6f, 0x00, 0x63, 0x00, 0x75, 0x00,
  0x6d, 0x00, 0x65, 0x00, 0x6e, 0x00, 0x74, 0x00, 0x61, 0x00, 0x74, 0x00,
  0x69, 0x00, 0x6f, 0x00, 0x6e, 0x00, 0x20, 0x00, 0x66, 0x00, 0x69, 0x00,
  0x6c, 0x00, 0x65, 0x00, 0x73, 0x00, 0x20, 0x00, 0x28, 0x00, 0x74, 0x00,
  0x68, 0x00, 0x65, 0x00, 0x20, 0x00, 0x22, 0x00, 0x46, 0x00, 0x6f, 0x00,
  0x6e, 0x00, 0x74, 0x00, 0x20, 0x00, 0x53, 0x00, 0x6f, 0x00, 0x66, 0x00,
  0x74, 0x00, 0x77, 0x00, 0x61, 0x00, 0x72, 0x00, 0x65, 0x00, 0x22, 0x00,
  0x29, 0x00, 0x2c, 0x00, 0x20, 0x00, 0x74, 0x00, 0x6f, 0x00, 0x20, 0x00,
  0x72, 0x00, 0x65, 0x00, 0x70, 0x00, 0x72, 0x00, 0x6f, 0x00, 0x64, 0x00,
  0x75, 0x00, 0x63, 0x00, 0x65, 0x00, 0x20, 0x00, 0x61, 0x00, 0x6e, 0x00,
  0x64, 0x00, 0x20, 0x00, 0x64, 0x00, 0x69, 0x00, 0x73, 0x00, 0x74, 0x00,
  0x72, 0x00, 0x69, 0x00, 0x62, 0x00, 0x75, 0x00, 0x74, 0x00, 0x65, 0x00,
  0x20, 0x00, 0x74, 0x00, 0x68, 0x00, 0x65, 0x00, 0x20, 0x00, 0x46, 0x00,
  0x6f, 0x00, 0x6e, 0x00, 0x74, 0x00, 0x20, 0x00, 0x53, 0x00, 0x6f, 0x00,
  0x66, 0x00, 0x74, 0x00, 0x77, 0x00, 0x61, 0x00, 0x72, 0x00, 0x65, 0x00,
  0x2c, 0x00, 0x20, 0x00, 0x69, 0x00, 0x6e, 0x00, 0x63, 0x00, 0x6c, 0x00,
  0x75, 0x00, 0x64, 0x00, 0x69, 0x00, 0x6e, 0x00, 0x67, 0x00, 0x20, 0x00,
  0x77, 0x00, 0x69, 0x00, 0x74, 0x00, 0x68, 0x00, 0x6f, 0x00, 0x75, 0x00,
  0x74, 0x00, 0x20, 0x00, 0x6c, 0x00, 0x69, 0x00, 0x6d, 0x00, 0x69, 0x00,
  0x74, 0x00, 0x61, 0x00, 0x74, 0x00, 0x69, 0x00, 0x6f, 0x00, 0x6e, 0x00,
  0x20, 0x00, 0x74, 0x00, 0x68, 0x00, 0x65, 0x00, 0x20, 0x00, 0x72, 0x00,
  0x69, 0x00, 0x67, 0x00, 0x68, 0x00, 0x74, 0x00, 0x73, 0x00, 0x20, 0x00,
  0x74, 0x00, 0x6f, 0x00, 0x20, 0x00, 0x75, 0x00, 0x73, 0x00, 0x65, 0x00,
  0x2c, 0x00, 0x20, 0x00, 0x63, 0x00, 0x6f, 0x00, 0x70, 0x00, 0x79, 0x00,
  0x2c, 0x00, 0x20, 0x00, 0x6d, 0x00, 0x65, 0x00, 0x72, 0x00, 0x67, 0x00,
  0x65, 0x00, 0x2c, 0x00, 0x20, 0x00, 0x70, 0x00, 0x75, 0x00, 0x62, 0x00,
  0x6c, 0x00, 0x69, 0x00, 0x73, 0x00, 0x68, 0x00, 0x2c, 0x00, 0x20, 0x00,
  0x64, 0x00, 0x69, 0x00, 0x73, 0x00, 0x74, 0x00, 0x72, 0x00, 0x69, 0x00,
  0x62, 0x00, 0x75, 0x00, 0x74, 0x00, 0x65, 0x00, 0x2c, 0x00, 0x20, 0x00,
  0x61, 0x00, 0x6e, 0x00, 0x64, 0x00, 0x2f, 0x00, 0x6f, 0x00, 0x72, 0x00,
  0x20, 0x00, 0x73, 0x00, 0x65, 0x00, 0x6c, 0x00, 0x6c, 0x00, 0x20, 0x00,
  0x63, 0x00, 0x6f, 0x00, 0x70, 0x00, 0x69, 0x00, 0x65, 0x00, 0x73, 0x00,
  0x20, 0x00, 0x6f, 0x00, 0x66, 0x00, 0x20, 0x00, 0x74, 0x00, 0x68, 0x00,
  0x65, 0x00, 0x20, 0x00, 0x46, 0x00, 0x6f, 0x00, 0x6e, 0x00, 0x74, 0x00,
  0x20, 0x00, 0x53, 0x00, 0x6f, 0x00, 0x66, 0x00, 0x74, 0x00, 0x77, 0x00,
  0x61, 0x00, 0x72, 0x00, 0x65, 0x00, 0x2c, 0x00, 0x20, 0x00, 0x61, 0x00,
  0x6e, 0x00, 0x64, 0x00, 0x20, 0x00, 0x74, 0x00, 0x6f, 0x00, 0x20, 0x00,
  0x70, 0x00, 0x65, 0x00, 0x72, 0x00, 0x6d, 0x00, 0x69, 0x00, 0x74, 0x00,
  0x20, 0x00, 0x70, 0x00, 0x65, 0x00, 0x72, 0x00, 0x73, 0x00, 0x6f, 0x00,
  0x6e, 0x00, 0x73, 0x00, 0x20, 0x00, 0x74, 0x00, 0x6f, 0x00, 0x20, 0x00,
  0x77, 0x00, 0x68, 0x00, 0x6f, 0x00, 0x6d, 0x00, 0x20, 0x00, 0x74, 0x00,
  0x68, 0x00, 0x65, 0x00, 0x20, 0x00, 0x46, 0x00, 0x6f, 0x00, 0x6e, 0x00,
  0x74, 0x00, 0x20, 0x00, 0x53, 0x00, 0x6f, 0x00, 0x66, 0x00, 0x74, 0x00,
  0x77, 0x00, 0x61, 0x00, 0x72, 0x00, 0x65, 0x00, 0x20, 0x00, 0x69, 0x00,
  0x73, 0x00, 0x20, 0x00, 0x66, 0x00, 0x75, 0x00, 0x72, 0x00, 0x6e, 0x00,
  0x69, 0x00, 0x73, 0x00, 0x68, 0x00, 0x65, 0x00, 0x64, 0x00, 0x20, 0x00,
  0x74, 0x00, 0x6f, 0x00, 0x20, 0x00, 0x64, 0x00, 0x6f, 0x00, 0x20, 0x00,
  0x73, 0x00, 0x6f, 0x00, 0x2c, 0x00, 0x20, 0x00, 0x73, 0x00, 0x75, 0x00,
  0x62, 0x00, 0x6a, 0x00, 0x65, 0x00, 0x63, 0x00, 0x74, 0x00, 0x20, 0x00,
  0x74, 0x00, 0x6f, 0x00, 0x20, 0x00, 0x74, 0x00, 0x68, 0x00, 0x65, 0x00,
  0x20, 0x00, 0x66, 0x00, 0x6f, 0x00, 0x6c, 0x00, 0x6c, 0x00, 0x6f, 0x00,
  0x77, 0x00, 0x69, 0x00, 0x6e, 0x00, 0x67, 0x00, 0x20, 0x00, 0x63, 0x00,
  0x6f, 0x00, 0x6e, 0x00, 0x64, 0x00, 0x69, 0x00, 0x74, 0x00, 0x69, 0x00,
  0x6f, 0x00, 0x6e, 0x00, 0x73, 0x00, 0x3a, 0x00, 0x0a, 0x00, 0x0a, 0x00,
  0x54, 0x00, 0x68, 0x00, 0x65, 0x00, 0x20, 0x00, 0x61, 0x00, 0x62, 0x00,
  0x6f, 0x00, 0x76, 0x00, 0x65, 0x00, 0x20, 0x00, 0x63, 0x00, 0x6f, 0x00,
  0x70, 0x00, 0x79, 0x00, 0x72, 0x00, 0x69, 0x00, 0x67, 0x00, 0x68, 0x00,
  0x74, 0x00, 0x20, 0x00, 0x61, 0x00, 0x6e, 0x00, 0x64, 0x00, 0x20, 0x00,
  0x74, 0x00, 0x72, 0x00, 0x61, 0x00, 0x64, 0x00, 0x65, 0x00, 0x6d, 0x00,
  0x61, 0x00, 0x72, 0x00, 0x6b, 0x00, 0x20, 0x00, 0x6e, 0x00, 0x6f, 0x00,
  0x74, 0x00, 0x69, 0x00, 0x63, 0x00, 0x65, 0x00, 0x73, 0x00, 0x20, 0x00,
  0x61, 0x00, 0x6e, 0x00, 0x64, 0x00, 0x20, 0x00, 0x74, 0x00, 0x68, 0x00,
  0x69, 0x00, 0x73, 0x00, 0x20, 0x00, 0x70, 0x00, 0x65, 0x00, 0x72, 0x00,
  0x6d, 0x00, 0x69, 0x00, 0x73, 0x00, 0x73, 0x00, 0x69, 0x00, 0x6f, 0x00,
  0x6e, 0x00, 0x20, 0x00, 0x6e, 0x00, 0x6f, 0x00, 0x74, 0x00, 0x69, 0x00,
  0x63, 0x00, 0x65, 0x00, 0x20, 0x00, 0x73, 0x00, 0x68, 0x00, 0x61, 0x00,
  0x6c, 0x00, 0x6c, 0x00, 0x20, 0x00, 0x62, 0x00, 0x65, 0x00, 0x20, 0x00,
  0x69, 0x00, 0x6e, 0x00, 0x63, 0x00, 0x6c, 0x00, 0x75, 0x00, 0x64, 0x00,
  0x65, 0x00, 0x64, 0x00, 0x20, 0x00, 0x69, 0x00, 0x6e, 0x00, 0x20, 0x00,
  0x61, 0x00, 0x6c, 0x00, 0x6c, 0x00, 0x20, 0x00, 0x63, 0x00, 0x6f, 0x00,
  0x70, 0x00, 0x69, 0x00, 0x65, 0x00, 0x73, 0x00, 0x20, 0x00, 0x6f, 0x00,
  0x66, 0x00, 0x20, 0x00, 0x6f, 0x00, 0x6e, 0x00, 0x65, 0x00, 0x20, 0x00,
  0x6f, 0x00, 0x72, 0x00, 0x20, 0x00, 0x6d, 0x00, 0x6f, 0x00, 0x72, 0x00,
  0x65, 0x00, 0x20, 0x00, 0x6f, 0x00, 0x66, 0x00, 0x20, 0x00, 0x74, 0x00,
  0x68, 0x00, 0x65, 0x00, 0x20, 0x00, 0x46, 0x00, 0x6f, 0x00, 0x6e, 0x00,
  0x74, 0x00, 0x20, 0x00, 0x53, 0x00, 0x6f, 0x00, 0x66, 0x00, 0x74, 0x00,
  0x77, 0x00, 0x61, 0x00, 0x72, 0x00, 0x65, 0x00, 0x20, 0x00, 0x74, 0x00,
  0x79, 0x00, 0x70, 0x00, 0x65, 0x00, 0x66, 0x00, 0x61, 0x00, 0x63, 0x00,
  0x65, 0x00, 0x73, 0x00, 0x2e, 0x00, 0x0a, 0x00, 0x0a, 0x00, 0x54, 0x00,
  0x68, 0x00, 0x65, 0x00, 0x20, 0x00, 0x46, 0x00, 0x6f, 0x00, 0x6e, 0x00,
  0x74, 0x00, 0x20, 0x00, 0x53, 0x00, 0x6f, 0x00, 0x66, 0x00, 0x74, 0x00,
  0x77, 0x00, 0x61, 0x00, 0x72, 0x00, 0x65, 0x00, 0x20, 0x00, 0x6d, 0x00,
  0x61, 0x00, 0x79, 0x00, 0x20, 0x00, 0x62, 0x00, 0x65, 0x00, 0x20, 0x00,
  0x6d, 0x00, 0x6f, 0x00, 0x64, 0x00, 0x69, 0x00, 0x66, 0x00, 0x69, 0x00,
  0x65, 0x00, 0x64, 0x00, 0x2c, 0x00, 0x20, 0x00, 0x61, 0x00, 0x6c, 0x00,
  0x74, 0x00, 0x65, 0x00, 0x72, 0x00, 0x65, 0x00, 0x64, 0x00, 0x2c, 0x00,
  0x20, 0x00, 0x6f, 0x00, 0x72, 0x00, 0x20, 0x00, 0x61, 0x00, 0x64, 0x00,
  0x64, 0x00, 0x65, 0x00, 0x64, 0x00, 0x20, 0x00, 0x74, 0x00, 0x6f, 0x00,
  0x2c, 0x00, 0x20, 0x00, 0x61, 0x00, 0x6e, 0x00, 0x64, 0x00, 0x20, 0x00,
  0x69, 0x00, 0x6e, 0x00, 0x20, 0x00, 0x70, 0x00, 0x61, 0x00, 0x72, 0x00,
  0x74, 0x00, 0x69, 0x00, 0x63, 0x00, 0x75, 0x00, 0x6c, 0x00, 0x61, 0x00,
  0x72, 0x00, 0x20, 0x00, 0x74, 0x00, 0x68, 0x00, 0x65, 0x00, 0x20, 0x00,
  0x64, 0x00, 0x65, 0x00, 0x73, 0x00, 0x69, 0x00, 0x67, 0x00, 0x6e, 0x00,
  0x73, 0x00, 0x20, 0x00, 0x6f, 0x00, 0x66, 0x00, 0x20, 0x00, 0x67, 0x00,
  0x6c, 0x00, 0x79, 0x00, 0x70, 0x00, 0x68, 0x00, 0x73, 0x00, 0x20, 0x00,
  0x6f, 0x00, 0x72, 0x00, 0x20, 0x00, 0x63, 0x00, 0x68, 0x00, 0x61, 0x00,
  0x72, 0x00, 0x61, 0x00, 0x63, 0x00, 0x74, 0x00, 0x65, 0x00, 0x72, 0x00,
  0x73, 0x00, 0x20, 0x00, 0x69, 0x00, 0x6e, 0x00, 0x20, 0x00, 0x74, 0x00,
  0x68, 0x00, 0x65, 0x00, 0x20, 0x00, 0x46, 0x00, 0x6f, 0x00, 0x6e, 0x00,
  0x74, 0x00, 0x73, 0x00, 0x20, 0x00, 0x6d, 0x00, 0x61, 0x00, 0x79, 0x00,
  0x20, 0x00, 0x62, 0x00, 0x65, 0x00, 0x20, 0x00, 0x6d, 0x00, 0x6f, 0x00,
  0x64, 0x00, 0x69, 0x00, 0x66, 0x00, 0x69, 0x00, 0x65, 0x00, 0x64, 0x00,
  0x20, 0x00, 0x61, 0x00, 0x6e, 0x00, 0x64, 0x00, 0x20, 0x00, 0x61, 0x00,
  0x64, 0x00, 0x64, 0x00, 0x69, 0x00, 0x74, 0x00, 0x69, 0x00, 0x6f, 0x00,
  0x6e, 0x00, 0x61, 0x00, 0x6c, 0x00, 0x20, 0x00, 0x67, 0x00, 0x6c, 0x00,
  0x79, 0x00, 0x70, 0x00, 0x68, 0x00, 0x73, 0x00, 0x20, 0x00, 0x6f, 0x00,
  0x72, 0x00, 0x20, 0x00, 0x63, 0x00, 0x68, 0x00, 0x61, 0x00, 0x72, 0x00,
  0x61, 0x00, 0x63, 0x00, 0x74, 0x00, 0x65, 0x00, 0x72, 0x00, 0x73, 0x00,
  0x20, 0x00, 0x6d, 0x00, 0x61, 0x00, 0x79, 0x00, 0x20, 0x00, 0x62, 0x00,
  0x65, 0x00, 0x20, 0x00, 0x61, 0x00, 0x64, 0x00, 0x64, 0x00, 0x65, 0x00,
  0x64, 0x00, 0x20, 0x00, 0x74, 0x00, 0x6f, 0x00, 0x20, 0x00, 0x74, 0x00,
  0x68, 0x00, 0x65, 0x00, 0x20, 0x00, 0x46, 0x00, 0x6f, 0x00, 0x6e, 0x00,
  0x74, 0x00, 0x73, 0x00, 0x2c, 0x00, 0x20, 0x00, 0x6f, 0x00, 0x6e, 0x00,
  0x6c, 0x00, 0x79, 0x00, 0x20, 0x00, 0x69, 0x00, 0x66, 0x00, 0x20, 0x00,
  0x74, 0x00, 0x68, 0x00, 0x65, 0x00, 0x20, 0x00, 0x66, 0x00, 0x6f, 0x00,
  0x6e, 0x00, 0x74, 0x00, 0x73, 0x00, 0x20, 0x00, 0x61, 0x00, 0x72, 0x00,
  0x65, 0x00, 0x20, 0x00, 0x72, 0x00, 0x65, 0x00, 0x6e, 0x00, 0x61, 0x00,
  0x6d, 0x00, 0x65, 0x00, 0x64, 0x00, 0x20, 0x00, 0x74, 0x00, 0x6f, 0x00,
  0x20, 0x00, 0x6e, 0x00, 0x61, 0x00, 0x6d, 0x00, 0x65, 0x00, 0x73, 0x00,
  0x20, 0x00, 0x6e, 0x00, 0x6f, 0x00, 0x74, 0x00, 0x20, 0x00, 0x63, 0x00,
  0x6f, 0x00, 0x6e, 0x00, 0x74, 0x00, 0x61, 0x00, 0x69, 0x00, 0x6e, 0x00,
  0x69, 0x00, 0x6e, 0x00, 0x67, 0x00, 0x20, 0x00, 0x65, 0x00, 0x69, 0x00,
  0x74, 0x00, 0x68, 0x00, 0x65, 0x00, 0x72, 0x00, 0x20, 0x00, 0x74, 0x00,
  0x68, 0x00, 0x65, 0x00, 0x20, 0x00, 0x77, 0x00, 0x6f, 0x00, 0x72, 0x00,
  0x64, 0x00, 0x73, 0x00, 0x20, 0x00, 0x22, 0x00, 0x42, 0x00, 0x69, 0x00,
  0x74, 0x00, 0x73, 0x00, 0x74, 0x00, 0x72, 0x00, 0x65, 0x00, 0x61, 0x00,
  0x6d, 0x00, 0x22, 0x00, 0x20, 0x00, 0x6f, 0x00, 0x72, 0x00, 0x20, 0x00,
  0x74, 0x00, 0x68, 0x00, 0x65, 0x00, 0x20, 0x00, 0x77, 0x00, 0x6f, 0x00,
  0x72, 0x00, 0x64, 0x00, 0x20, 0x00, 0x22, 0x00, 0x56, 0x00, 0x65, 0x00,
  0x72, 0x00, 0x61, 0x00, 0x22, 0x00, 0x2e, 0x00, 0x0a, 0x00, 0x0a, 0x00,
  0x54, 0x00, 0x68, 0x00, 0x69, 0x00, 0x73, 0x00, 0x20, 0x00, 0x4c, 0x00,
  0x69, 0x00, 0x63, 0x00, 0x65, 0x00, 0x6e, 0x00, 0x73, 0x00, 0x65, 0x00,
  0x20, 0x00, 0x62, 0x00, 0x65, 0x00, 0x63, 0x00, 0x6f, 0x00, 0x6d, 0x00,
  0x65, 0x00, 0x73, 0x00, 0x20, 0x00, 0x6e, 0x00, 0x75, 0x00, 0x6c, 0x00,
  0x6c, 0x00, 0x20, 0x00, 0x61, 0x00, 0x6e, 0x00, 0x64, 0x00, 0x20, 0x00,
  0x76, 0x00, 0x6f, 0x00, 0x69, 0x00, 0x64, 0x00, 0x20, 0x00, 0x74, 0x00,
  0x6f, 0x00, 0x20, 0x00, 0x74, 0x00, 0x68, 0x00, 0x65, 0x00, 0x20, 0x00,
  0x65, 0x00, 0x78, 0x00, 0x74, 0x00, 0x65, 0x00, 0x6e, 0x00, 0x74, 0x00,
  0x20, 0x00, 0x61, 0x00, 0x70, 0x00, 0x70, 0x00, 0x6c, 0x00, 0x69, 0x00,
  0x63, 0x00, 0x61, 0x00, 0x62, 0x00, 0x6c, 0x00, 0x65, 0x00, 0x20, 0x00,
  0x74, 0x00, 0x6f, 0x00, 0x20, 0x00, 0x46, 0x00, 0x6f, 0x00, 0x6e, 0x00,
  0x74, 0x00, 0x73, 0x00, 0x20, 0x00, 0x6f, 0x00, 0x72, 0x00, 0x20, 0x00,
  0x46, 0x00, 0x6f, 0x00, 0x6e, 0x00, 0x74, 0x00, 0x20, 0x00, 0x53, 0x00,
  0x6f, 0x00, 0x66, 0x00, 0x74, 0x00, 0x77, 0x00, 0x61, 0x00, 0x72, 0x00,
  0x65, 0x00, 0x20, 0x00, 0x74, 0x00, 0x68, 0x00, 0x61, 0x00, 0x74, 0x00,
  0x20, 0x00, 0x68, 0x00, 0x61, 0x00, 0x73, 0x00, 0x20, 0x00, 0x62, 0x00,
  0x65, 0x00, 0x65, 0x00, 0x6e, 0x00, 0x20, 0x00, 0x6d, 0x00, 0x6f, 0x00,
  0x64, 0x00, 0x69, 0x00, 0x66, 0x00, 0x69, 0x00, 0x65, 0x00, 0x64, 0x00,
  0x20, 0x00, 0x61, 0x00, 0x6e, 0x00, 0x64, 0x00, 0x20, 0x00, 0x69, 0x00,
  0x73, 0x00, 0x20, 0x00, 0x64, 0x00, 0x69, 0x00, 0x73, 0x00, 0x74, 0x00,
  0x72, 0x00, 0x69, 0x00, 0x62, 0x00, 0x75, 0x00, 0x74, 0x00, 0x65, 0x00,
  0x64, 0x00, 0x20, 0x00, 0x75, 0x00, 0x6e, 0x00, 0x64, 0x00, 0x65, 0x00,
  0x72, 0x00, 0x20, 0x00, 0x74, 0x00, 0x68, 0x00, 0x65, 0x00, 0x20, 0x00,
  0x22, 0x00, 0x42, 0x00, 0x69, 0x00, 0x74, 0x00, 0x73, 0x00, 0x74, 0x00,
  0x72, 0x00, 0x65, 0x00, 0x61, 0x00, 0x6d, 0x00, 0x20, 0x00, 0x56, 0x00,
  0x65, 0x00, 0x72, 0x00, 0x61, 0x00, 0x22, 0x00, 0x20, 0x00, 0x6e, 0x00,
  0x61, 0x00, 0x6d, 0x00, 0x65, 0x00, 0x73, 0x00, 0x2e, 0x00, 0x0a, 0x00,
  0x0a, 0x00, 0x54, 0x00, 0x68, 0x00, 0x65, 0x00, 0x20, 0x00, 0x46, 0x00,
  0x6f, 0x00, 0x6e, 0x00, 0x74, 0x00, 0x20, 0x00, 0x53, 0x00, 0x6f, 0x00,
  0x66, 0x00, 0x74, 0x00, 0x77, 0x00, 0x61, 0x00, 0x72, 0x00, 0x65, 0x00,
  0x20, 0x00, 0x6d, 0x00, 0x61, 0x00, 0x79, 0x00, 0x20, 0x00, 0x62, 0x00,
  0x65, 0x00, 0x20, 0x00, 0x73, 0x00, 0x6f, 0x00, 0x6c, 0x00, 0x64, 0x00,
  0x20, 0x00, 0x61, 0x00, 0x73, 0x00, 0x20, 0x00, 0x70, 0x00, 0x61, 0x00,
  0x72, 0x00, 0x74, 0x00, 0x20, 0x00, 0x6f, 0x00, 0x66, 0x00, 0x20, 0x00,
  0x61, 0x00, 0x20, 0x00, 0x6c, 0x00, 0x61, 0x00, 0x72, 0x00, 0x67, 0x00,
  0x65, 0x00, 0x72, 0x00, 0x20, 0x00, 0x73, 0x00, 0x6f, 0x00, 0x66, 0x00,
  0x74, 0x00, 0x77, 0x00, 0x61, 0x00, 0x72, 0x00, 0x65, 0x00, 0x20, 0x00,
  0x70, 0x00, 0x61, 0x00, 0x63, 0x00, 0x6b, 0x00, 0x61, 0x00, 0x67, 0x00,
  0x65, 0x00, 0x20, 0x00, 0x62, 0x00, 0x75, 0x00, 0x74, 0x00, 0x20, 0x00,
  0x6e, 0x00, 0x6f, 0x00, 0x20, 0x00, 0x63, 0x00, 0x6f, 0x00, 0x70, 0x00,
  0x79, 0x00, 0x20, 0x00, 0x6f, 0x00, 0x66, 0x00, 0x20, 0x00, 0x6f, 0x00,
  0x6e, 0x00, 0x65, 0x00, 0x20, 0x00, 0x6f, 0x00, 0x72, 0x00, 0x20, 0x00,
  0x6d, 0x00, 0x6f, 0x00, 0x72, 0x00, 0x65, 0x00, 0x20, 0x00, 0x6f, 0x00,
  0x66, 0x00, 0x20, 0x00, 0x74, 0x00, 0x68, 0x00, 0x65, 0x00, 0x20, 0x00,
  0x46, 0x00, 0x6f, 0x00, 0x6e, 0x00, 0x74, 0x00, 0x20, 0x00, 0x53, 0x00,
  0x6f, 0x00, 0x66, 0x00, 0x74, 0x00, 0x77, 0x00, 0x61, 0x00, 0x72, 0x00,
  0x65, 0x00, 0x20, 0x00, 0x74, 0x00, 0x79, 0x00, 0x70, 0x00, 0x65, 0x00,
  0x66, 0x00, 0x61, 0x00, 0x63, 0x00, 0x65, 0x00, 0x73, 0x00, 0x20, 0x00,
  0x6d, 0x00, 0x61, 0x00, 0x79, 0x00, 0x20, 0x00, 0x62, 0x00, 0x65, 0x00,
  0x20, 0x00, 0x73, 0x00, 0x6f, 0x00, 0x6c, 0x00, 0x64, 0x00, 0x20, 0x00,
  0x62, 0x00, 0x79, 0x00, 0x20, 0x00, 0x69, 0x00, 0x74, 0x00, 0x73, 0x00,
  0x65, 0x00, 0x6c, 0x00, 0x66, 0x00, 0x2e, 0x00, 0x0a, 0x00, 0x0a, 0x00,
  0x54, 0x00, 0x48, 0x00, 0x45, 0x00, 0x20, 0x00, 0x46, 0x00, 0x4f, 0x00,
  0x4e, 0x00, 0x54, 0x00, 0x20, 0x00, 0x53, 0x00, 0x4f, 0x00, 0x46, 0x00,
  0x54, 0x00, 0x57, 0x00, 0x41, 0x00, 0x52, 0x00, 0x45, 0x00, 0x20, 0x00,
  0x49, 0x00, 0x53, 0x00, 0x20, 0x00, 0x50, 0x00, 0x52, 0x00, 0x4f, 0x00,
  0x56, 0x00, 0x49, 0x00, 0x44, 0x00, 0x45, 0x00, 0x44, 0x00, 0x20, 0x00,
  0x22, 0x00, 0x41, 0x00, 0x53, 0x00, 0x20, 0x00, 0x49, 0x00, 0x53, 0x00,
  0x22, 0x00, 0x2c, 0x00, 0x20, 0x00, 0x57, 0x00, 0x49, 0x00, 0x54, 0x00,
  0x48, 0x00, 0x4f, 0x00, 0x55, 0x00, 0x54, 0x00, 0x20, 0x00, 0x57, 0x00,
  0x41, 0x00, 0x52, 0x00, 0x52, 0x00, 0x41, 0x00, 0x4e, 0x00, 0x54, 0x00,
  0x59, 0x00, 0x20, 0x00, 0x4f, 0x00, 0x46, 0x00, 0x20, 0x00, 0x41, 0x00,
  0x4e, 0x00, 0x59, 0x00, 0x20, 0x00, 0x4b, 0x00, 0x49, 0x00, 0x4e, 0x00,
  0x44, 0x00, 0x2c, 0x00, 0x20, 0x00, 0x45, 0x00, 0x58, 0x00, 0x50, 0x00,
  0x52, 0x00, 0x45, 0x00, 0x53, 0x00, 0x53, 0x00, 0x20, 0x00, 0x4f, 0x00,
  0x52, 0x00, 0x20, 0x00, 0x49, 0x00, 0x4d, 0x00, 0x50, 0x00, 0x4c, 0x00,
  0x49, 0x00, 0x45, 0x00, 0x44, 0x00, 0x2c, 0x00, 0x20, 0x00, 0x49, 0x00,
  0x4e, 0x00, 0x43, 0x00, 0x4c, 0x00, 0x55, 0x00, 0x44, 0x00, 0x49, 0x00,
  0x4e, 0x00, 0x47, 0x00, 0x20, 0x00, 0x42, 0x00, 0x55, 0x00, 0x54, 0x00,
  0x20, 0x00, 0x4e, 0x00, 0x4f, 0x00, 0x54, 0x00, 0x20, 0x00, 0x4c, 0x00,
  0x49, 0x00, 0x4d, 0x00, 0x49, 0x00, 0x54, 0x00, 0x45, 0x00, 0x44, 0x00,
  0x20, 0x00, 0x54, 0x00, 0x4f, 0x00, 0x20, 0x00, 0x41, 0x00, 0x4e, 0x00,
  0x59, 0x00, 0x20, 0x00, 0x57, 0x00, 0x41, 0x00, 0x52, 0x00, 0x52, 0x00,
  0x41, 0x00, 0x4e, 0x00, 0x54, 0x00, 0x49, 0x00, 0x45, 0x00, 0x53, 0x00,
  0x20, 0x00, 0x4f, 0x00, 0x46, 0x00, 0x20, 0x00, 0x4d, 0x00, 0x45, 0x00,
  0x52, 0x00, 0x43, 0x00, 0x48, 0x00, 0x41, 0x00, 0x4e, 0x00, 0x54, 0x00,
  0x41, 0x00, 0x42, 0x00, 0x49, 0x00, 0x4c, 0x00, 0x49, 0x00, 0x54, 0x00,
  0x59, 0x00, 0x2c, 0x00, 0x20, 0x00, 0x46, 0x00, 0x49, 0x00, 0x54, 0x00,
  0x4e, 0x00, 0x45, 0x00, 0x53, 0x00, 0x53, 0x00, 0x20, 0x00, 0x46, 0x00,
  0x4f, 0x00, 0x52, 0x00, 0x20, 0x00, 0x41, 0x00, 0x20, 0x00, 0x50, 0x00,
  0x41, 0x00, 0x52, 0x00, 0x54, 0x00, 0x49, 0x00, 0x43, 0x00, 0x55, 0x00,
  0x4c, 0x00, 0x41, 0x00, 0x52, 0x00, 0x20, 0x00, 0x50, 0x00, 0x55, 0x00,
  0x52, 0x00, 0x50, 0x00, 0x4f, 0x00, 0x53, 0x00, 0x45, 0x00, 0x20, 0x00,
  0x41, 0x00, 0x4e, 0x00, 0x44, 0x00, 0x20, 0x00, 0x4e, 0x00, 0x4f, 0x00,
  0x4e, 0x00, 0x49, 0x00, 0x4e, 0x00, 0x46, 0x00, 0x52, 0x00, 0x49, 0x00,
  0x4e, 0x00, 0x47, 0x00, 0x45, 0x00, 0x4d, 0x00, 0x45, 0x00, 0x4e, 0x00,
  0x54, 0x00, 0x20, 0x00, 0x4f, 0x00, 0x46, 0x00, 0x20, 0x00, 0x43, 0x00,
  0x4f, 0x00, 0x50, 0x00, 0x59, 0x00, 0x52, 0x00, 0x49, 0x00, 0x47, 0x00,
  0x48, 0x00, 0x54, 0x00, 0x2c, 0x00, 0x20, 0x00, 0x50, 0x00, 0x41, 0x00,
  0x54, 0x00, 0x45, 0x00, 0x4e, 0x00, 0x54, 0x00, 0x2c, 0x00, 0x20, 0x00,
  0x54, 0x00, 0x52, 0x00, 0x41, 0x00, 0x44, 0x00, 0x45, 0x00, 0x4d, 0x00,
  0x41, 0x00, 0x52, 0x00, 0x4b, 0x00, 0x2c, 0x00, 0x20, 0x00, 0x4f, 0x00,
  0x52, 0x00, 0x20, 0x00, 0x4f, 0x00, 0x54, 0x00, 0x48, 0x00, 0x45, 0x00,
  0x52, 0x00, 0x20, 0x00, 0x52, 0x00, 0x49, 0x00, 0x47, 0x00, 0x48, 0x00,
  0x54, 0x00, 0x2e, 0x00, 0x20, 0x00, 0x49, 0x00, 0x4e, 0x00, 0x20, 0x00,
  0x4e, 0x00, 0x4f, 0x00, 0x20, 0x00, 0x45, 0x00, 0x56, 0x00, 0x45, 0x00,
  0x4e, 0x00, 0x54, 0x00, 0x20, 0x00, 0x53, 0x00, 0x48, 0x00, 0x41, 0x00,
  0x4c, 0x00, 0x4c, 0x00, 0x20, 0x00, 0x42, 0x00, 0x49, 0x00, 0x54, 0x00,
  0x53, 0x00, 0x54, 0x00, 0x52, 0x00, 0x45, 0x00, 0x41, 0x00, 0x4d, 0x00,
  0x20, 0x00, 0x4f, 0x00, 0x52, 0x00, 0x20, 0x00, 0x54, 0x00, 0x48, 0x00,
  0x45, 0x00, 0x20, 0x00, 0x47, 0x00, 0x4e, 0x00, 0x4f, 0x00, 0x4d, 0x00,
  0x45, 0x00, 0x20, 0x00, 0x46, 0x00, 0x4f, 0x00, 0x55, 0x00, 0x4e, 0x00,
  0x44, 0x00, 0x41, 0x00, 0x54, 0x00, 0x49, 0x00, 0x4f, 0x00, 0x4e, 0x00,
  0x20, 0x00, 0x42, 0x00, 0x45, 0x00, 0x20, 0x00, 0x4c, 0x00, 0x49, 0x00,
  0x41, 0x00, 0x42, 0x00, 0x4c, 0x00, 0x45, 0x00, 0x20, 0x00, 0x46, 0x00,
  0x4f, 0x00, 0x52, 0x00, 0x20, 0x00, 0x41, 0x00, 0x4e, 0x00, 0x59, 0x00,
  0x20, 0x00, 0x43, 0x00, 0x4c, 0x00, 0x41, 0x00, 0x49, 0x00, 0x4d, 0x00,
  0x2c, 0x00, 0x20, 0x00, 0x44, 0x00, 0x41, 0x00, 0x4d, 0x00, 0x41, 0x00,
  0x47, 0x00, 0x45, 0x00, 0x53, 0x00, 0x20, 0x00, 0x4f, 0x00, 0x52, 0x00,
  0x20, 0x00, 0x4f, 0x00, 0x54, 0x00, 0x48, 0x00, 0x45, 0x00, 0x52, 0x00,
  0x20, 0x00, 0x4c, 0x00, 0x49, 0x00, 0x41, 0x00, 0x42, 0x00, 0x49, 0x00,
  0x4c, 0x00, 0x49, 0x00, 0x54, 0x00, 0x59, 0x00, 0x2c, 0x00, 0x20, 0x00,
  0x49, 0x00, 0x4e, 0x00, 0x43, 0x00, 0x4c, 0x00, 0x55, 0x00, 0x44, 0x00,
  0x49, 0x00, 0x4e, 0x00, 0x47, 0x00, 0x20, 0x00, 0x41, 0x00, 0x4e, 0x00,
  0x59, 0x00, 0x20, 0x00, 0x47, 0x00, 0x45, 0x00, 0x4e, 0x00, 0x45, 0x00,
  0x52, 0x00, 0x41, 0x00, 0x4c, 0x00, 0x2c, 0x00, 0x20, 0x00, 0x53, 0x00,
  0x50, 0x00, 0x45, 0x00, 0x43, 0x00, 0x49, 0x00, 0x41, 0x00, 0x4c, 0x00,
  0x2c, 0x00, 0x20, 0x00, 0x49, 0x00, 0x4e, 0x00, 0x44, 0x00, 0x49, 0x00,
  0x52, 0x00, 0x45, 0x00, 0x43, 0x00, 0x54, 0x00, 0x2c, 0x00, 0x20, 0x00,
  0x49, 0x00, 0x4e, 0x00, 0x43, 0x00, 0x49, 0x00, 0x44, 0x00, 0x45, 0x00,
  0x4e, 0x00, 0x54, 0x00, 0x41, 0x00, 0x4c, 0x00, 0x2c, 0x00, 0x20, 0x00,
  0x4f, 0x00, 0x52, 0x00, 0x20, 0x00, 0x43, 0x00, 0x4f, 0x00, 0x4e, 0x00,
  0x53, 0x00, 0x45, 0x00, 0x51, 0x00, 0x55, 0x00, 0x45, 0x00, 0x4e, 0x00,
  0x54, 0x00, 0x49, 0x00, 0x41, 0x00, 0x4c, 0x00, 0x20, 0x00, 0x44, 0x00,
  0x41, 0x00, 0x4d, 0x00, 0x41, 0x00, 0x47, 0x00, 0x45, 0x00, 0x53, 0x00,
  0x2c, 0x00, 0x20, 0x00, 0x57, 0x00, 0x48, 0x00, 0x45, 0x00, 0x54, 0x00,
  0x48, 0x00, 0x45, 0x00, 0x52, 0x00, 0x20, 0x00, 0x49, 0x00, 0x4e, 0x00,
  0x20, 0x00, 0x41, 0x00, 0x4e, 0x00, 0x20, 0x00, 0x41, 0x00, 0x43, 0x00,
  0x54, 0x00, 0x49, 0x00, 0x4f, 0x00, 0x4e, 0x00, 0x20, 0x00, 0x4f, 0x00,
  0x46, 0x00, 0x20, 0x00, 0x43, 0x00, 0x4f, 0x00, 0x4e, 0x00, 0x54, 0x00,
  0x52, 0x00, 0x41, 0x00, 0x43, 0x00, 0x54, 0x00, 0x2c, 0x00, 0x20, 0x00,
  0x54, 0x00, 0x4f, 0x00, 0x52, 0x00, 0x54, 0x00, 0x20, 0x00, 0x4f, 0x00,
  0x52, 0x00, 0x20, 0x00, 0x4f, 0x00, 0x54, 0x00, 0x48, 0x00, 0x45, 0x00,
  0x52, 0x00, 0x57, 0x00, 0x49, 0x00, 0x53, 0x00, 0x45, 0x00, 0x2c, 0x00,
  0x20, 0x00, 0x41, 0x00, 0x52, 0x00, 0x49, 0x00, 0x53, 0x00, 0x49, 0x00,
  0x4e, 0x00, 0x47, 0x00, 0x20, 0x00, 0x46, 0x00, 0x52, 0x00, 0x4f, 0x00,
  0x4d, 0x00, 0x2c, 0x00, 0x20, 0x00, 0x4f, 0x00, 0x55, 0x00, 0x54, 0x00,
  0x20, 0x00, 0x4f, 0x00, 0x46, 0x00, 0x20, 0x00, 0x54, 0x00, 0x48, 0x00,
  0x45, 0x00, 0x20, 0x00, 0x55, 0x00, 0x53, 0x00, 0x45, 0x00, 0x20, 0x00,
  0x4f, 0x00, 0x52, 0x00, 0x20, 0x00, 0x49, 0x00, 0x4e, 0x00, 0x41, 0x00,
  0x42, 0x00, 0x49, 0x00, 0x4c, 0x00, 0x49, 0x00, 0x54, 0x00, 0x59, 0x00,
  0x20, 0x00, 0x54, 0x00, 0x4f, 0x00, 0x20, 0x00, 0x55, 0x00, 0x53, 0x00,
  0x45, 0x00, 0x20, 0x00, 0x54, 0x00, 0x48, 0x00, 0x45, 0x00, 0x20, 0x00,
  0x46, 0x00, 0x4f, 0x00, 0x4e, 0x00, 0x54, 0x00, 0x20, 0x00, 0x53, 0x00,
  0x4f, 0x00, 0x46, 0x00, 0x54, 0x00, 0x57, 0x00, 0x41, 0x00, 0x52, 0x00,
  0x45, 0x00, 0x20, 0x00, 0x4f, 0x00, 0x52, 0x00, 0x20, 0x00, 0x46, 0x00,
  0x52, 0x00, 0x4f, 0x00, 0x4d, 0x00, 0x20, 0x00, 0x4f, 0x00, 0x54, 0x00,
  0x48, 0x00, 0x45, 0x00, 0x52, 0x00, 0x20, 0x00, 0x44, 0x00, 0x45, 0x00,
  0x41, 0x00, 0x4c, 0x00, 0x49, 0x00, 0x4e, 0x00, 0x47, 0x00, 0x53, 0x00,
  0x20, 0x00, 0x49, 0x00, 0x4e, 0x00, 0x20, 0x00, 0x54, 0x00, 0x48, 0x00,
  0x45, 0x00, 0x20, 0x00, 0x46, 0x00, 0x4f, 0x00, 0x4e, 0x00, 0x54, 0x00,
  0x20, 0x00, 0x53, 0x00, 0x4f, 0x00, 0x46, 0x00, 0x54, 0x00, 0x57, 0x00,
  0x41, 0x00, 0x52, 0x00, 0x45, 0x00, 0x2e, 0x00, 0x0a, 0x00, 0x0a, 0x00,
  0x45, 0x00, 0x78, 0x00, 0x63, 0x00, 0x65, 0x00, 0x70, 0x00, 0x74, 0x00,
  0x20, 0x00, 0x61, 0x00, 0x73, 0x00, 0x20, 0x00, 0x63, 0x00, 0x6f, 0x00,
  0x6e, 0x00, 0x74, 0x00, 0x61, 0x00, 0x69, 0x00, 0x6e, 0x00, 0x65, 0x00,
  0x64, 0x00, 0x20, 0x00, 0x69, 0x00, 0x6e, 0x00, 0x20, 0x00, 0x74, 0x00,
  0x68, 0x00, 0x69, 0x00, 0x73, 0x00, 0x20, 0x00, 0x6e, 0x00, 0x6f, 0x00,
  0x74, 0x00, 0x69, 0x00, 0x63, 0x00, 0x65, 0x00, 0x2c, 0x00, 0x20, 0x00,
  0x74, 0x00, 0x68, 0x00, 0x65, 0x00, 0x20, 0x00, 0x6e, 0x00, 0x61, 0x00,
  0x6d, 0x00, 0x65, 0x00, 0x73, 0x00, 0x20, 0x00, 0x6f, 0x00, 0x66, 0x00,
  0x20, 0x00, 0x47, 0x00, 0x6e, 0x00, 0x6f, 0x00, 0x6d, 0x00, 0x65, 0x00,
  0x2c, 0x00, 0x20, 0x00, 0x74, 0x00, 0x68, 0x00, 0x65, 0x00, 0x20, 0x00,
  0x47, 0x00, 0x6e, 0x00, 0x6f, 0x00, 0x6d, 0x00, 0x65, 0x00, 0x20, 0x00,
  0x46, 0x00, 0x6f, 0x00, 0x75, 0x00, 0x6e, 0x00, 0x64, 0x00, 0x61, 0x00,
  0x74, 0x00, 0x69, 0x00, 0x6f, 0x00, 0x6e, 0x00, 0x2c, 0x00, 0x20, 0x00,
  0x61, 0x00, 0x6e, 0x00, 0x64, 0x00, 0x20, 0x00, 0x42, 0x00, 0x69, 0x00,
  0x74, 0x00, 0x73, 0x00, 0x74, 0x00, 0x72, 0x00, 0x65, 0x00, 0x61, 0x00,
  0x6d, 0x00, 0x20, 0x00, 0x49, 0x00, 0x6e, 0x00, 0x63, 0x00, 0x2e, 0x00,
  0x2c, 0x00, 0x20, 0x00, 0x73, 0x00, 0x68, 0x00, 0x61, 0x00, 0x6c, 0x00,
  0x6c, 0x00, 0x20, 0x00, 0x6e, 0x00, 0x6f, 0x00, 0x74, 0x00, 0x20, 0x00,
  0x62, 0x00, 0x65, 0x00, 0x20, 0x00, 0x75, 0x00, 0x73, 0x00, 0x65, 0x00,
  0x64, 0x00, 0x20, 0x00, 0x69, 0x00, 0x6e, 0x00, 0x20, 0x00, 0x61, 0x00,
  0x64, 0x00, 0x76, 0x00, 0x65, 0x00, 0x72, 0x00, 0x74, 0x00, 0x69, 0x00,
  0x73, 0x00, 0x69, 0x00, 0x6e, 0x00, 0x67, 0x00, 0x20, 0x00, 0x6f, 0x00,
  0x72, 0x00, 0x20, 0x00, 0x6f, 0x00, 0x74, 0x00, 0x68, 0x00, 0x65, 0x00,
  0x72, 0x00, 0x77, 0x00, 0x69, 0x00, 0x73, 0x00, 0x65, 0x00, 0x20, 0x00,
  0x74, 0x00, 0x6f, 0x00, 0x20, 0x00, 0x70, 0x00, 0x72, 0x00, 0x6f, 0x00,
  0x6d, 0x00, 0x6f, 0x00, 0x74, 0x00, 0x65, 0x00, 0x20, 0x00, 0x74, 0x00,
  0x68, 0x00, 0x65, 0x00, 0x20, 0x00, 0x73, 0x00, 0x61, 0x00, 0x6c, 0x00,
  0x65, 0x00, 0x2c, 0x00, 0x20, 0x00, 0x75, 0x00, 0x73, 0x00, 0x65, 0x00,
  0x20, 0x00, 0x6f, 0x00, 0x72, 0x00, 0x20, 0x00, 0x6f, 0x00, 0x74, 0x00,
  0x68, 0x00, 0x65, 0x00, 0x72, 0x00, 0x20, 0x00, 0x64, 0x00, 0x65, 0x00,
  0x61, 0x00, 0x6c, 0x00, 0x69, 0x00, 0x6e, 0x00, 0x67, 0x00, 0x73, 0x00,
  0x20, 0x00, 0x69, 0x00, 0x6e, 0x00, 0x20, 0x00, 0x74, 0x00, 0x68, 0x00,
  0x69, 0x00, 0x73, 0x00, 0x20, 0x00, 0x46, 0x00, 0x6f, 0x00, 0x6e, 0x00,
  0x74, 0x00, 0x20, 0x00, 0x53, 0x00, 0x6f, 0x00, 0x66, 0x00, 0x74, 0x00,
  0x77, 0x00, 0x61, 0x00, 0x72, 0x00, 0x65, 0x00, 0x20, 0x00, 0x77, 0x00,
  0x69, 0x00, 0x74, 0x00, 0x68, 0x00, 0x6f, 0x00, 0x75, 0x00, 0x74, 0x00,
  0x20, 0x00, 0x70, 0x00, 0x72, 0x00, 0x69, 0x00, 0x6f, 0x00, 0x72, 0x00,
  0x20, 0x00, 0x77, 0x00, 0x72, 0x00, 0x69, 0x00, 0x74, 0x00, 0x74, 0x00,
  0x65, 0x00, 0x6e, 0x00, 0x20, 0x00, 0x61, 0x00, 0x75, 0x00, 0x74, 0x00,
  0x68, 0x00, 0x6f, 0x00, 0x72, 0x00, 0x69, 0x00, 0x7a, 0x00, 0x61, 0x00,
  0x74, 0x00, 0x69, 0x00, 0x6f, 0x00, 0x6e, 0x00, 0x20, 0x00, 0x66, 0x00,
  0x72, 0x00, 0x6f, 0x00, 0x6d, 0x00, 0x20, 0x00, 0x74, 0x00, 0x68, 0x00,
  0x65, 0x00, 0x20, 0x00, 0x47, 0x00, 0x6e, 0x00, 0x6f, 0x00, 0x6d, 0x00,
  0x65, 0x00, 0x20, 0x00, 0x46, 0x00, 0x6f, 0x00, 0x75, 0x00, 0x6e, 0x00,
  0x64, 0x00, 0x61, 0x00, 0x74, 0x00, 0x69, 0x00, 0x6f, 0x00, 0x6e, 0x00,
  0x20, 0x00, 0x6f, 0x00, 0x72, 0x00, 0x20, 0x00, 0x42, 0x00, 0x69, 0x00,
  0x74, 0x00, 0x73, 0x00, 0x74, 0x00, 0x72, 0x00, 0x65, 0x00, 0x61, 0x00,
  0x6d, 0x00, 0x20, 0x00, 0x49, 0x00, 0x6e, 0x00, 0x63, 0x00, 0x2e, 0x00,
  0x2c, 0x00, 0x20, 0x00, 0x72, 0x00, 0x65, 0x00, 0x73, 0x00, 0x70, 0x00,
  0x65, 0x00, 0x63, 0x00, 0x74, 0x00, 0x69, 0x00, 0x76, 0x00, 0x65, 0x00,
  0x6c, 0x00, 0x79, 0x00, 0x2e, 0x00, 0x20, 0x00, 0x46, 0x00, 0x6f, 0x00,
  0x72, 0x00, 0x20, 0x00, 0x66, 0x00, 0x75, 0x00, 0x72, 0x00, 0x74, 0x00,
  0x68, 0x00, 0x65, 0x00, 0x72, 0x00, 0x20, 0x00, 0x69, 0x00, 0x6e, 0x00,
  0x66, 0x00, 0x6f, 0x00, 0x72, 0x00, 0x6d, 0x00, 0x61, 0x00, 0x74, 0x00,
  0x69, 0x00, 0x6f, 0x00, 0x6e, 0x00, 0x2c, 0x00, 0x20, 0x00, 0x63, 0x00,
  0x6f, 0x00, 0x6e, 0x00, 0x74, 0x00, 0x61, 0x00, 0x63, 0x00, 0x74, 0x00,
  0x3a, 0x00, 0x20, 0x00, 0x66, 0x00, 0x6f, 0x00, 0x6e, 0x00, 0x74, 0x00,
  0x73, 0x00, 0x20, 0x00, 0x61, 0x00, 0x74, 0x00, 0x20, 0x00, 0x67, 0x00,
  0x6e, 0x00, 0x6f, 0x00, 0x6d, 0x00, 0x65, 0x00, 0x20, 0x00, 0x64, 0x00,
  0x6f, 0x00, 0x74, 0x00, 0x20, 0x00, 0x6f, 0x00, 0x72, 0x00, 0x67, 0x00,
  0x2e, 0x00, 0x00, 0x54, 0x68, 0x65, 0x20, 0x77, 0x6f, 0x72, 0x6b, 0x20,
  0x69, 0x6e, 0x20, 0x74, 0x68, 0x65, 0x20, 0x48, 0x61, 0x63, 0x6b, 0x20,
  0x70, 0x72, 0x6f, 0x6a, 0x65, 0x63, 0x74, 0x20, 0x69, 0x73, 0x20, 0x43,
  0x6f, 0x70, 0x79, 0x72, 0x69, 0x67, 0x68, 0x74, 0x20, 0x32, 0x30, 0x31,
  0x38, 0x20, 0x53, 0x6f, 0x75, 0x72, 0x63, 0x65, 0x20, 0x46, 0x6f, 0x75,
  0x6e, 0x64, 0x72, 0x79, 0x20, 0x41, 0x75, 0x74, 0x68, 0x6f, 0x72, 0x73,
  0x20, 0x61, 0x6e, 0x64, 0x20, 0x6c, 0x69, 0x63, 0x65, 0x6e, 0x73, 0x65,
  0x64, 0x20, 0x75, 0x6e, 0x64, 0x65, 0x72, 0x20, 0x74, 0x68, 0x65, 0x20,
  0x4d, 0x49, 0x54, 0x20, 0x4c, 0x69, 0x63, 0x65, 0x6e, 0x73, 0x65, 0x0a,
  0x0a, 0x54, 0x68, 0x65, 0x20, 0x77, 0x6f, 0x72, 0x6b, 0x20, 0x69, 0x6e,
  0x20, 0x74, 0x68, 0x65, 0x20, 0x44, 0x65, 0x6a, 0x61, 0x56, 0x75, 0x20,
  0x70, 0x72, 0x6f, 0x6a, 0x65, 0x63, 0x74, 0x20, 0x77, 0x61, 0x73, 0x20,
  0x63, 0x6f, 0x6d, 0x6d, 0x69, 0x74, 0x74, 0x65, 0x64, 0x20, 0x74, 0x6f,
  0x20, 0x74, 0x68, 0x65, 0x20, 0x70, 0x75, 0x62, 0x6c, 0x69, 0x63, 0x20,
  0x64, 0x6f, 0x6d, 0x61, 0x69, 0x6e, 0x2e, 0x0a, 0x0a, 0x42, 0x69, 0x74,
  0x73, 0x74, 0x72, 0x65, 0x61, 0x6d, 0x20, 0x56, 0x65, 0x72, 0x61, 0x20,
  0x53, 0x61, 0x6e, 0x73, 0x20, 0x4d, 0x6f, 0x6e, 0x6f, 0x20, 0x43, 0x6f,
  0x70, 0x79, 0x72, 0x69, 0x67, 0x68, 0x74, 0x20, 0x32, 0x30, 0x30, 0x33,
  0x20, 0x42, 0x69, 0x74, 0x73, 0x74, 0x72, 0x65, 0x61, 0x6d, 0x20, 0x49,
  0x6e, 0x63, 0x2e, 0x20, 0x61, 0x6e, 0x64, 0x20, 0x6c, 0x69, 0x63, 0x65,
  0x6e, 0x73, 0x65, 0x64, 0x20, 0x75, 0x6e, 0x64, 0x65, 0x72, 0x20, 0x74,
  0x68, 0x65, 0x20, 0x42, 0x69, 0x74, 0x73, 0x74, 0x72, 0x65, 0x61, 0x6d,
  0x20, 0x56, 0x65, 0x72, 0x61, 0x20, 0x4c, 0x69, 0x63, 0x65, 0x6e, 0x73,
  0x65, 0x20, 0x77, 0x69, 0x74, 0x68, 0x20, 0x52, 0x65, 0x73, 0x65, 0x72,
  0x76, 0x65, 0x64, 0x20, 0x46, 0x6f, 0x6e, 0x74, 0x20, 0x4e, 0x61, 0x6d,
  0x65, 0x73, 0x20, 0x22, 0x42, 0x69, 0x74, 0x73, 0x74, 0x72, 0x65, 0x61,
  0x6d, 0x22, 0x20, 0x61, 0x6e, 0x64, 0x20, 0x22, 0x56, 0x65, 0x72, 0x61,
  0x22, 0x0a, 0x0a, 0x4d, 0x49, 0x54, 0x20, 0x4c, 0x69, 0x63, 0x65, 0x6e,
  0x73, 0x65, 0x0a, 0x0a, 0x43, 0x6f, 0x70, 0x79, 0x72, 0x69, 0x67, 0x68,
  0x74, 0x20, 0x28, 0x63, 0x29, 0x20, 0x32, 0x30, 0x31, 0x38, 0x20, 0x53,
  0x6f, 0x75, 0x72, 0x63, 0x65, 0x20, 0x46, 0x6f, 0x75, 0x6e, 0x64, 0x72,
  0x79, 0x20, 0x41, 0x75, 0x74, 0x68, 0x6f, 0x72, 0x73, 0x0a, 0x0a, 0x50,
  0x65, 0x72, 0x6d, 0x69, 0x73, 0x73, 0x69, 0x6f, 0x6e, 0x20, 0x69, 0x73,
  0x20, 0x68, 0x65, 0x72, 0x65, 0x62, 0x79, 0x20, 0x67, 0x72, 0x61, 0x6e,
  0x74, 0x65, 0x64, 0x2c, 0x20, 0x66, 0x72, 0x65, 0x65, 0x20, 0x6f, 0x66,
  0x20, 0x63, 0x68, 0x61, 0x72, 0x67, 0x65, 0x2c, 0x20, 0x74, 0x6f, 0x20,
  0x61, 0x6e, 0x79, 0x20, 0x70, 0x65, 0x72, 0x73, 0x6f, 0x6e, 0x20, 0x6f,
  0x62, 0x74, 0x61, 0x69, 0x6e, 0x69, 0x6e, 0x67, 0x20, 0x61, 0x20, 0x63,
  0x6f, 0x70, 0x79, 0x0a, 0x6f, 0x66, 0x20, 0x74, 0x68, 0x69, 0x73, 0x20,
  0x73, 0x6f, 0x66, 0x74, 0x77, 0x61, 0x72, 0x65, 0x20, 0x61, 0x6e, 0x64,
  0x20, 0x61, 0x73, 0x73, 0x6f, 0x63, 0x69, 0x61, 0x74, 0x65, 0x64, 0x20,
  0x64, 0x6f, 0x63, 0x75, 0x6d, 0x65, 0x6e, 0x74, 0x61, 0x74, 0x69, 0x6f,
  0x6e, 0x20, 0x66, 0x69, 0x6c, 0x65, 0x73, 0x20, 0x28, 0x74, 0x68, 0x65,
  0x20, 0x22, 0x53, 0x6f, 0x66, 0x74, 0x77, 0x61, 0x72, 0x65, 0x22, 0x29,
  0x2c, 0x20, 0x74, 0x6f, 0x20, 0x64, 0x65, 0x61, 0x6c, 0x0a, 0x69, 0x6e,
  0x20, 0x74, 0x68, 0x65, 0x20, 0x53, 0x6f, 0x66, 0x74, 0x77, 0x61, 0x72,
  0x65, 0x20, 0x77, 0x69, 0x74, 0x68, 0x6f, 0x75, 0x74, 0x20, 0x72, 0x65,
  0x73, 0x74, 0x72, 0x69, 0x63, 0x74, 0x69, 0x6f, 0x6e, 0x2c, 0x20, 0x69,
  0x6e, 0x63, 0x6c, 0x75, 0x64, 0x69, 0x6e, 0x67, 0x20, 0x77, 0x69, 0x74,
  0x68, 0x6f, 0x75, 0x74, 0x20, 0x6c, 0x69, 0x6d, 0x69, 0x74, 0x61, 0x74,
  0x69, 0x6f, 0x6e, 0x20, 0x74, 0x68, 0x65, 0x20, 0x72, 0x69, 0x67, 0x68,
  0x74, 0x73, 0x0a, 0x74, 0x6f, 0x20, 0x75, 0x73, 0x65, 0x2c, 0x20, 0x63,
  0x6f, 0x70, 0x79, 0x2c, 0x20, 0x6d, 0x6f, 0x64, 0x69, 0x66, 0x79, 0x2c,
  0x20, 0x6d, 0x65, 0x72, 0x67, 0x65, 0x2c, 0x20, 0x70, 0x75, 0x62, 0x6c,
  0x69, 0x73, 0x68, 0x2c, 0x20, 0x64, 0x69, 0x73, 0x74, 0x72, 0x69, 0x62,
  0x75, 0x74, 0x65, 0x2c, 0x20, 0x73, 0x75, 0x62, 0x6c, 0x69, 0x63, 0x65,
  0x6e, 0x73, 0x65, 0x2c, 0x20, 0x61, 0x6e, 0x64, 0x2f, 0x6f, 0x72, 0x20,
  0x73, 0x65, 0x6c, 0x6c, 0x0a, 0x63, 0x6f, 0x70, 0x69, 0x65, 0x73, 0x20,
  0x6f, 0x66, 0x20, 0x74, 0x68, 0x65, 0x20, 0x53, 0x6f, 0x66, 0x74, 0x77,
  0x61, 0x72, 0x65, 0x2c, 0x20, 0x61, 0x6e, 0x64, 0x20, 0x74, 0x6f, 0x20,
  0x70, 0x65, 0x72, 0x6d, 0x69, 0x74, 0x20, 0x70, 0x65, 0x72, 0x73, 0x6f,
  0x6e, 0x73, 0x20, 0x74, 0x6f, 0x20, 0x77, 0x68, 0x6f, 0x6d, 0x20, 0x74,
  0x68, 0x65, 0x20, 0x53, 0x6f, 0x66, 0x74, 0x77, 0x61, 0x72, 0x65, 0x20,
  0x69, 0x73, 0x0a, 0x66, 0x75, 0x72, 0x6e, 0x69, 0x73, 0x68, 0x65, 0x64,
  0x20, 0x74, 0x6f, 0x20, 0x64, 0x6f, 0x20, 0x73, 0x6f, 0x2c, 0x20, 0x73,
  0x75, 0x62, 0x6a, 0x65, 0x63, 0x74, 0x20, 0x74, 0x6f, 0x20, 0x74, 0x68,
  0x65, 0x20, 0x66, 0x6f, 0x6c, 0x6c, 0x6f, 0x77, 0x69, 0x6e, 0x67, 0x20,
  0x63, 0x6f, 0x6e, 0x64, 0x69, 0x74, 0x69, 0x6f, 0x6e, 0x73, 0x3a, 0x0a,
  0x0a, 0x54, 0x68, 0x65, 0x20, 0x61, 0x62, 0x6f, 0x76, 0x65, 0x20, 0x63,
  0x6f, 0x70, 0x79, 0x72, 0x69, 0x67, 0x68, 0x74, 0x20, 0x6e, 0x6f, 0x74,
  0x69, 0x63, 0x65, 0x20, 0x61, 0x6e, 0x64, 0x20, 0x74, 0x68, 0x69, 0x73,
  0x20, 0x70, 0x65, 0x72, 0x6d, 0x69, 0x73, 0x73, 0x69, 0x6f, 0x6e, 0x20,
  0x6e, 0x6f, 0x74, 0x69, 0x63, 0x65, 0x20, 0x73, 0x68, 0x61, 0x6c, 0x6c,
  0x20, 0x62, 0x65, 0x20, 0x69, 0x6e, 0x63, 0x6c, 0x75, 0x64, 0x65, 0x64,
  0x20, 0x69, 0x6e, 0x20, 0x61, 0x6c, 0x6c, 0x0a, 0x63, 0x6f, 0x70, 0x69,
  0x65, 0x73, 0x20, 0x6f, 0x72, 0x20, 0x73, 0x75, 0x62, 0x73, 0x74, 0x61,
  0x6e, 0x74, 0x69, 0x61, 0x6c, 0x20, 0x70, 0x6f, 0x72, 0x74, 0x69, 0x6f,
  0x6e, 0x73, 0x20, 0x6f, 0x66, 0x20, 0x74, 0x68, 0x65, 0x20, 0x53, 0x6f,
  0x66, 0x74, 0x77, 0x61, 0x72, 0x65, 0x2e, 0x0a, 0x0a, 0x54, 0x48, 0x45,
  0x20, 0x53, 0x4f, 0x46, 0x54, 0x57, 0x41, 0x52, 0x45, 0x20, 0x49, 0x53,
  0x20, 0x50, 0x52, 0x4f, 0x56, 0x49, 0x44, 0x45, 0x44, 0x20, 0x22, 0x41,
  0x53, 0x20, 0x49, 0x53, 0x22, 0x2c, 0x20, 0x57, 0x49, 0x54, 0x48, 0x4f,
  0x55, 0x54, 0x20, 0x57, 0x41, 0x52, 0x52, 0x41, 0x4e, 0x54, 0x59, 0x20,
  0x4f, 0x46, 0x20, 0x41, 0x4e, 0x59, 0x20, 0x4b, 0x49, 0x4e, 0x44, 0x2c,
  0x20, 0x45, 0x58, 0x50, 0x52, 0x45, 0x53, 0x53, 0x20, 0x4f, 0x52, 0x0a,
  0x49, 0x4d, 0x50, 0x4c, 0x49, 0x45, 0x44, 0x2c, 0x20, 0x49, 0x4e, 0x43,
  0x4c, 0x55, 0x44, 0x49, 0x4e, 0x47, 0x20, 0x42, 0x55, 0x54, 0x20, 0x4e,
  0x4f, 0x54, 0x20, 0x4c, 0x49, 0x4d, 0x49, 0x54, 0x45, 0x44, 0x20, 0x54,
  0x4f, 0x20, 0x54, 0x48, 0x45, 0x20, 0x57, 0x41, 0x52, 0x52, 0x41, 0x4e,
  0x54, 0x49, 0x45, 0x53, 0x20, 0x4f, 0x46, 0x20, 0x4d, 0x45, 0x52, 0x43,
  0x48, 0x41, 0x4e, 0x54, 0x41, 0x42, 0x49, 0x4c, 0x49, 0x54, 0x59, 0x2c,
  0x0a, 0x46, 0x49, 0x54, 0x4e, 0x45, 0x53, 0x53, 0x20, 0x46, 0x4f, 0x52,
  0x20, 0x41, 0x20, 0x50, 0x41, 0x52, 0x54, 0x49, 0x43, 0x55, 0x4c, 0x41,
  0x52, 0x20, 0x50, 0x55, 0x52, 0x50, 0x4f, 0x53, 0x45, 0x20, 0x41, 0x4e,
  0x44, 0x20, 0x4e, 0x4f, 0x4e, 0x49, 0x4e, 0x46, 0x52, 0x49, 0x4e, 0x47,
  0x45, 0x4d, 0x45, 0x4e, 0x54, 0x2e, 0x20, 0x49, 0x4e, 0x20, 0x4e, 0x4f,
  0x20, 0x45, 0x56, 0x45, 0x4e, 0x54, 0x20, 0x53, 0x48, 0x41, 0x4c, 0x4c,
  0x20, 0x54, 0x48, 0x45, 0x0a, 0x41, 0x55, 0x54, 0x48, 0x4f, 0x52, 0x53,
  0x20, 0x4f, 0x52, 0x20, 0x43, 0x4f, 0x50, 0x59, 0x52, 0x49, 0x47, 0x48,
  0x54, 0x20, 0x48, 0x4f, 0x4c, 0x44, 0x45, 0x52, 0x53, 0x20, 0x42, 0x45,
  0x20, 0x4c, 0x49, 0x41, 0x42, 0x4c, 0x45, 0x20, 0x46, 0x4f, 0x52, 0x20,
  0x41, 0x4e, 0x59, 0x20, 0x43, 0x4c, 0x41, 0x49, 0x4d, 0x2c, 0x20, 0x44,
  0x41, 0x4d, 0x41, 0x47, 0x45, 0x53, 0x20, 0x4f, 0x52, 0x20, 0x4f, 0x54,
  0x48, 0x45, 0x52, 0x0a, 0x4c, 0x49, 0x41, 0x42, 0x49, 0x4c, 0x49, 0x54,
  0x59, 0x2c, 0x20, 0x57, 0x48, 0x45, 0x54, 0x48, 0x45, 0x52, 0x20, 0x49,
  0x4e, 0x20, 0x41, 0x4e, 0x20, 0x41, 0x43, 0x54, 0x49, 0x4f, 0x4e, 0x20,
  0x4f, 0x46, 0x20, 0x43, 0x4f, 0x4e, 0x54, 0x52, 0x41, 0x43, 0x54, 0x2c,
  0x20, 0x54, 0x4f, 0x52, 0x54, 0x20, 0x4f, 0x52, 0x20, 0x4f, 0x54, 0x48,
  0x45, 0x52, 0x57, 0x49, 0x53, 0x45, 0x2c, 0x20, 0x41, 0x52, 0x49, 0x53,
  0x49, 0x4e, 0x47, 0x20, 0x46, 0x52, 0x4f, 0x4d, 0x2c, 0x0a, 0x4f, 0x55,
  0x54, 0x20, 0x4f, 0x46, 0x20, 0x4f, 0x52, 0x20, 0x49, 0x4e, 0x20, 0x43,
  0x4f, 0x4e, 0x4e, 0x45, 0x43, 0x54, 0x49, 0x4f, 0x4e, 0x20, 0x57, 0x49,
  0x54, 0x48, 0x20, 0x54, 0x48, 0x45, 0x20, 0x53, 0x4f, 0x46, 0x54, 0x57,
  0x41, 0x52, 0x45, 0x20, 0x4f, 0x52, 0x20, 0x54, 0x48, 0x45, 0x20, 0x55,
  0x53, 0x45, 0x20, 0x4f, 0x52, 0x20, 0x4f, 0x54, 0x48, 0x45, 0x52, 0x20,
  0x44, 0x45, 0x41, 0x4c, 0x49, 0x4e, 0x47, 0x53, 0x20, 0x49, 0x4e, 0x20,
  0x54, 0x48, 0x45, 0x0a, 0x53, 0x4f, 0x46, 0x54, 0x57, 0x41, 0x52, 0x45,
  0x2e, 0x0a, 0x0a, 0x42, 0x49, 0x54, 0x53, 0x54, 0x52, 0x45, 0x41, 0x4d,
  0x20, 0x56, 0x45, 0x52, 0x41, 0x20, 0x4c, 0x49, 0x43, 0x45, 0x4e, 0x53,
  0x45, 0x0a, 0x0a, 0x43, 0x6f, 0x70, 0x79, 0x72, 0x69, 0x67, 0x68, 0x74,
  0x20, 0x28, 0x63, 0x29, 0x20, 0x32, 0x30, 0x30, 0x33, 0x20, 0x62, 0x79,
  0x20, 0x42, 0x69, 0x74, 0x73, 0x74, 0x72, 0x65, 0x61, 0x6d, 0x2c, 0x20,
  0x49, 0x6e, 0x63, 0x2e, 0x20, 0x41, 0x6c, 0x6c, 0x20, 0x52, 0x69, 0x67,
  0x68, 0x74, 0x73, 0x20, 0x52, 0x65, 0x73, 0x65, 0x72, 0x76, 0x65, 0x64,
  0x2e, 0x20, 0x42, 0x69, 0x74, 0x73, 0x74, 0x72, 0x65, 0x61, 0x6d, 0x20,
  0x56, 0x65, 0x72, 0x61, 0x20, 0x69, 0x73, 0x20, 0x61, 0x20, 0x74, 0x72,
  0x61, 0x64, 0x65, 0x6d, 0x61, 0x72, 0x6b, 0x20, 0x6f, 0x66, 0x20, 0x42,
  0x69, 0x74, 0x73, 0x74, 0x72, 0x65, 0x61, 0x6d, 0x2c, 0x20, 0x49, 0x6e,
  0x63, 0x2e, 0x0a, 0x0a, 0x50, 0x65, 0x72, 0x6d, 0x69, 0x73, 0x73, 0x69,
  0x6f, 0x6e, 0x20, 0x69, 0x73, 0x20, 0x68, 0x65, 0x72, 0x65, 0x62, 0x79,
  0x20, 0x67, 0x72, 0x61, 0x6e, 0x74, 0x65, 0x64, 0x2c, 0x20, 0x66, 0x72,
  0x65, 0x65, 0x20, 0x6f, 0x66, 0x20, 0x63, 0x68, 0x61, 0x72, 0x67, 0x65,
  0x2c, 0x20, 0x74, 0x6f, 0x20, 0x61, 0x6e, 0x79, 0x20, 0x70, 0x65, 0x72,
  0x73, 0x6f, 0x6e, 0x20, 0x6f, 0x62, 0x74, 0x61, 0x69, 0x6e, 0x69, 0x6e,
  0x67, 0x20, 0x61, 0x20, 0x63, 0x6f, 0x70, 0x79, 0x20, 0x6f, 0x66, 0x20,
  0x74, 0x68, 0x65, 0x20, 0x66, 0x6f, 0x6e, 0x74, 0x73, 0x20, 0x61, 0x63,
  0x63, 0x6f, 0x6d, 0x70, 0x61, 0x6e, 0x79, 0x69, 0x6e, 0x67, 0x20, 0x74,
  0x68, 0x69, 0x73, 0x20, 0x6c, 0x69, 0x63, 0x65, 0x6e, 0x73, 0x65, 0x20,
  0x28, 0x22, 0x46, 0x6f, 0x6e, 0x74, 0x73, 0x22, 0x29, 0x20, 0x61, 0x6e,
  0x64, 0x20, 0x61, 0x73, 0x73, 0x6f, 0x63, 0x69, 0x61, 0x74, 0x65, 0x64,
  0x20, 0x64, 0x6f, 0x63, 0x75, 0x6d, 0x65, 0x6e, 0x74, 0x61, 0x74, 0x69,
  0x6f, 0x6e, 0x20, 0x66, 0x69, 0x6c, 0x65, 0x73, 0x20, 0x28, 0x74, 0x68,
  0x65, 0x20, 0x22, 0x46, 0x6f, 0x6e, 0x74, 0x20, 0x53, 0x6f, 0x66, 0x74,
  0x77, 0x61, 0x72, 0x65, 0x22, 0x29, 0x2c, 0x20, 0x74, 0x6f, 0x20, 0x72,
  0x65, 0x70, 0x72, 0x6f, 0x64, 0x75, 0x63, 0x65, 0x20, 0x61, 0x6e, 0x64,
  0x20, 0x64, 0x69, 0x73, 0x74, 0x72, 0x69, 0x62, 0x75, 0x74, 0x65, 0x20,
  0x74, 0x68, 0x65, 0x20, 0x46, 0x6f, 0x6e, 0x74, 0x20, 0x53, 0x6f, 0x66,
  0x74, 0x77, 0x61, 0x72, 0x65, 0x2c, 0x20, 0x69, 0x6e, 0x63, 0x6c, 0x75,
  0x64, 0x69, 0x6e, 0x67, 0x20, 0x77, 0x69, 0x74, 0x68, 0x6f, 0x75, 0x74,
  0x20, 0x6c, 0x69, 0x6d, 0x69, 0x74, 0x61, 0x74, 0x69, 0x6f, 0x6e, 0x20,
  0x74, 0x68, 0x65, 0x20, 0x72, 0x69, 0x67, 0x68, 0x74, 0x73, 0x20, 0x74,
  0x6f, 0x20, 0x75, 0x73, 0x65, 0x2c, 0x20, 0x63, 0x6f, 0x70, 0x79, 0x2c,
  0x20, 0x6d, 0x65, 0x72, 0x67, 0x65, 0x2c, 0x20, 0x70, 0x75, 0x62, 0x6c,
  0x69, 0x73, 0x68, 0x2c, 0x20, 0x64, 0x69, 0x73, 0x74, 0x72, 0x69, 0x62,
  0x75, 0x74, 0x65, 0x2c, 0x20, 0x61, 0x6e, 0x64, 0x2f, 0x6f, 0x72, 0x20,
  0x73, 0x65, 0x6c, 0x6c, 0x20, 0x63, 0x6f, 0x70, 0x69, 0x65, 0x73, 0x20,
  0x6f, 0x66, 0x20, 0x74, 0x68, 0x65, 0x20, 0x46, 0x6f, 0x6e, 0x74, 0x20,
  0x53, 0x6f, 0x66, 0x74, 0x77, 0x61, 0x72, 0x65, 0x2c, 0x20, 0x61, 0x6e,
  0x64, 0x20, 0x74, 0x6f, 0x20, 0x70, 0x65, 0x72, 0x6d, 0x69, 0x74, 0x20,
  0x70, 0x65, 0x72, 0x73, 0x6f, 0x6e, 0x73, 0x20, 0x74, 0x6f, 0x20, 0x77,
  0x68, 0x6f, 0x6d, 0x20, 0x74, 0x68, 0x65, 0x20, 0x46, 0x6f, 0x6e, 0x74,
  0x20, 0x53, 0x6f, 0x66, 0x74, 0x77, 0x61, 0x72, 0x65, 0x20, 0x69, 0x73,
  0x20, 0x66, 0x75, 0x72, 0x6e, 0x69, 0x73, 0x68, 0x65, 0x64, 0x20, 0x74,
  0x6f, 0x20, 0x64, 0x6f, 0x20, 0x73, 0x6f, 0x2c, 0x20, 0x73, 0x75, 0x62,
  0x6a, 0x65, 0x63, 0x74, 0x20, 0x74, 0x6f, 0x20, 0x74, 0x68, 0x65, 0x20,
  0x66, 0x6f, 0x6c, 0x6c, 0x6f, 0x77, 0x69, 0x6e, 0x67, 0x20, 0x63, 0x6f,
  0x6e, 0x64, 0x69, 0x74, 0x69, 0x6f, 0x6e, 0x73, 0x3a, 0x0a, 0x0a, 0x54,
  0x68, 0x65, 0x20, 0x61, 0x62, 0x6f, 0x76, 0x65, 0x20, 0x63, 0x6f, 0x70,
  0x79, 0x72, 0x69, 0x67, 0x68, 0x74, 0x20, 0x61, 0x6e, 0x64, 0x20, 0x74,
  0x72, 0x61, 0x64, 0x65, 0x6d, 0x61, 0x72, 0x6b, 0x20, 0x6e, 0x6f, 0x74,
  0x69, 0x63, 0x65, 0x73, 0x20, 0x61, 0x6e, 0x64, 0x20, 0x74, 0x68, 0x69,
  0x73, 0x20, 0x70, 0x65, 0x72, 0x6d, 0x69, 0x73, 0x73, 0x69, 0x6f, 0x6e,
  0x20, 0x6e, 0x6f, 0x74, 0x69, 0x63, 0x65, 0x20, 0x73, 0x68, 0x61, 0x6c,
  0x6c, 0x20, 0x62, 0x65, 0x20, 0x69, 0x6e, 0x63, 0x6c, 0x75, 0x64, 0x65,
  0x64, 0x20, 0x69, 0x6e, 0x20, 0x61, 0x6c, 0x6c, 0x20, 0x63, 0x6f, 0x70,
  0x69, 0x65, 0x73, 0x20, 0x6f, 0x66, 0x20, 0x6f, 0x6e, 0x65, 0x20, 0x6f,
  0x72, 0x20, 0x6d, 0x6f, 0x72, 0x65, 0x20, 0x6f, 0x66, 0x20, 0x74, 0x68,
  0x65, 0x20, 0x46, 0x6f, 0x6e, 0x74, 0x20, 0x53, 0x6f, 0x66, 0x74, 0x77,
  0x61, 0x72, 0x65, 0x20, 0x74, 0x79, 0x70, 0x65, 0x66, 0x61, 0x63, 0x65,
  0x73, 0x2e, 0x0a, 0x0a, 0x54, 0x68, 0x65, 0x20, 0x46, 0x6f, 0x6e, 0x74,
  0x20, 0x53, 0x6f, 0x66, 0x74, 0x77, 0x61, 0x72, 0x65, 0x20, 0x6d, 0x61,
  0x79, 0x20, 0x62, 0x65, 0x20, 0x6d, 0x6f, 0x64, 0x69, 0x66, 0x69, 0x65,
  0x64, 0x2c, 0x20, 0x61, 0x6c, 0x74, 0x65, 0x72, 0x65, 0x64, 0x2c, 0x20,
  0x6f, 0x72, 0x20, 0x61, 0x64, 0x64, 0x65, 0x64, 0x20, 0x74, 0x6f, 0x2c,
  0x20, 0x61, 0x6e, 0x64, 0x20, 0x69, 0x6e, 0x20, 0x70, 0x61, 0x72, 0x74,
  0x69, 0x63, 0x75, 0x6c, 0x61, 0x72, 0x20, 0x74, 0x68, 0x65, 0x20, 0x64,
  0x65, 0x73, 0x69, 0x67, 0x6e, 0x73, 0x20, 0x6f, 0x66, 0x20, 0x67, 0x6c,
  0x79, 0x70, 0x68, 0x73, 0x20, 0x6f, 0x72, 0x20, 0x63, 0x68, 0x61, 0x72,
  0x61, 0x63, 0x74, 0x65, 0x72, 0x73, 0x20, 0x69, 0x6e, 0x20, 0x74, 0x68,
  0x65, 0x20, 0x46, 0x6f, 0x6e, 0x74, 0x73, 0x20, 0x6d, 0x61, 0x79, 0x20,
  0x62, 0x65, 0x20, 0x6d, 0x6f, 0x64, 0x69, 0x66, 0x69, 0x65, 0x64, 0x20,
  0x61, 0x6e, 0x64, 0x20, 0x61, 0x64, 0x64, 0x69, 0x74, 0x69, 0x6f, 0x6e,
  0x61, 0x6c, 0x20, 0x67, 0x6c, 0x79, 0x70, 0x68, 0x73, 0x20, 0x6f, 0x72,
  0x20, 0x63, 0x68, 0x61, 0x72, 0x61, 0x63, 0x74, 0x65, 0x72, 0x73, 0x20,
  0x6d, 0x61, 0x79, 0x20, 0x62, 0x65, 0x20, 0x61, 0x64, 0x64, 0x65, 0x64,
  0x20, 0x74, 0x6f, 0x20, 0x74, 0x68, 0x65, 0x20, 0x46, 0x6f, 0x6e, 0x74,
  0x73, 0x2c, 0x20, 0x6f, 0x6e, 0x6c, 0x79, 0x20, 0x69, 0x66, 0x20, 0x74,
  0x68, 0x65, 0x20, 0x66, 0x6f, 0x6e, 0x74, 0x73, 0x20, 0x61, 0x72, 0x65,
  0x20, 0x72, 0x65, 0x6e, 0x61, 0x6d, 0x65, 0x64, 0x20, 0x74, 0x6f, 0x20,
  0x6e, 0x61, 0x6d, 0x65, 0x73, 0x20, 0x6e, 0x6f, 0x74, 0x20, 0x63, 0x6f,
  0x6e, 0x74, 0x61, 0x69, 0x6e, 0x69, 0x6e, 0x67, 0x20, 0x65, 0x69, 0x74,
  0x68, 0x65, 0x72, 0x20, 0x74, 0x68, 0x65, 0x20, 0x77, 0x6f, 0x72, 0x64,
  0x73, 0x20, 0x22, 0x42, 0x69, 0x74, 0x73, 0x74, 0x72, 0x65, 0x61, 0x6d,
  0x22, 0x20, 0x6f, 0x72, 0x20, 0x74, 0x68, 0x65, 0x20, 0x77, 0x6f, 0x72,
  0x64, 0x20, 0x22, 0x56, 0x65, 0x72, 0x61, 0x22, 0x2e, 0x0a, 0x0a, 0x54,
  0x68, 0x69, 0x73, 0x20, 0x4c, 0x69, 0x63, 0x65, 0x6e, 0x73, 0x65, 0x20,
  0x62, 0x65, 0x63, 0x6f, 0x6d, 0x65, 0x73, 0x20, 0x6e, 0x75, 0x6c, 0x6c,
  0x20, 0x61, 0x6e, 0x64, 0x20, 0x76, 0x6f, 0x69, 0x64, 0x20, 0x74, 0x6f,
  0x20, 0x74, 0x68, 0x65, 0x20, 0x65, 0x78, 0x74, 0x65, 0x6e, 0x74, 0x20,
  0x61, 0x70, 0x70, 0x6c, 0x69, 0x63, 0x61, 0x62, 0x6c, 0x65, 0x20, 0x74,
  0x6f, 0x20, 0x46, 0x6f, 0x6e, 0x74, 0x73, 0x20, 0x6f, 0x72, 0x20, 0x46,
  0x6f, 0x6e, 0x74, 0x20, 0x53, 0x6f, 0x66, 0x74, 0x77, 0x61, 0x72, 0x65,
  0x20, 0x74, 0x68, 0x61, 0x74, 0x20, 0x68, 0x61, 0x73, 0x20, 0x62, 0x65,
  0x65, 0x6e, 0x20, 0x6d, 0x6f, 0x64, 0x69, 0x66, 0x69, 0x65, 0x64, 0x20,
  0x61, 0x6e, 0x64, 0x20, 0x69, 0x73, 0x20, 0x64, 0x69, 0x73, 0x74, 0x72,
  0x69, 0x62, 0x75, 0x74, 0x65, 0x64, 0x20, 0x75, 0x6e, 0x64, 0x65, 0x72,
  0x20, 0x74, 0x68, 0x65, 0x20, 0x22, 0x42, 0x69, 0x74, 0x73, 0x74, 0x72,
  0x65, 0x61, 0x6d, 0x20, 0x56, 0x65, 0x72, 0x61, 0x22, 0x20, 0x6e, 0x61,
  0x6d, 0x65, 0x73, 0x2e, 0x0a, 0x0a, 0x54, 0x68, 0x65, 0x20, 0x46, 0x6f,
  0x6e, 0x74, 0x20, 0x53, 0x6f, 0x66, 0x74, 0x77, 0x61, 0x72, 0x65, 0x20,
  0x6d, 0x61, 0x79, 0x20, 0x62, 0x65, 0x20, 0x73, 0x6f, 0x6c, 0x64, 0x20,
  0x61, 0x73, 0x20, 0x70, 0x61, 0x72, 0x74, 0x20, 0x6f, 0x66, 0x20, 0x61,
  0x20, 0x6c, 0x61, 0x72, 0x67, 0x65, 0x72, 0x20, 0x73, 0x6f, 0x66, 0x74,
  0x77, 0x61, 0x72, 0x65, 0x20, 0x70, 0x61, 0x63, 0x6b, 0x61, 0x67, 0x65,
  0x20, 0x62, 0x75, 0x74, 0x20, 0x6e, 0x6f, 0x20, 0x63, 0x6f, 0x70, 0x79,
  0x20, 0x6f, 0x66, 0x20, 0x6f, 0x6e, 0x65, 0x20, 0x6f, 0x72, 0x20, 0x6d,
  0x6f, 0x72, 0x65, 0x20, 0x6f, 0x66, 0x20, 0x74, 0x68, 0x65, 0x20, 0x46,
  0x6f, 0x6e, 0x74, 0x20, 0x53, 0x6f, 0x66, 0x74, 0x77, 0x61, 0x72, 0x65,
  0x20, 0x74, 0x79, 0x70, 0x65, 0x66, 0x61, 0x63, 0x65, 0x73, 0x20, 0x6d,
  0x61, 0x79, 0x20, 0x62, 0x65, 0x20, 0x73, 0x6f, 0x6c, 0x64, 0x20, 0x62,
  0x79, 0x20, 0x69, 0x74, 0x73, 0x65, 0x6c, 0x66, 0x2e, 0x0a, 0x0a, 0x54,
  0x48, 0x45, 0x20, 0x46, 0x4f, 0x4e, 0x54, 0x20, 0x53, 0x4f, 0x46, 0x54,
  0x57, 0x41, 0x52, 0x45, 0x20, 0x49, 0x53, 0x20, 0x50, 0x52, 0x4f, 0x56,
  0x49, 0x44, 0x45, 0x44, 0x20, 0x22, 0x41, 0x53, 0x20, 0x49, 0x53, 0x22,
  0x2c, 0x20, 0x57, 0x49, 0x54, 0x48, 0x4f, 0x55, 0x54, 0x20, 0x57, 0x41,
  0x52, 0x52, 0x41, 0x4e, 0x54, 0x59, 0x20, 0x4f, 0x46, 0x20, 0x41, 0x4e,
  0x59, 0x20, 0x4b, 0x49, 0x4e, 0x44, 0x2c, 0x20, 0x45, 0x58, 0x50, 0x52,
  0x45, 0x53, 0x53, 0x20, 0x4f, 0x52, 0x20, 0x49, 0x4d, 0x50, 0x4c, 0x49,
  0x45, 0x44, 0x2c, 0x20, 0x49, 0x4e, 0x43, 0x4c, 0x55, 0x44, 0x49, 0x4e,
  0x47, 0x20, 0x42, 0x55, 0x54, 0x20, 0x4e, 0x4f, 0x54, 0x20, 0x4c, 0x49,
  0x4d, 0x49, 0x54, 0x45, 0x44, 0x20, 0x54, 0x4f, 0x20, 0x41, 0x4e, 0x59,
  0x20, 0x57, 0x41, 0x52, 0x52, 0x41, 0x4e, 0x54, 0x49, 0x45, 0x53, 0x20,
  0x4f, 0x46, 0x20, 0x4d, 0x45, 0x52, 0x43, 0x48, 0x41, 0x4e, 0x54, 0x41,
  0x42, 0x49, 0x4c, 0x49, 0x54, 0x59, 0x2c, 0x20, 0x46, 0x49, 0x54, 0x4e,
  0x45, 0x53, 0x53, 0x20, 0x46, 0x4f, 0x52, 0x20, 0x41, 0x20, 0x50, 0x41,
  0x52, 0x54, 0x49, 0x43, 0x55, 0x4c, 0x41, 0x52, 0x20, 0x50, 0x55, 0x52,
  0x50, 0x4f, 0x53, 0x45, 0x20, 0x41, 0x4e, 0x44, 0x20, 0x4e, 0x4f, 0x4e,
  0x49, 0x4e, 0x46, 0x52, 0x49, 0x4e, 0x47, 0x45, 0x4d, 0x45, 0x4e, 0x54,
  0x20, 0x4f, 0x46, 0x20, 0x43, 0x4f, 0x50, 0x59, 0x52, 0x49, 0x47, 0x48,
  0x54, 0x2c, 0x20, 0x50, 0x41, 0x54, 0x45, 0x4e, 0x54, 0x2c, 0x20, 0x54,
  0x52, 0x41, 0x44, 0x45, 0x4d, 0x41, 0x52, 0x4b, 0x2c, 0x20, 0x4f, 0x52,
  0x20, 0x4f, 0x54, 0x48, 0x45, 0x52, 0x20, 0x52, 0x49, 0x47, 0x48, 0x54,
  0x2e, 0x20, 0x49, 0x4e, 0x20, 0x4e, 0x4f, 0x20, 0x45, 0x56, 0x45, 0x4e,
  0x54, 0x20, 0x53, 0x48, 0x41, 0x4c, 0x4c, 0x20, 0x42, 0x49, 0x54, 0x53,
  0x54, 0x52, 0x45, 0x41, 0x4d, 0x20, 0x4f, 0x52, 0x20, 0x54, 0x48, 0x45,
  0x20, 0x47, 0x4e, 0x4f, 0x4d, 0x45, 0x20, 0x46, 0x4f, 0x55, 0x4e, 0x44,
  0x41, 0x54, 0x49, 0x4f, 0x4e, 0x20, 0x42, 0x45, 0x20, 0x4c, 0x49, 0x41,
  0x42, 0x4c, 0x45, 0x20, 0x46, 0x4f, 0x52, 0x20, 0x41, 0x4e, 0x59, 0x20,
  0x43, 0x4c, 0x41, 0x49, 0x4d, 0x2c, 0x20, 0x44, 0x41, 0x4d, 0x41, 0x47,
  0x45, 0x53, 0x20, 0x4f, 0x52, 0x20, 0x4f, 0x54, 0x48, 0x45, 0x52, 0x20,
  0x4c, 0x49, 0x41, 0x42, 0x49, 0x4c, 0x49, 0x54, 0x59, 0x2c, 0x20, 0x49,
  0x4e, 0x43, 0x4c, 0x55, 0x44, 0x49, 0x4e, 0x47, 0x20, 0x41, 0x4e, 0x59,
  0x20, 0x47, 0x45, 0x4e, 0x45, 0x52, 0x41, 0x4c, 0x2c, 0x20, 0x53, 0x50,
  0x45, 0x43, 0x49, 0x41, 0x4c, 0x2c, 0x20, 0x49, 0x4e, 0x44, 0x49, 0x52,
  0x45, 0x43, 0x54, 0x2c, 0x20, 0x49, 0x4e, 0x43, 0x49, 0x44, 0x45, 0x4e,
  0x54, 0x41, 0x4c, 0x2c, 0x20, 0x4f, 0x52, 0x20, 0x43, 0x4f, 0x4e, 0x53,
  0x45, 0x51, 0x55, 0x45, 0x4e, 0x54, 0x49, 0x41, 0x4c, 0x20, 0x44, 0x41,
  0x4d, 0x41, 0x47, 0x45, 0x53, 0x2c, 0x20, 0x57, 0x48, 0x45, 0x54, 0x48,
  0x45, 0x52, 0x20, 0x49, 0x4e, 0x20, 0x41, 0x4e, 0x20, 0x41, 0x43, 0x54,
  0x49, 0x4f, 0x4e, 0x20, 0x4f, 0x46, 0x20, 0x43, 0x4f, 0x4e, 0x54, 0x52,
  0x41, 0x43, 0x54, 0x2c, 0x20, 0x54, 0x4f, 0x52, 0x54, 0x20, 0x4f, 0x52,
  0x20, 0x4f, 0x54, 0x48, 0x45, 0x52, 0x57, 0x49, 0x53, 0x45, 0x2c, 0x20,
  0x41, 0x52, 0x49, 0x53, 0x49, 0x4e, 0x47, 0x20, 0x46, 0x52, 0x4f, 0x4d,
  0x2c, 0x20, 0x4f, 0x55, 0x54, 0x20, 0x4f, 0x46, 0x20, 0x54, 0x48, 0x45,
  0x20, 0x55, 0x53, 0x45, 0x20, 0x4f, 0x52, 0x20, 0x49, 0x4e, 0x41, 0x42,
  0x49, 0x4c, 0x49, 0x54, 0x59, 0x20, 0x54, 0x4f, 0x20, 0x55, 0x53, 0x45,
  0x20, 0x54, 0x48, 0x45, 0x20, 0x46, 0x4f, 0x4e, 0x54, 0x20, 0x53, 0x4f,
  0x46, 0x54, 0x57, 0x41, 0x52, 0x45, 0x20, 0x4f, 0x52, 0x20, 0x46, 0x52,
  0x4f, 0x4d, 0x20, 0x4f, 0x54, 0x48, 0x45, 0x52, 0x20, 0x44, 0x45, 0x41,
  0x4c, 0x49, 0x4e, 0x47, 0x53, 0x20, 0x49, 0x4e, 0x20, 0x54, 0x48, 0x45,
  0x20, 0x46, 0x4f, 0x4e, 0x54, 0x20, 0x53, 0x4f, 0x46, 0x54, 0x57, 0x41,
  0x52, 0x45, 0x2e, 0x0a, 0x0a, 0x45, 0x78, 0x63, 0x65, 0x70, 0x74, 0x20,
  0x61, 0x73, 0x20, 0x63, 0x6f, 0x6e, 0x74, 0x61, 0x69, 0x6e, 0x65, 0x64,
  0x20, 0x69, 0x6e, 0x20, 0x74, 0x68, 0x69, 0x73, 0x20, 0x6e, 0x6f, 0x74,
  0x69, 0x63, 0x65, 0x2c, 0x20, 0x74, 0x68, 0x65, 0x20, 0x6e, 0x61, 0x6d,
  0x65, 0x73, 0x20, 0x6f, 0x66, 0x20, 0x47, 0x6e, 0x6f, 0x6d, 0x65, 0x2c,
  0x20, 0x74, 0x68, 0x65, 0x20, 0x47, 0x6e, 0x6f, 0x6d, 0x65, 0x20, 0x46,
  0x6f, 0x75, 0x6e, 0x64, 0x61, 0x74, 0x69, 0x6f, 0x6e, 0x2c, 0x20, 0x61,
  0x6e, 0x64, 0x20, 0x42, 0x69, 0x74, 0x73, 0x74, 0x72, 0x65, 0x61, 0x6d,
  0x20, 0x49, 0x6e, 0x63, 0x2e, 0x2c, 0x20, 0x73, 0x68, 0x61, 0x6c, 0x6c,
  0x20, 0x6e, 0x6f, 0x74, 0x20, 0x62, 0x65, 0x20, 0x75, 0x73, 0x65, 0x64,
  0x20, 0x69, 0x6e, 0x20, 0x61, 0x64, 0x76, 0x65, 0x72, 0x74, 0x69, 0x73,
  0x69, 0x6e, 0x67, 0x20, 0x6f, 0x72, 0x20, 0x6f, 0x74, 0x68, 0x65, 0x72,
  0x77, 0x69, 0x73, 0x65, 0x20, 0x74, 0x6f, 0x20, 0x70, 0x72, 0x6f, 0x6d,
  0x6f, 0x74, 0x65, 0x20, 0x74, 0x68, 0x65, 0x20, 0x73, 0x61, 0x6c, 0x65,
  0x2c, 0x20, 0x75, 0x73, 0x65, 0x20, 0x6f, 0x72, 0x20, 0x6f, 0x74, 0x68,
  0x65, 0x72, 0x20, 0x64, 0x65, 0x61, 0x6c, 0x69, 0x6e, 0x67, 0x73, 0x20,
  0x69, 0x6e, 0x20, 0x74, 0x68, 0x69, 0x73, 0x20, 0x46, 0x6f, 0x6e, 0x74,
  0x20, 0x53, 0x6f, 0x66, 0x74, 0x77, 0x61, 0x72, 0x65, 0x20, 0x77, 0x69,
  0x74, 0x68, 0x6f, 0x75, 0x74, 0x20, 0x70, 0x72, 0x69, 0x6f, 0x72, 0x20,
  0x77, 0x72, 0x69, 0x74, 0x74, 0x65, 0x6e, 0x20, 0x61, 0x75, 0x74, 0x68,
  0x6f, 0x72, 0x69, 0x7a, 0x61, 0x74, 0x69, 0x6f, 0x6e, 0x20, 0x66, 0x72,
  0x6f, 0x6d, 0x20, 0x74, 0x68, 0x65, 0x20, 0x47, 0x6e, 0x6f, 0x6d, 0x65,
  0x20, 0x46, 0x6f, 0x75, 0x6e, 0x64, 0x61, 0x74, 0x69, 0x6f, 0x6e, 0x20,
  0x6f, 0x72, 0x20, 0x42, 0x69, 0x74, 0x73, 0x74, 0x72, 0x65, 0x61, 0x6d,
  0x20, 0x49, 0x6e, 0x63, 0x2e, 0x2c, 0x20, 0x72, 0x65, 0x73, 0x70, 0x65,
  0x63, 0x74, 0x69, 0x76, 0x65, 0x6c, 0x79, 0x2e, 0x20, 0x46, 0x6f, 0x72,
  0x20, 0x66, 0x75, 0x72, 0x74, 0x68, 0x65, 0x72, 0x20, 0x69, 0x6e, 0x66,
  0x6f, 0x72, 0x6d, 0x61, 0x74, 0x69, 0x6f, 0x6e, 0x2c, 0x20, 0x63, 0x6f,
  0x6e, 0x74, 0x61, 0x63, 0x74, 0x3a, 0x20, 0x66, 0x6f, 0x6e, 0x74, 0x73,
  0x20, 0x61, 0x74, 0x20, 0x67, 0x6e, 0x6f, 0x6d, 0x65, 0x20, 0x64, 0x6f,
  0x74, 0x20, 0x6f, 0x72, 0x67, 0x2e, 0x00, 0x00, 0x68, 0x00, 0x74, 0x00,
  0x74, 0x00, 0x70, 0x00, 0x73, 0x00, 0x3a, 0x00, 0x2f, 0x00, 0x2f, 0x00,
  0x67, 0x00, 0x69, 0x00, 0x74, 0x00, 0x68, 0x00, 0x75, 0x00, 0x62, 0x00,
  0x2e, 0x00, 0x63, 0x00, 0x6f, 0x00, 0x6d, 0x00, 0x2f, 0x00, 0x73, 0x00,
  0x6f, 0x00, 0x75, 0x00, 0x72, 0x00, 0x63, 0x00, 0x65, 0x00, 0x2d, 0x00,
  0x66, 0x00, 0x6f, 0x00, 0x75, 0x00, 0x6e, 0x00, 0x64, 0x00, 0x72, 0x00,
  0x79, 0x00, 0x2f, 0x00, 0x48, 0x00, 0x61, 0x00, 0x63, 0x00, 0x6b, 0x00,
  0x2f, 0x00, 0x62, 0x00, 0x6c, 0x00, 0x6f, 0x00, 0x62, 0x00, 0x2f, 0x00,
  0x6d, 0x00, 0x61, 0x00, 0x73, 0x00, 0x74, 0x00, 0x65, 0x00, 0x72, 0x00,
  0x2f, 0x00, 0x4c, 0x00, 0x49, 0x00, 0x43, 0x00, 0x45, 0x00, 0x4e, 0x00,
  0x53, 0x00, 0x45, 0x00, 0x2e, 0x00, 0x6d, 0x00, 0x64, 0x00, 0x00, 0x68,
  0x74, 0x74, 0x70, 0x73, 0x3a, 0x2f, 0x2f, 0x67, 0x69, 0x74, 0x68, 0x75,
  0x62, 0x2e, 0x63, 0x6f, 0x6d, 0x2f, 0x73, 0x6f, 0x75, 0x72, 0x63, 0x65,
  0x2d, 0x66, 0x6f, 0x75, 0x6e, 0x64, 0x72, 0x79, 0x2f, 0x48, 0x61, 0x63,
  0x6b, 0x2f, 0x62, 0x6c, 0x6f, 0x62, 0x2f, 0x6d, 0x61, 0x73, 0x74, 0x65,
  0x72, 0x2f, 0x4c, 0x49, 0x43, 0x45, 0x4e, 0x53, 0x45, 0x2e, 0x6d, 0x64,
  0x00, 0x00, 0x00, 0x00, 0x00, 0x02, 0x00, 0x00, 0x00, 0x00, 0x00, 0x00,
  0xff, 0x24, 0x00, 0x5a, 0x00, 0x00, 0x00, 0x00, 0x00, 0x00, 0x00, 0x00,
  0x00, 0x00, 0x00, 0x00, 0x00, 0x00, 0x00, 0x00, 0x00, 0x00, 0x00, 0x00,
  0x00, 0x97, 0x00, 0x00, 0x01, 0x02, 0x01, 0x03, 0x01, 0x04, 0x01, 0x05,
  0x01, 0x06, 0x01, 0x07, 0x01, 0x08, 0x01, 0x09, 0x01, 0x0a, 0x01, 0x0b,
  0x01, 0x0c, 0x01, 0x0d, 0x01, 0x0e, 0x01, 0x0f, 0x01, 0x10, 0x01, 0x11,
  0x01, 0x12, 0x01, 0x13, 0x01, 0x14, 0x01, 0x15, 0x01, 0x16, 0x01, 0x17,
  0x01, 0x18, 0x01, 0x19, 0x01, 0x1a, 0x01, 0x1b, 0x01, 0x1c, 0x01, 0x1d,
  0x01, 0x1e, 0x01, 0x1f, 0x01, 0x20, 0x01, 0x21, 0x01, 0x22, 0x01, 0x23,
  0x01, 0x24, 0x01, 0x25, 0x01, 0x26, 0x01, 0x27, 0x01, 0x28, 0x01, 0x29,
  0x01, 0x2a, 0x01, 0x2b, 0x01, 0x2c, 0x01, 0x2d, 0x01, 0x2e, 0x01, 0x2f,
  0x01, 0x30, 0x01, 0x31, 0x01, 0x32, 0x01, 0x33, 0x01, 0x34, 0x01, 0x35,
  0x01, 0x36, 0x01, 0x37, 0x01, 0x38, 0x01, 0x39, 0x01, 0x3a, 0x01, 0x3b,
  0x01, 0x3c, 0x01, 0x3d, 0x01, 0x3e, 0x01, 0x3f, 0x01, 0x40, 0x01, 0x41,
  0x01, 0x42, 0x01, 0x43, 0x01, 0x44, 0x01, 0x45, 0x01, 0x46, 0x01, 0x47,
  0x01, 0x48, 0x01, 0x49, 0x01, 0x4a, 0x01, 0x4b, 0x01, 0x4c, 0x01, 0x4d,
  0x01, 0x4e, 0x01, 0x4f, 0x01, 0x50, 0x01, 0x51, 0x01, 0x52, 0x01, 0x53,
  0x01, 0x54, 0x01, 0x55, 0x01, 0x56, 0x01, 0x57, 0x01, 0x58, 0x01, 0x59,
  0x01, 0x5a, 0x01, 0x5b, 0x01, 0x5c, 0x01, 0x5d, 0x01, 0x5e, 0x01, 0x5f,
  0x01, 0x60, 0x01, 0x61, 0x01, 0x62, 0x01, 0x63, 0x01, 0x64, 0x01, 0x65,
  0x01, 0x66, 0x00, 0xc3, 0x01, 0x67, 0x01, 0x68, 0x01, 0x69, 0x01, 0x6a,
  0x01, 0x6b, 0x01, 0x6c, 0x01, 0x6d, 0x01, 0x6e, 0x01, 0x6f, 0x01, 0x70,
  0x01, 0x71, 0x01, 0x72, 0x01, 0x73, 0x01, 0x74, 0x01, 0x75, 0x01, 0x76,
  0x01, 0x77, 0x01, 0x78, 0x01, 0x79, 0x01, 0x7a, 0x01, 0x7b, 0x01, 0x7c,
  0x01, 0x7d, 0x01, 0x7e, 0x01, 0x7f, 0x01, 0x80, 0x01, 0x81, 0x01, 0x82,
  0x01, 0x83, 0x01, 0x84, 0x01, 0x85, 0x01, 0x86, 0x01, 0x87, 0x01, 0x88,
  0x01, 0x89, 0x01, 0x8a, 0x01, 0x8b, 0x01, 0x8c, 0x01, 0x8d, 0x01, 0x8e,
  0x01, 0x8f, 0x01, 0x90, 0x01, 0x91, 0x01, 0x92, 0x01, 0x93, 0x01, 0x94,
  0x01, 0x95, 0x01, 0x96, 0x07, 0x75, 0x6e, 0x69, 0x30, 0x30, 0x30, 0x30,
  0x07, 0x75, 0x6e, 0x69, 0x30, 0x30, 0x30, 0x44, 0x07, 0x75, 0x6e, 0x69,
  0x30, 0x30, 0x32, 0x30, 0x07, 0x75, 0x6e, 0x69, 0x30, 0x30, 0x32, 0x31,
  0x07, 0x75, 0x6e, 0x69, 0x30, 0x30, 0x32, 0x32, 0x07, 0x75, 0x6e, 0x69,
  0x30, 0x30, 0x32, 0x33, 0x07, 0x75, 0x6e, 0x69, 0x30, 0x30, 0x32, 0x34,
  0x07, 0x75, 0x6e, 0x69, 0x30, 0x30, 0x32, 0x35, 0x07, 0x75, 0x6e, 0x69,
  0x30, 0x30, 0x32, 0x36, 0x07, 0x75, 0x6e, 0x69, 0x30, 0x30, 0x32, 0x37,
  0x07, 0x75, 0x6e, 0x69, 0x30, 0x30, 0x32, 0x38, 0x07, 0x75, 0x6e, 0x69,
  0x30, 0x30, 0x32, 0x39, 0x07, 0x75, 0x6e, 0x69, 0x30, 0x30, 0x32, 0x41,
  0x07, 0x75, 0x6e, 0x69, 0x30, 0x30, 0x32, 0x42, 0x07, 0x75, 0x6e, 0x69,
  0x30, 0x30, 0x32, 0x43, 0x07, 0x75, 0x6e, 0x69, 0x30, 0x30, 0x32, 0x44,
  0x07, 0x75, 0x6e, 0x69, 0x30, 0x30, 0x32, 0x45, 0x07, 0x75, 0x6e, 0x69,
  0x30, 0x30, 0x32, 0x46, 0x07, 0x75, 0x6e, 0x69, 0x30, 0x30, 0x33, 0x30,
  0x07, 0x75, 0x6e, 0x69, 0x30, 0x30, 0x33, 0x31, 0x07, 0x75, 0x6e, 0x69,
  0x30, 0x30, 0x33, 0x32, 0x07, 0x75, 0x6e, 0x69, 0x30, 0x30, 0x33, 0x33,
  0x07, 0x75, 0x6e, 0x69, 0x30, 0x30, 0x33, 0x34, 0x07, 0x75, 0x6e, 0x69,
  0x30, 0x30, 0x33, 0x35, 0x07, 0x75, 0x6e, 0x69, 0x30, 0x30, 0x33, 0x36,
  0x07, 0x75, 0x6e, 0x69, 0x30, 0x30, 0x33, 0x37, 0x07, 0x75, 0x6e, 0x69,
  0x30, 0x30, 0x33, 0x38, 0x07, 0x75, 0x6e, 0x69, 0x30, 0x30, 0x33, 0x39,
  0x07, 0x75, 0x6e, 0x69, 0x30, 0x30, 0x33, 0x41, 0x07, 0x75, 0x6e, 0x69,
  0x30, 0x30, 0x33, 0x42, 0x07, 0x75, 0x6e, 0x69, 0x30, 0x30, 0x33, 0x43,
  0x07, 0x75, 0x6e, 0x69, 0x30, 0x30, 0x33, 0x44, 0x07, 0x75, 0x6e, 0x69,
  0x30, 0x30, 0x33, 0x45, 0x07, 0x75, 0x6e, 0x69, 0x30, 0x30, 0x33, 0x46,
  0x07, 0x75, 0x6e, 0x69, 0x30, 0x30, 0x34, 0x30, 0x07, 0x75, 0x6e, 0x69,
  0x30, 0x30, 0x34, 0x31, 0x07, 0x75, 0x6e, 0x69, 0x30, 0x30, 0x34, 0x32,
  0x07, 0x75, 0x6e, 0x69, 0x30, 0x30, 0x34, 0x33, 0x07, 0x75, 0x6e, 0x69,
  0x30, 0x30, 0x34, 0x34, 0x07, 0x75, 0x6e, 0x69, 0x30, 0x30, 0x34, 0x35,
  0x07, 0x75, 0x6e, 0x69, 0x30, 0x30, 0x34, 0x36, 0x07, 0x75, 0x6e, 0x69,
  0x30, 0x30, 0x34, 0x37, 0x07, 0x75, 0x6e, 0x69, 0x30, 0x30, 0x34, 0x38,
  0x07, 0x75, 0x6e, 0x69, 0x30, 0x30, 0x34, 0x39, 0x07, 0x75, 0x6e, 0x69,
  0x30, 0x30, 0x34, 0x41, 0x07, 0x75, 0x6e, 0x69, 0x30, 0x30, 0x34, 0x42,
  0x07, 0x75, 0x6e, 0x69, 0x30, 0x30, 0x34, 0x43, 0x07, 0x75, 0x6e, 0x69,
  0x30, 0x30, 0x34, 0x44, 0x07, 0x75, 0x6e, 0x69, 0x30, 0x30, 0x34, 0x45,
  0x07, 0x75, 0x6e, 0x69, 0x30, 0x30, 0x34, 0x46, 0x07, 0x75, 0x6e, 0x69,
  0x30, 0x30, 0x35, 0x30, 0x07, 0x75, 0x6e, 0x69, 0x30, 0x30, 0x35, 0x31,
  0x07, 0x75, 0x6e, 0x69, 0x30, 0x30, 0x35, 0x32, 0x07, 0x75, 0x6e, 0x69,
  0x30, 0x30, 0x35, 0x33, 0x07, 0x75, 0x6e, 0x69, 0x30, 0x30, 0x35, 0x34,
  0x07, 0x75, 0x6e, 0x69, 0x30, 0x30, 0x35, 0x35, 0x07, 0x75, 0x6e, 0x69,
  0x30, 0x30, 0x35, 0x36, 0x07, 0x75, 0x6e, 0x69, 0x30, 0x30, 0x35, 0x37,
  0x07, 0x75, 0x6e, 0x69, 0x30, 0x30, 0x35, 0x38, 0x07, 0x75, 0x6e, 0x69,
  0x30, 0x30, 0x35, 0x39, 0x07, 0x75, 0x6e, 0x69, 0x30, 0x30, 0x35, 0x41,
  0x07, 0x75, 0x6e, 0x69, 0x30, 0x30, 0x35, 0x42, 0x07, 0x75, 0x6e, 0x69,
  0x30, 0x30, 0x35, 0x43, 0x07, 0x75, 0x6e, 0x69, 0x30, 0x30, 0x35, 0x44,
  0x07, 0x75, 0x6e, 0x69, 0x30, 0x30, 0x35, 0x45, 0x07, 0x75, 0x6e, 0x69,
  0x30, 0x30, 0x35, 0x46, 0x07, 0x75, 0x6e, 0x69, 0x30, 0x30, 0x36, 0x30,
  0x07, 0x75, 0x6e, 0x69, 0x30, 0x30, 0x36, 0x31, 0x07, 0x75, 0x6e, 0x69,
  0x30, 0x30, 0x36, 0x32, 0x07, 0x75, 0x6e, 0x69, 0x30, 0x30, 0x36, 0x33,
  0x07, 0x75, 0x6e, 0x69, 0x30, 0x30, 0x36, 0x34, 0x07, 0x75, 0x6e, 0x69,
  0x30, 0x30, 0x36, 0x35, 0x07, 0x75, 0x6e, 0x69, 0x30, 0x30, 0x36, 0x36,
  0x07, 0x75, 0x6e, 0x69, 0x30, 0x30, 0x36, 0x37, 0x07, 0x75, 0x6e, 0x69,
  0x30, 0x30, 0x36, 0x38, 0x07, 0x75, 0x6e, 0x69, 0x30, 0x30, 0x36, 0x39,
  0x07, 0x75, 0x6e, 0x69, 0x30, 0x30, 0x36, 0x41, 0x07, 0x75, 0x6e, 0x69,
  0x30, 0x30, 0x36, 0x42, 0x07, 0x75, 0x6e, 0x69, 0x30, 0x30, 0x36, 0x43,
  0x07, 0x75, 0x6e, 0x69, 0x30, 0x30, 0x36, 0x44, 0x07, 0x75, 0x6e, 0x69,
  0x30, 0x30, 0x36, 0x45, 0x07, 0x75, 0x6e, 0x69, 0x30, 0x30, 0x36, 0x46,
  0x07, 0x75, 0x6e, 0x69, 0x30, 0x30, 0x37, 0x30, 0x07, 0x75, 0x6e, 0x69,
  0x30, 0x30, 0x37, 0x31, 0x07, 0x75, 0x6e, 0x69, 0x30, 0x30, 0x37, 0x32,
  0x07, 0x75, 0x6e, 0x69, 0x30, 0x30, 0x37, 0x33, 0x07, 0x75, 0x6e, 0x69,
  0x30, 0x30, 0x37, 0x34, 0x07, 0x75, 0x6e, 0x69, 0x30, 0x30, 0x37, 0x35,
  0x07, 0x75, 0x6e, 0x69, 0x30, 0x30, 0x37, 0x36, 0x07, 0x75, 0x6e, 0x69,
  0x30, 0x30, 0x37, 0x37, 0x07, 0x75, 0x6e, 0x69, 0x30, 0x30, 0x37, 0x38,
  0x07, 0x75, 0x6e, 0x69, 0x30, 0x30, 0x37, 0x39, 0x07, 0x75, 0x6e, 0x69,
  0x30, 0x30, 0x37, 0x41, 0x07, 0x75, 0x6e, 0x69, 0x30, 0x30, 0x37, 0x42,
  0x07, 0x75, 0x6e, 0x69, 0x30, 0x30, 0x37, 0x43, 0x07, 0x75, 0x6e, 0x69,
  0x30, 0x30, 0x37, 0x44, 0x07, 0x75, 0x6e, 0x69, 0x30, 0x30, 0x37, 0x45,
  0x07, 0x75, 0x6e, 0x69, 0x30, 0x30, 0x41, 0x30, 0x07, 0x75, 0x6e, 0x69,
  0x30, 0x30, 0x41, 0x33, 0x07, 0x75, 0x6e, 0x69, 0x30, 0x30, 0x42, 0x30,
  0x07, 0x75, 0x6e, 0x69, 0x30, 0x30, 0x42, 0x31, 0x07, 0x75, 0x6e, 0x69,
  0x30, 0x33, 0x43, 0x30, 0x07, 0x75, 0x6e, 0x69, 0x32, 0x32, 0x36, 0x30,
  0x07, 0x75, 0x6e, 0x69, 0x32, 0x32, 0x36, 0x34, 0x07, 0x75, 0x6e, 0x69,
  0x32, 0x32, 0x36, 0x35, 0x07, 0x75, 0x6e, 0x69, 0x32, 0x33, 0x39, 0x42,
  0x07, 0x75, 0x6e, 0x69, 0x32, 0x33, 0x39, 0x43, 0x07, 0x75, 0x6e, 0x69,
  0x32, 0x33, 0x39, 0x44, 0x07, 0x75, 0x6e, 0x69, 0x32, 0x33, 0x39, 0x45,
  0x07, 0x75, 0x6e, 0x69, 0x32, 0x33, 0x39, 0x46, 0x07, 0x75, 0x6e, 0x69,
  0x32, 0x33, 0x41, 0x30, 0x07, 0x75, 0x6e, 0x69, 0x32, 0x33, 0x41, 0x31,
  0x07, 0x75, 0x6e, 0x69, 0x32, 0x33, 0x41, 0x32, 0x07, 0x75, 0x6e, 0x69,
  0x32, 0x33, 0x41, 0x33, 0x07, 0x75, 0x6e, 0x69, 0x32, 0x33, 0x41, 0x34,
  0x07, 0x75, 0x6e, 0x69, 0x32, 0x33, 0x41, 0x35, 0x07, 0x75, 0x6e, 0x69,
  0x32, 0x33, 0x41, 0x36, 0x07, 0x75, 0x6e, 0x69, 0x32, 0x33, 0x41, 0x37,
  0x07, 0x75, 0x6e, 0x69, 0x32, 0x33, 0x41, 0x38, 0x07, 0x75, 0x6e, 0x69,
  0x32, 0x33, 0x41, 0x39, 0x07, 0x75, 0x6e, 0x69, 0x32, 0x33, 0x41, 0x41,
  0x07, 0x75, 0x6e, 0x69, 0x32, 0x33, 0x41, 0x42, 0x07, 0x75, 0x6e, 0x69,
  0x32, 0x33, 0x41, 0x43, 0x07, 0x75, 0x6e, 0x69, 0x32, 0x33, 0x41, 0x44,
  0x07, 0x75, 0x6e, 0x69, 0x32, 0x33, 0x41, 0x45, 0x07, 0x75, 0x6e, 0x69,
  0x32, 0x33, 0x42, 0x41, 0x07, 0x75, 0x6e, 0x69, 0x32, 0x33, 0x42, 0x42,
  0x07, 0x75, 0x6e, 0x69, 0x32, 0x33, 0x42, 0x43, 0x07, 0x75, 0x6e, 0x69,
  0x32, 0x33, 0x42, 0x44, 0x07, 0x75, 0x6e, 0x69, 0x32, 0x34, 0x30, 0x39,
  0x07, 0x75, 0x6e, 0x69, 0x32, 0x34, 0x30, 0x41, 0x07, 0x75, 0x6e, 0x69,
  0x32, 0x34, 0x30, 0x42, 0x07, 0x75, 0x6e, 0x69, 0x32, 0x34, 0x30, 0x43,
  0x07, 0x75, 0x6e, 0x69, 0x32, 0x34, 0x30, 0x44, 0x07, 0x75, 0x6e, 0x69,
  0x32, 0x34, 0x32, 0x34, 0x07, 0x75, 0x6e, 0x69, 0x32, 0x35, 0x30, 0x30,
  0x07, 0x75, 0x6e, 0x69, 0x32, 0x35, 0x30, 0x32, 0x07, 0x75, 0x6e, 0x69,
  0x32, 0x35, 0x30, 0x43, 0x07, 0x75, 0x6e, 0x69, 0x32, 0x35, 0x31, 0x30,
  0x07, 0x75, 0x6e, 0x69, 0x32, 0x35, 0x31, 0x34, 0x07, 0x75, 0x6e, 0x69,
  0x32, 0x35, 0x31, 0x38, 0x07, 0x75, 0x6e, 0x69, 0x32, 0x35, 0x31, 0x43,
  0x07, 0x75, 0x6e, 0x69, 0x32, 0x35, 0x32, 0x34, 0x07, 0x75, 0x6e, 0x69,
  0x32, 0x35, 0x32, 0x43, 0x07, 0x75, 0x6e, 0x69, 0x32, 0x35, 0x33, 0x34,
  0x07, 0x75, 0x6e, 0x69, 0x32, 0x35, 0x33, 0x43, 0x07, 0x75, 0x6e, 0x69,
  0x32, 0x35, 0x39, 0x32, 0x07, 0x75, 0x6e, 0x69, 0x32, 0x35, 0x43, 0x36,
  0x07, 0x75, 0x6e, 0x69, 0x46, 0x45, 0x46, 0x46, 0x00, 0x01, 0x00, 0x01,
  0xff, 0xff, 0x00, 0x0f, 0x00, 0x01, 0x00, 0x00, 0x00, 0x0c, 0x00, 0x00,
  0x00, 0x1c, 0x00, 0x24, 0x00, 0x02, 0x00, 0x02, 0x00, 0x66, 0x00, 0x66,
  0x00, 0x01, 0x00, 0x7f, 0x00, 0x88, 0x00, 0x01, 0x00, 0x04, 0x00, 0x00,
  0x00, 0x02, 0x00, 0x00, 0x00, 0x01, 0x00, 0x00, 0x00, 0x01, 0x00, 0x00,
  0x00, 0x00, 0x00, 0x01, 0x00, 0x00, 0x00, 0x00, 0xe3, 0xa2, 0xe2, 0xb1,
  0x00, 0x00, 0x00, 0x00, 0xd6, 0x13, 0xc2, 0x80, 0x00, 0x00, 0x00, 0x00,
  0xe6, 0x46, 0x38, 0x71
};
static const unsigned int vt100_font_ttf_len = 34816;
